PatientID,VisitDate,SystolicBP,DiastolicBP,CholesterolTotal,CholesterolLDL,CholesterolHDL,CholesterolTriglycerides,MMSE,FunctionalAssessment,MemoryComplaints,BehavioralProblems,ADL,Confusion,Disorientation,PersonalityChanges,DifficultyCompletingTasks,Forgetfulness,Diagnosis
5394,03/14/2024,93,112,213.7,94.38,42.54,262.89,3.9,7.6,0,0,1.71,0,0,0,0,0,Non-AD
6036,2023-09-06,146,88,191.44,87.42,97.22,163.93,26.3,7.61,0,0,7.79,0,0,1,0,0,Non-AD
6065,2024-02-16,163,86,260.15,87.63,38.6,55.38,6.3,6.24,0,1,9.65,0,0,0,0,0,Non-AD
6471,2023-10-20,147,118,249.36,100.45,76.16,330.94,3.1,7.94,0,1,3.38,0,0,1,0,0,AD
5906,2023-08-04,157,94,209.22,161.06,41.67,134.08,19.6,0.54,0,1,5.04,0,0,0,0,1,AD
5785,2023-01-07,119,74,258.49,183.19,51.23,73.15,12.0,9.72,0,0,0.46,0,0,0,0,0,Non-AD
4984,2023-10-14,111,87,150.46,131.39,76.48,273.45,26.8,1.28,0,0,5.02,0,0,0,0,0,Non-AD
6661,2024-07-30,137,101,239.36,147.73,60.7,190.19,14.8,3.46,0,0,7.76,0,0,1,0,0,Non-AD
5403,2024-06-28,118,94,291.03,157.86,24.65,200.46,26.3,8.72,0,1,6.14,0,1,0,0,1,Non-AD
4983,2023-11-27,138,89,154.39,69.76,63.33,365.53,3.1,0.78,1,0,2.33,0,0,1,0,0,AD
6765,2023-09-22,94,81,291.84,115.0,87.45,215.27,12.2,9.26,0,0,5.47,0,1,0,0,0,Non-AD
5207,2024-02-09,132,96,275.82,159.76,28.38,99.87,24.4,0.46,0,1,7.4,0,0,0,0,0,Non-AD
5446,2023-08-06,163,103,235.45,60.71,78.08,177.28,4.8,7.14,1,0,2.56,0,1,0,0,0,AD
6632,2023-03-13,147,116,291.45,74.21,29.76,368.02,20.8,6.94,1,0,1.98,0,0,0,1,0,AD
6567,2023-09-17,178,63,245.43,59.97,65.03,282.91,22.2,5.79,1,0,5.58,0,0,1,0,0,Non-AD
6146,05/17/2024,176,63,242.85,115.81,37.95,391.64,3.7,5.04,0,0,1.71,0,1,0,0,0,Non-AD
6091,2023-01-16,90,109,282.44,109.58,35.64,303.85,7.0,7.11,0,0,8.91,1,0,0,0,0,Non-AD
5075,2024-07-15,124,96,196.54,86.63,99.51,357.69,24.5,7.75,0,0,8.64,0,0,0,0,0,Non-AD
6172,2023-04-02,112,107,251.01,155.31,78.94,316.18,14.5,0.3,1,0,4.44,0,0,0,0,0,AD
4889,2024-04-29,146,96,220.02,70.23,32.52,287.04,5.1,1.07,0,0,7.38,0,0,0,0,1,Non-AD
6164,2023-11-11,106,93,264.34,64.84,69.73,126.99,10.5,9.57,0,0,5.12,1,1,1,0,0,Non-AD
5204,2024-08-09,127,84,158.79,188.85,35.38,74.11,29.8,5.04,0,0,0.36,1,1,0,0,1,Non-AD
4932,2023-10-01,154,91,157.47,129.1,48.66,153.43,5.4,9.12,0,0,6.63,0,0,1,0,0,Non-AD
6248,2023-11-07,143,100,287.14,140.85,77.68,331.96,19.7,3.7,1,0,0.43,0,0,0,0,0,AD
5757,08/16/2024,143,115,228.29,84.53,67.74,116.15,9.1,8.59,0,0,7.88,0,0,0,0,0,Non-AD
5509,2023-10-18,162,76,279.48,53.13,86.66,54.1,18.5,4.72,0,0,8.07,1,0,0,0,1,Non-AD
6290,2024-03-07,106,75,210.77,186.94,20.79,55.1,19.7,5.88,0,0,0.21,1,0,1,0,0,Non-AD
5963,2023-02-21,116,114,281.69,114.47,44.05,251.35,22.8,6.09,0,0,9.9,0,1,1,0,0,Non-AD
6631,2023-06-14,129,106,221.54,105.59,63.82,111.48,9.2,0.5,0,1,9.41,0,0,0,0,0,AD
5299,2024-06-03,100,89,249.45,58.88,67.12,379.22,11.5,5.58,0,0,9.75,0,0,0,0,0,Non-AD
5683,2024-06-26,97,78,266.64,156.35,71.42,308.89,21.7,3.29,1,1,5.08,0,0,0,0,0,AD
5639,2023-07-18,148,85,261.51,77.97,54.73,219.69,10.0,2.56,1,0,2.41,0,0,0,1,0,AD
5811,2023-12-23,120,110,164.37,64.85,44.09,202.05,10.2,6.66,0,0,7.38,0,0,0,0,0,Non-AD
6518,2024-07-02,158,78,297.18,185.12,63.71,142.87,14.4,5.22,0,0,6.16,1,0,0,0,0,Non-AD
5244,2023-10-10,155,65,157.02,188.9,21.25,68.75,20.3,1.3,0,0,5.65,0,0,0,0,0,Non-AD
6564,2024-04-18,119,114,181.1,194.35,66.97,102.78,14.1,5.61,1,1,7.21,0,0,0,0,0,AD
5861,2024-07-01,102,100,291.32,179.48,68.07,56.24,16.0,8.56,0,1,0.4,0,0,0,1,0,AD
5713,2023-03-15,161,77,200.95,134.97,90.33,340.03,6.3,2.85,0,0,0.33,0,0,1,0,0,AD
6213,12/22/2023,124,100,279.28,76.14,97.1,102.88,26.1,1.56,1,0,9.68,0,1,0,0,0,Non-AD
5483,03/05/2024,137,100,160.35,77.63,65.39,399.24,13.8,2.6,0,0,5.53,0,0,0,0,0,Non-AD
5531,2024-01-23,139,86,228.04,53.22,69.1,288.42,20.6,5.57,0,0,0.23,0,0,0,0,1,Non-AD
5183,2024-07-17,128,84,249.66,111.58,91.66,160.98,21.4,2.78,0,0,5.68,0,0,0,0,0,Non-AD
5473,2024-08-12,95,87,191.67,125.65,97.25,180.03,21.5,4.59,1,1,6.85,1,0,0,0,0,AD
5482,2024-08-13,93,104,246.94,158.54,55.55,275.68,2.5,1.76,1,0,4.88,0,0,0,0,1,AD
5015,2023-03-24,159,109,283.13,143.46,51.59,365.5,1.1,4.59,0,1,8.68,0,0,0,0,0,AD
6467,2023-03-09,114,80,280.79,60.46,48.86,165.47,23.6,9.99,0,0,9.62,0,0,1,0,1,Non-AD
5395,2023-12-23,63,149,177.17,192.41,24.41,124.73,,7.38,0,0,7.08,0,0,0,0,1,Non-AD
5060,2023-08-25,117,72,262.52,96.54,74.37,62.31,15.4,9.9,0,0,4.32,0,0,0,0,0,Non-AD
5292,2024-03-26,95,111,229.44,111.41,35.47,50.41,20.5,2.45,0,0,9.93,0,0,0,0,1,Non-AD
5987,01/01/2023,113,69,268.44,52.5,62.95,253.63,21.0,1.54,0,0,5.71,1,0,0,1,0,Non-AD
5443,2024-07-06,132,66,271.49,189.17,53.87,263.8,13.6,1.15,1,0,7.23,0,1,0,0,0,AD
6247,2024-02-07,131,103,281.84,180.39,73.13,304.25,20.9,6.43,1,0,3.27,0,0,0,0,0,AD
5257,2024-01-01,127,95,299.31,142.89,41.99,97.04,23.8,7.62,0,0,3.93,0,0,0,0,0,Non-AD
5304,2024-02-03,142,94,223.75,84.42,27.25,244.74,,9.8,0,0,5.07,0,0,0,0,0,Non-AD
6827,2023-02-09,96,69,285.0,111.91,63.31,273.04,3.7,1.86,0,1,5.32,0,0,0,0,0,AD
6055,2024-04-21,172,105,209.11,147.61,52.28,311.27,12.7,5.61,0,0,0.94,0,0,0,0,0,Non-AD
4925,08/12/2024,131,96,220.94,125.94,98.07,366.92,7.3,1.79,0,0,5.76,1,0,0,0,0,Non-AD
6660,2024-02-07,90,80,267.77,182.67,29.29,377.18,27.2,6.91,1,1,7.87,0,0,1,1,0,Non-AD
5809,2024-02-23,103,116,274.66,106.94,74.59,77.78,26.2,5.82,0,0,5.2,0,0,0,0,0,Non-AD
6614,2024-01-25,106,71,151.14,104.34,52.94,168.13,20.2,3.66,0,0,8.83,0,0,1,1,1,Non-AD
5500,2023-09-16,178,103,279.97,72.83,33.95,322.4,3.3,5.98,0,1,5.76,1,1,0,1,1,Non-AD
5512,2023-12-09,97,88,198.58,54.69,35.0,395.2,25.7,7.42,0,0,4.59,0,0,0,0,1,Non-AD
5128,2024-01-07,139,89,199.54,175.95,78.6,395.17,4.0,5.5,0,0,9.87,0,0,1,0,0,Non-AD
5853,2023-02-18,100,88,194.9,86.87,93.72,360.45,3.7,5.19,0,0,9.16,0,0,1,0,0,Non-AD
6053,02/22/2024,148,65,199.06,65.15,67.75,305.02,10.5,7.3,0,0,9.22,0,0,0,0,0,Non-AD
6764,2024-05-07,112,100,252.71,125.72,51.24,343.83,18.3,1.96,0,0,3.3,0,0,0,0,1,AD
4852,2024-04-13,140,110,154.33,53.21,60.4,230.15,26.0,3.58,0,1,5.07,0,0,0,0,1,Non-AD
6590,2024-03-27,100,92,252.03,119.45,48.25,302.46,19.6,9.94,0,0,7.7,0,1,0,1,1,Non-AD
6491,2024-04-18,155,72,157.54,92.58,68.44,368.14,29.2,6.08,0,0,3.98,1,0,0,0,1,Non-AD
6130,06/21/2024,117,67,221.02,75.87,99.26,256.77,,0.46,1,0,7.82,0,0,0,0,0,AD
5267,01/22/2023,122,77,292.46,61.18,39.43,313.05,,2.97,0,1,5.56,1,0,0,0,0,Non-AD
5487,2023-10-29,172,88,247.0,113.08,58.71,235.17,0.5,2.73,0,0,4.51,0,0,0,0,0,AD
6663,2023-04-03,101,73,208.03,71.44,23.83,118.55,27.2,6.14,0,0,3.76,0,0,0,1,1,Non-AD
4787,2023-12-19,97,60,227.3,91.44,85.49,344.72,14.1,0.31,1,0,8.74,1,0,0,0,0,AD
6430,2023-08-30,127,79,175.21,57.22,70.09,291.54,7.6,0.01,0,0,7.78,0,0,0,0,1,Non-AD
5374,2023-03-15,124,98,245.38,85.57,82.26,187.35,5.0,9.62,0,0,5.99,1,0,0,0,0,Non-AD
6710,2023-01-27,179,84,171.36,115.66,67.43,313.07,17.2,8.73,0,0,4.87,0,0,0,1,0,Non-AD
5538,2023-02-05,126,117,154.55,73.58,43.17,149.89,25.5,1.67,0,0,8.29,0,0,0,0,0,Non-AD
6332,2023-11-12,96,73,217.41,101.44,62.59,215.01,7.9,2.05,1,0,2.42,1,0,0,0,1,AD
6487,2024-02-10,90,64,162.07,62.17,77.72,176.07,8.0,0.48,1,0,0.02,0,0,0,0,1,AD
6549,2024-01-16,154,95,167.37,106.73,26.39,355.77,18.2,4.02,1,0,1.64,0,0,0,0,0,AD
5206,2023-10-09,129,62,191.76,183.22,64.38,278.5,11.1,5.54,1,1,9.03,0,0,0,0,0,AD
4831,2023-01-14,132,110,269.63,112.51,84.54,93.35,16.0,7.85,0,0,9.48,1,1,0,0,0,Non-AD
5116,07/30/2023,99,91,150.21,119.25,84.0,122.32,20.4,0.48,0,0,0.7,1,0,0,0,0,AD
5944,2023-01-26,157,67,175.07,129.68,66.24,393.24,7.0,8.26,1,0,5.85,0,0,1,0,0,Non-AD
6693,2023-06-07,121,97,296.29,146.17,89.64,147.14,25.3,6.57,1,0,1.58,1,0,1,1,0,Non-AD
4864,2024-03-16,129,70,240.09,84.49,83.17,81.98,16.6,1.1,0,0,1.42,1,0,0,0,0,AD
6786,04/02/2024,154,92,211.95,186.24,76.73,380.7,21.1,3.97,1,0,6.09,0,1,1,0,0,AD
6369,2023-10-25,108,73,157.18,66.63,26.53,184.23,27.5,2.79,0,0,0.33,0,1,0,0,0,Non-AD
4857,11/05/2023,163,81,243.92,55.58,77.77,194.03,8.2,3.96,1,0,8.04,1,0,0,0,0,AD
5096,05/09/2023,172,78,214.76,98.35,41.08,68.95,10.0,6.89,0,0,5.28,1,0,0,0,0,Non-AD
5220,2023-01-21,165,93,242.73,95.61,73.22,388.44,20.6,5.02,0,0,1.16,0,0,0,1,1,Non-AD
6363,2024-04-27,169,79,198.58,100.37,47.16,163.03,6.0,1.83,0,0,7.39,0,0,0,0,0,Non-AD
4875,2023-11-24,130,94,278.36,180.09,60.94,56.73,11.0,9.71,0,0,5.73,0,0,0,0,0,Non-AD
6495,2024-05-14,106,71,189.52,197.24,66.2,397.8,17.6,7.49,1,1,9.04,0,0,0,1,0,AD
5486,2023-06-27,130,100,284.83,54.49,96.52,315.04,23.8,9.33,0,0,8.02,1,0,0,0,0,Non-AD
6260,2024-03-31,107,70,277.84,130.25,49.84,379.47,14.2,1.55,0,0,6.37,0,0,0,0,0,Non-AD
5601,03/18/2024,169,91,194.46,74.61,41.59,86.65,11.8,8.75,0,0,9.05,0,0,0,0,0,Non-AD
5447,08/11/2023,127,87,294.64,113.98,32.68,274.87,3.9,8.68,0,0,6.14,0,0,0,0,0,Non-AD
5379,2023-01-01,94,64,227.92,165.57,39.94,344.55,20.3,7.49,0,0,2.42,1,1,0,0,1,Non-AD
5748,01/24/2023,144,118,258.8,181.66,76.01,217.65,27.1,0.04,0,1,5.17,0,0,1,1,0,Non-AD
6700,2023-04-13,117,119,192.86,93.43,91.17,162.3,18.1,3.67,0,0,9.18,0,0,0,0,0,Non-AD
5200,2023-04-07,108,103,154.77,186.06,47.77,364.46,5.2,6.57,0,0,6.88,0,0,0,0,0,Non-AD
6803,2023-03-25,96,86,208.75,131.49,85.42,125.0,0.2,0.35,0,0,7.64,0,0,0,0,0,Non-AD
6335,2024-05-27,179,80,296.61,151.76,83.54,174.91,24.7,0.22,1,0,4.47,0,0,0,0,1,Non-AD
5525,2023-12-12,99,71,235.01,59.31,43.35,355.89,11.8,3.75,0,0,8.08,0,0,0,0,0,Non-AD
5336,2024-01-28,149,80,231.69,170.0,58.58,77.27,2.3,2.95,0,0,9.02,0,0,1,0,1,Non-AD
5972,2024-03-13,94,107,227.78,83.01,63.7,340.78,20.6,8.99,0,0,0.82,0,0,0,0,1,Non-AD
5463,2023-04-05,94,116,181.76,99.54,72.35,121.94,17.6,9.72,0,0,5.65,1,0,0,0,0,Non-AD
6524,2024-04-28,114,77,237.87,166.41,74.35,359.46,16.9,6.8,1,0,4.54,1,0,1,0,0,AD
5821,2023-05-23,129,97,280.38,150.06,93.32,248.8,23.9,3.61,0,0,1.48,0,1,0,0,0,AD
6373,2024-06-14,171,104,221.88,87.7,87.19,95.57,7.7,5.78,1,0,8.15,0,1,0,0,0,Non-AD
5032,2023-07-03,125,111,190.46,75.55,39.53,315.84,24.1,0.3,0,0,7.54,0,1,0,0,1,Non-AD
5908,2023-07-18,117,103,226.51,108.69,48.45,76.51,23.1,3.55,0,1,1.28,0,0,0,0,1,AD
5246,2024-07-01,122,92,158.22,54.35,90.05,262.34,12.2,1.81,0,1,7.92,0,0,0,0,0,AD
6836,2023-12-03,172,105,191.6,178.78,34.7,71.7,20.8,0.88,1,0,3.82,0,0,0,0,1,AD
6199,2023-09-02,126,96,250.08,141.76,20.94,309.01,26.5,9.3,0,0,9.09,0,1,1,0,0,Non-AD
5803,2023-04-14,158,78,165.02,97.99,81.06,160.51,23.2,9.36,0,0,7.86,1,1,0,0,0,Non-AD
5794,2023-10-15,141,88,183.55,117.96,49.93,177.9,10.2,3.94,1,0,2.08,0,0,0,0,1,AD
6324,2023-05-06,144,100,208.73,68.24,24.08,315.65,14.0,6.52,1,0,0.0,0,0,0,0,1,AD
5992,05/14/2024,146,73,168.4,181.25,35.13,232.7,23.2,8.49,0,0,0.81,0,0,0,0,1,Non-AD
5255,2023-08-20,124,98,266.02,196.89,23.73,228.58,14.7,2.12,0,0,3.39,1,0,0,0,0,AD
6834,2024-07-25,120,102,214.74,194.3,73.59,336.86,15.3,8.83,0,0,5.23,1,0,0,0,0,Non-AD
5635,2024-08-04,146,103,177.66,107.33,88.3,200.05,1.5,7.46,0,0,2.67,0,0,0,0,0,Non-AD
6673,2023-08-09,153,84,164.69,97.15,41.42,258.07,7.2,4.83,1,0,1.27,1,0,0,0,0,AD
4775,10/20/2023,153,81,239.26,198.45,37.71,297.5,13.0,2.48,1,1,0.37,0,0,0,0,0,AD
6776,08/08/2024,105,63,215.08,167.01,43.16,347.47,6.3,0.98,0,0,7.48,0,1,1,1,0,Non-AD
6377,2023-08-15,116,100,157.34,63.04,20.42,393.71,,4.45,0,0,5.73,0,0,0,0,1,Non-AD
5582,04/21/2023,155,103,241.42,77.24,40.48,105.39,29.0,8.32,0,0,9.56,0,0,0,0,1,Non-AD
6502,2024-03-22,149,71,169.47,60.39,61.88,127.47,18.1,4.81,0,1,3.11,0,0,0,0,0,AD
6022,2024-06-12,90,81,162.94,135.23,27.18,62.17,16.0,5.67,0,0,6.21,0,0,0,0,0,Non-AD
6190,12/09/2023,144,96,237.41,82.31,90.64,214.98,2.6,7.97,0,0,9.22,0,1,0,0,0,Non-AD
5040,2023-10-14,166,109,250.48,62.68,31.94,236.68,2.2,4.18,0,0,1.75,0,0,0,0,0,AD
6140,2023-10-13,158,74,242.28,132.91,89.65,273.19,10.1,3.85,0,0,0.7,0,0,0,0,0,AD
6420,2023-02-17,93,105,278.91,186.18,76.47,386.41,19.5,5.51,0,1,4.06,0,0,0,0,0,AD
5765,2023-08-10,151,104,210.21,59.61,65.14,256.12,9.1,2.8,0,0,8.8,0,0,0,0,1,Non-AD
5933,02/27/2024,143,103,281.14,167.15,73.51,254.43,4.2,5.21,0,0,6.46,0,0,0,1,1,Non-AD
6668,2023-10-08,177,83,291.86,162.95,27.16,152.1,14.0,4.99,1,0,6.04,0,0,0,0,0,AD
4967,01/08/2024,117,108,172.33,82.35,71.07,187.32,8.8,6.73,0,0,8.81,0,0,1,0,0,Non-AD
5994,2023-06-07,155,73,216.2,82.93,62.9,272.55,1.5,3.2,0,0,4.11,1,0,0,1,1,AD
6204,2024-03-14,125,87,230.69,169.92,90.48,92.77,8.1,9.85,0,1,3.74,0,1,0,0,0,AD
6492,2023-10-09,134,77,234.31,190.89,81.72,233.92,10.1,8.9,0,0,6.07,0,0,0,0,1,Non-AD
5046,2023-01-05,106,104,240.77,93.99,59.2,351.41,27.7,7.32,0,0,4.78,0,0,0,0,0,Non-AD
4757,2024-03-18,143,88,263.73,52.47,66.53,216.49,,6.06,0,0,9.24,0,0,0,0,1,Non-AD
5927,2023-11-10,112,78,240.68,191.6,28.33,156.68,27.6,7.97,1,0,7.03,1,0,0,1,0,Non-AD
5022,2023-01-17,165,118,223.04,186.28,40.63,114.99,19.7,9.7,0,0,4.64,0,0,0,0,0,Non-AD
5308,2023-06-06,152,102,276.31,162.76,74.91,90.64,14.5,9.43,0,1,3.65,0,0,0,0,0,AD
5309,2024-05-28,102,133,248.74,77.2,23.92,249.45,19.3,0.09,0,0,4.03,1,0,0,0,0,AD
5367,2023-08-15,148,64,214.84,158.51,57.44,50.78,8.9,6.66,0,0,1.25,0,0,0,0,1,Non-AD
5627,2024-03-05,147,107,172.47,133.37,85.83,392.81,3.0,8.86,0,0,7.15,0,0,0,0,0,Non-AD
5709,2023-01-20,157,109,165.64,87.91,42.81,123.76,14.2,3.16,0,0,3.17,0,0,0,1,0,AD
5087,2023-07-08,140,85,180.35,99.1,23.27,360.52,8.5,4.6,0,0,8.21,1,0,0,0,0,Non-AD
6427,2023-10-08,151,105,255.65,144.54,68.25,162.31,18.7,1.13,0,0,6.47,1,1,0,0,1,Non-AD
6261,2023-06-03,111,86,298.6,75.45,36.96,279.33,13.9,0.65,0,0,0.98,0,0,0,0,0,AD
5222,2024-08-12,105,88,265.88,61.46,69.54,82.64,11.0,8.21,0,0,8.12,0,0,0,0,0,Non-AD
5606,11/09/2023,140,90,156.23,130.83,42.18,231.2,6.3,0.22,0,0,0.25,0,0,0,0,0,AD
5178,2023-02-20,107,79,162.41,66.54,68.87,133.02,3.4,8.02,0,0,8.33,1,0,0,0,0,Non-AD
6376,2024-01-23,162,91,262.46,142.45,20.06,90.09,28.6,4.22,1,0,5.3,1,0,0,1,0,Non-AD
4897,2023-10-12,158,110,198.11,132.43,44.27,60.59,7.9,5.06,0,0,1.66,0,0,1,0,0,Non-AD
6519,2023-02-01,157,97,287.17,85.44,65.16,197.21,25.4,3.18,1,0,0.02,0,1,0,0,0,Non-AD
6313,2024-02-16,122,110,162.89,174.8,94.96,279.29,14.6,2.13,0,1,7.43,0,0,0,0,0,Non-AD
6304,2023-02-26,90,94,176.48,181.7,95.25,245.07,27.5,0.43,0,0,4.46,0,1,0,1,0,Non-AD
4784,2023-12-26,90,64,236.37,196.2,33.77,102.97,15.0,3.38,0,0,8.86,0,0,0,0,0,Non-AD
5914,2024-07-24,163,64,290.16,123.64,41.71,260.53,5.5,4.05,0,0,7.9,0,0,0,1,1,Non-AD
6616,2023-12-07,93,92,251.64,170.46,43.75,272.37,17.6,9.72,0,0,6.64,1,0,1,0,0,Non-AD
5208,2023-03-14,115,117,192.36,80.35,47.03,386.58,16.5,5.38,0,1,0.87,0,0,0,1,1,AD
4993,2023-11-11,127,87,256.04,124.93,93.17,317.18,26.4,4.61,0,0,9.89,0,0,0,0,1,Non-AD
5678,2024-07-06,113,66,213.42,101.96,52.67,177.04,23.0,1.97,1,0,8.05,0,1,0,0,0,AD
6023,2023-07-18,110,96,236.88,157.6,84.48,53.32,17.2,7.98,0,0,5.89,0,0,1,0,1,Non-AD
4863,2024-07-20,155,87,203.94,177.13,62.61,272.12,16.2,7.72,0,0,2.11,0,0,0,1,1,Non-AD
6126,05/03/2024,142,86,209.74,97.21,44.08,255.85,11.7,6.33,0,0,9.33,1,0,0,0,0,Non-AD
6046,2023-02-24,147,93,264.62,153.06,59.83,226.91,5.8,3.59,0,0,8.47,0,1,0,1,0,Non-AD
5278,11/27/2023,108,66,154.66,189.44,30.14,57.73,17.0,0.11,0,0,9.29,0,0,0,1,0,Non-AD
6478,2023-08-16,159,87,176.27,121.31,37.94,100.43,11.1,7.39,0,0,7.57,0,0,0,0,0,Non-AD
6341,2024-08-03,157,63,275.1,187.2,38.09,79.09,25.2,4.24,0,0,8.94,1,0,0,0,0,Non-AD
5881,06/19/2024,124,118,295.21,175.6,61.73,62.16,28.5,1.96,0,0,4.03,0,0,0,0,0,Non-AD
6794,2023-04-23,120,64,248.44,123.41,64.65,206.08,23.0,3.31,0,0,4.48,0,0,0,0,0,Non-AD
6696,2023-04-06,168,78,293.21,85.33,65.43,398.29,22.3,7.35,0,0,4.39,0,1,0,0,0,Non-AD
6428,2024-02-01,123,108,221.74,102.5,44.17,381.45,6.6,4.53,1,0,8.12,1,0,0,0,0,AD
6457,2023-11-18,147,100,168.79,60.92,81.31,210.96,7.3,9.21,1,1,8.56,0,0,1,0,0,AD
4834,07/22/2023,96,100,184.86,116.81,46.36,157.23,28.8,0.28,1,0,7.58,0,0,0,0,0,Non-AD
6609,2023-06-05,135,93,246.31,108.33,42.16,310.81,28.5,9.35,0,0,3.97,1,0,0,0,0,Non-AD
5810,05/30/2024,122,112,205.89,182.13,63.13,167.38,28.6,0.98,0,1,7.09,0,0,0,0,0,Non-AD
6257,08/06/2024,114,98,223.34,162.89,50.08,173.25,,3.16,0,0,4.23,1,0,0,0,1,Non-AD
6644,2023-04-13,110,110,282.98,150.24,31.92,397.67,20.7,8.57,0,0,0.24,0,0,0,0,1,Non-AD
5184,2023-08-10,174,108,269.66,58.55,62.52,50.46,6.1,2.57,1,0,5.52,0,0,1,1,0,AD
6281,2023-07-08,93,93,172.47,103.29,98.52,258.8,24.6,2.92,0,1,4.74,0,0,0,0,1,Non-AD
5633,2024-02-20,126,102,265.89,189.45,60.9,125.49,23.9,2.34,0,0,7.86,0,0,0,0,0,Non-AD
5880,2023-03-08,168,77,156.1,151.92,79.69,323.4,6.1,0.18,0,0,1.3,0,0,1,0,0,AD
5595,2023-10-18,177,61,273.79,140.33,35.85,287.18,5.6,8.55,0,0,8.84,0,0,0,0,0,Non-AD
9005,2024-07-23,94,117,237.6,92.87,56.87,291.2,13.5,6.05,0,0,0.01,0,0,1,1,0,Non-AD
4933,2024-05-28,169,101,287.96,74.49,48.73,239.76,8.0,9.23,0,1,6.68,0,0,0,0,0,Non-AD
6272,2023-08-03,124,65,277.61,99.43,81.3,165.28,23.5,4.2,0,1,0.18,1,1,1,0,0,AD
6138,2024-01-11,95,109,201.55,54.39,93.31,272.29,9.4,9.44,0,0,4.67,1,0,0,1,0,Non-AD
5548,2023-07-04,101,85,152.3,61.82,82.63,367.83,3.5,9.42,1,0,7.73,0,0,0,0,0,Non-AD
6751,2024-03-13,134,99,156.97,57.55,46.49,351.13,6.1,7.58,0,0,3.31,0,1,0,0,1,AD
6623,2023-08-08,165,62,214.14,197.47,48.27,145.51,29.6,2.14,0,1,0.05,0,0,0,0,1,Non-AD
6178,2024-06-19,129,113,271.85,136.09,68.98,163.55,8.4,8.2,0,1,2.46,0,0,0,0,0,AD
6202,2023-09-10,97,70,213.88,172.71,24.04,238.87,4.5,4.95,0,0,7.88,0,0,0,1,1,Non-AD
5303,01/18/2024,62,101,254.68,98.88,70.88,219.8,23.2,7.77,0,0,7.91,0,0,0,0,1,Non-AD
6316,2024-08-05,176,75,243.92,197.12,55.25,192.87,26.5,0.07,0,0,3.03,1,0,1,0,0,Non-AD
6511,2023-07-26,137,86,159.47,147.75,64.98,334.76,2.0,9.36,1,0,5.06,0,0,0,0,0,Non-AD
5150,2023-05-14,140,79,186.91,116.85,44.14,329.9,3.3,6.95,0,1,8.28,0,0,0,0,0,Non-AD
6321,2024-08-09,109,75,222.35,136.25,71.07,197.99,2.0,7.02,0,0,3.19,1,0,1,1,0,Non-AD
6275,2023-07-27,153,75,196.85,114.58,93.8,306.72,26.9,9.37,0,0,9.96,1,0,0,0,0,Non-AD
5108,2023-01-14,160,77,247.56,160.79,24.9,297.81,25.7,0.29,0,0,5.29,1,0,0,0,1,Non-AD
5719,2023-07-22,111,117,273.07,193.7,28.37,129.18,14.1,0.11,0,0,1.72,0,0,0,0,0,AD
6224,2023-09-21,153,118,292.81,183.56,99.33,279.54,6.9,1.58,1,0,8.47,0,0,0,1,0,AD
6608,2024-03-14,176,103,211.64,94.36,44.11,308.61,8.7,2.55,0,0,0.1,0,0,0,0,1,AD
6323,2024-07-25,102,73,235.27,52.06,75.88,103.09,26.3,8.81,0,0,1.3,1,0,0,0,1,Non-AD
6236,2023-12-28,120,79,291.93,105.03,88.31,64.4,12.2,6.9,0,1,7.99,0,0,0,0,0,Non-AD
5605,2024-05-23,106,86,289.63,91.09,43.03,98.99,8.8,3.32,0,0,7.04,0,0,0,1,0,Non-AD
6131,06/17/2024,137,64,276.16,56.58,99.26,137.45,6.4,6.08,0,0,6.82,0,1,0,0,0,Non-AD
5543,2023-06-29,175,87,230.96,143.46,25.99,72.61,0.1,4.79,1,0,9.43,1,0,0,0,0,AD
4827,2023-06-01,126,90,206.9,52.76,39.83,244.35,22.6,5.82,0,0,3.3,1,0,0,0,1,Non-AD
5516,2024-04-27,120,94,156.93,87.09,34.11,324.55,10.0,6.79,0,0,8.51,0,1,0,0,0,Non-AD
5640,05/22/2023,133,108,180.39,116.59,37.67,139.0,29.9,2.82,0,0,3.57,0,1,1,0,1,Non-AD
6392,2023-11-29,133,60,253.53,169.22,36.26,109.46,11.1,1.72,0,0,1.19,0,0,1,1,0,AD
5895,2023-04-23,169,108,235.27,95.6,97.68,118.37,12.7,0.31,1,0,0.63,0,0,0,0,1,AD
5415,11/20/2023,163,112,202.0,178.93,86.81,302.3,20.7,7.81,0,1,5.55,0,0,0,0,0,Non-AD
6425,2023-09-29,159,118,151.59,106.87,98.15,327.33,9.5,2.51,0,0,7.66,0,0,0,0,1,Non-AD
5780,2023-06-14,178,107,196.35,140.7,65.98,240.38,7.8,3.59,0,0,0.32,0,0,0,0,0,AD
6234,2023-07-02,131,79,210.36,156.96,82.58,369.54,27.1,4.61,0,0,9.08,1,0,0,0,1,Non-AD
6176,05/16/2024,81,141,156.05,54.9,64.61,357.09,28.1,1.28,0,0,0.8,0,0,0,0,1,Non-AD
5599,2023-05-20,136,113,264.75,167.21,28.05,345.65,2.7,5.14,1,0,5.53,0,0,0,0,0,Non-AD
5846,2024-01-29,128,112,239.08,137.39,23.91,164.04,11.7,0.3,1,0,5.59,0,0,0,0,1,AD
6691,2023-11-23,168,109,203.52,104.38,94.83,105.93,6.4,1.3,0,0,0.45,1,0,0,0,0,AD
6718,2024-03-23,143,113,263.54,105.53,53.68,191.69,23.5,6.42,0,0,9.24,0,1,0,0,1,Non-AD
6329,10/18/2023,107,123,250.45,151.66,98.81,362.14,12.6,5.19,1,0,6.85,1,0,0,0,0,Non-AD
5594,2023-02-03,75,131,211.38,113.79,45.76,276.8,4.8,8.62,0,0,7.8,0,0,0,0,0,Non-AD
4755,2024-07-23,94,117,237.6,92.87,56.87,291.2,13.5,6.05,0,0,0.01,0,0,1,1,0,Non-AD
5968,03/17/2024,108,92,159.18,94.35,51.08,156.68,10.4,5.23,1,0,0.33,0,0,0,0,1,AD
6733,2024-02-12,166,114,167.73,92.19,78.95,147.41,16.9,5.49,0,1,5.02,0,0,0,0,1,AD
6559,2023-08-05,130,86,264.9,58.98,45.49,273.4,6.8,10.0,0,1,7.82,0,0,0,0,0,Non-AD
5417,2024-08-05,155,94,151.16,195.5,69.31,244.28,21.8,0.43,1,0,0.42,0,0,1,0,1,AD
9002,2023-05-23,115,64,231.16,193.41,79.03,294.63,20.6,7.12,0,0,2.59,0,0,0,0,1,Non-AD
6399,2024-07-01,117,115,240.74,126.4,71.2,386.18,14.6,0.14,0,0,1.07,0,0,0,0,0,AD
5965,2024-02-09,123,111,205.04,73.8,72.22,329.83,12.5,9.02,0,0,1.11,1,0,0,0,1,Non-AD
6489,2023-07-31,145,79,282.33,187.54,34.49,52.25,9.3,0.33,0,0,5.3,0,0,1,0,0,Non-AD
6390,2023-08-02,145,74,150.75,94.83,88.09,72.34,2.0,1.06,1,0,2.18,0,0,0,1,1,AD
5762,04/15/2024,152,71,192.88,78.62,50.48,285.42,23.4,7.9,1,0,8.87,0,0,0,0,0,Non-AD
5580,2023-11-05,166,111,294.86,57.44,47.12,353.95,8.0,0.43,0,0,1.2,0,0,0,0,1,AD
5036,2023-06-28,109,78,186.26,90.42,34.49,294.64,28.9,2.85,0,0,7.89,0,0,0,0,0,Non-AD
5030,2023-09-29,179,67,211.21,172.33,40.38,257.14,24.8,9.25,0,0,8.6,0,0,0,0,0,Non-AD
6097,2024-02-13,121,68,243.19,194.71,31.21,156.64,4.5,8.11,0,0,2.75,0,1,1,1,0,Non-AD
5844,2024-05-08,155,79,174.42,168.56,27.79,147.15,27.8,0.58,0,0,7.09,1,0,0,1,0,Non-AD
6250,2023-11-11,143,87,262.77,106.64,60.25,397.86,6.9,9.16,0,0,1.25,0,0,0,0,1,Non-AD
5752,02/08/2023,160,66,259.33,83.18,83.92,282.94,19.3,4.31,0,0,4.42,0,0,0,0,0,AD
5333,06/30/2023,148,94,236.63,164.19,98.0,294.03,5.1,5.64,1,1,4.03,1,0,0,0,0,AD
5717,2023-07-23,136,95,274.24,66.14,94.73,76.17,8.7,4.36,0,0,6.35,0,0,0,0,1,Non-AD
5847,2023-12-18,131,102,273.99,163.38,91.31,274.56,3.5,6.87,0,0,0.08,1,0,1,0,0,Non-AD
5157,2023-01-09,163,100,215.1,198.87,92.68,65.85,1.7,5.51,0,1,9.9,0,0,0,0,1,Non-AD
4982,2023-10-12,128,88,233.9,196.96,78.01,150.16,15.7,7.32,0,0,0.75,0,0,0,1,0,Non-AD
6627,2023-08-26,93,71,258.09,72.78,39.38,353.65,18.0,8.73,1,0,7.45,0,0,0,0,0,Non-AD
6625,2024-07-11,110,101,152.88,105.63,83.79,161.55,22.3,4.54,1,1,5.59,0,0,0,0,0,AD
4951,2023-04-24,158,82,275.16,157.06,40.71,282.79,12.5,2.76,0,0,4.04,0,1,0,1,0,AD
6014,2023-01-10,111,74,279.68,133.42,21.54,195.77,14.7,5.72,1,0,1.64,0,0,0,0,1,AD
5912,2023-04-06,104,80,215.48,113.15,28.75,297.85,9.9,6.87,0,0,3.77,0,0,0,0,0,Non-AD
5371,2023-07-10,142,82,194.83,167.52,47.9,330.52,3.3,0.5,0,0,0.01,0,0,0,0,1,AD
6876,2024-08-13,165,106,276.04,176.46,78.3,251.81,2.8,6.56,1,0,5.92,0,0,0,0,1,AD
5522,2023-12-02,123,93,244.66,80.04,29.67,151.62,11.1,9.29,0,0,4.51,0,0,0,1,0,Non-AD
5590,2024-02-09,128,113,222.55,132.46,42.76,177.08,0.2,5.69,0,0,7.77,1,0,0,0,0,Non-AD
4796,2023-03-17,102,63,277.12,120.09,88.33,213.99,18.0,0.0,0,0,0.28,0,0,0,1,0,AD
5558,2023-08-20,129,65,297.59,175.81,99.77,207.3,19.2,9.73,1,0,9.5,0,0,0,0,1,Non-AD
4822,2024-01-28,130,80,296.95,136.95,62.41,321.75,18.7,9.22,1,0,3.68,0,0,0,0,0,AD
6181,2023-09-14,142,82,264.37,98.96,26.86,331.99,25.8,6.1,0,0,0.31,1,1,0,0,0,Non-AD
6865,2023-05-30,171,89,228.11,179.92,89.06,51.24,26.6,9.93,0,0,9.93,0,0,0,0,0,AD
6867,2023-05-16,90,111,220.16,80.17,21.36,366.58,25.7,2.37,0,0,5.25,0,0,1,0,0,Non-AD
6362,2023-11-03,101,87,235.0,151.47,47.93,374.72,6.4,0.6,0,0,0.95,0,0,0,0,0,AD
5279,2024-04-29,173,111,213.31,128.61,80.38,309.93,6.0,4.98,0,0,5.36,0,1,0,0,0,Non-AD
5363,2024-02-16,136,89,295.48,105.01,34.67,396.49,8.0,1.29,0,1,4.03,0,0,1,0,0,AD
5020,01/07/2023,154,88,201.36,67.44,25.91,321.02,19.2,9.06,0,0,1.19,0,0,1,0,0,Non-AD
5301,2023-04-15,91,87,203.14,118.14,28.99,279.14,13.8,4.28,0,0,9.68,0,0,0,0,1,Non-AD
4908,04/08/2023,155,79,165.98,145.48,58.58,348.44,6.0,0.26,0,0,8.55,0,0,0,0,0,Non-AD
6441,2024-01-08,154,67,233.67,50.47,46.06,220.79,16.4,3.97,1,0,2.86,0,0,0,0,1,AD
5511,2023-04-06,126,105,160.03,51.53,47.79,271.32,19.3,8.63,0,0,1.2,0,0,0,1,0,Non-AD
6238,2023-11-01,121,76,235.94,150.74,62.17,195.95,25.3,2.49,0,0,6.22,0,0,0,0,1,Non-AD
5824,2023-04-23,167,69,294.36,75.13,31.42,237.1,24.5,5.83,1,0,4.09,0,0,0,0,0,Non-AD
6206,08/05/2024,141,119,234.51,76.53,71.45,251.92,20.9,5.34,0,0,1.03,0,1,0,0,1,Non-AD
5977,2024-02-14,114,85,224.39,139.15,99.41,383.1,13.3,3.78,1,1,0.18,0,1,0,0,0,AD
5938,07/25/2024,146,76,188.71,143.13,77.29,312.13,13.1,7.73,0,0,7.29,0,0,0,0,0,Non-AD
4913,2024-05-07,136,76,264.56,115.35,48.82,399.89,-1.0,5.79,0,0,5.88,0,0,0,0,0,Non-AD
6093,2023-02-06,166,62,230.4,120.33,35.44,95.83,4.1,4.8,1,0,3.59,0,0,0,0,0,AD
6874,2023-03-27,137,114,176.3,115.4,33.09,376.49,20.7,8.47,0,0,6.59,0,0,0,0,0,Non-AD
6641,2023-08-25,173,108,214.8,83.02,36.59,352.74,13.7,9.12,0,0,5.03,0,0,0,0,0,Non-AD
5156,2024-02-04,138,65,224.29,119.03,56.33,374.71,16.9,9.87,0,0,3.89,0,0,1,0,0,Non-AD
5153,2023-08-26,106,69,206.78,94.0,64.9,131.39,29.3,1.78,0,1,5.28,0,0,0,0,1,Non-AD
5801,2023-11-21,155,77,183.83,139.75,96.52,240.83,25.2,5.97,0,0,8.55,0,0,1,0,1,Non-AD
6490,2024-04-04,167,77,245.08,147.66,72.05,299.7,4.0,9.24,0,0,7.64,1,0,0,0,0,Non-AD
5934,2024-01-07,135,75,154.31,99.28,83.31,201.16,26.9,9.93,0,0,9.68,0,0,0,0,1,Non-AD
6848,07/10/2023,105,74,289.19,121.9,79.32,201.77,7.5,0.42,0,1,5.34,0,0,0,0,0,Non-AD
6642,2023-07-18,104,64,293.7,63.34,39.48,130.93,0.3,9.05,1,0,5.83,1,0,0,0,0,Non-AD
6823,2024-01-19,165,94,261.48,191.21,94.96,307.69,20.2,7.8,0,0,0.04,0,0,0,0,0,Non-AD
6878,2023-12-01,164,109,272.55,157.44,80.04,367.32,4.5,1.41,0,0,1.48,0,0,0,0,0,Non-AD
6110,2024-01-04,126,116,222.37,177.67,32.01,228.57,25.4,8.5,0,0,9.2,0,0,0,0,0,Non-AD
6738,2023-05-25,160,84,263.55,150.88,81.98,294.27,14.0,8.22,0,1,1.11,0,0,0,1,0,Non-AD
6162,2023-01-24,165,92,195.09,173.16,76.97,289.49,0.7,8.78,0,0,0.85,1,0,0,0,1,Non-AD
5362,2024-05-12,143,96,237.3,57.56,48.38,187.14,11.4,7.02,0,1,4.85,0,0,0,0,1,AD
5332,2023-08-31,118,117,191.51,121.8,75.63,273.07,15.4,0.14,0,0,7.71,1,0,0,1,0,Non-AD
5107,2023-04-05,90,114,270.57,176.05,85.63,127.96,22.1,6.67,1,0,4.47,0,0,1,0,0,Non-AD
5657,2023-09-09,91,75,193.77,75.09,75.19,316.28,19.8,4.96,1,0,7.5,0,0,0,0,0,AD
5534,2023-09-19,164,102,174.64,174.64,54.43,273.94,25.8,9.89,0,1,1.99,0,0,0,0,0,Non-AD
5638,2024-03-26,128,64,201.41,148.17,71.61,367.06,11.2,9.64,1,0,8.81,0,0,1,1,1,Non-AD
5798,2024-06-30,102,67,270.42,99.63,89.24,358.15,7.4,3.12,0,0,6.62,1,0,0,0,0,Non-AD
5350,2023-09-11,138,64,175.76,50.48,21.7,250.74,11.8,8.92,0,0,6.65,0,0,0,0,1,Non-AD
5572,2024-06-30,106,104,257.83,164.7,21.1,306.8,21.6,9.11,0,0,2.61,0,0,0,1,0,Non-AD
5253,2024-07-22,166,108,220.84,65.84,34.76,345.56,16.0,4.96,0,0,1.2,0,0,1,0,0,AD
5397,2023-06-04,128,61,199.87,158.67,90.61,194.75,1.1,9.28,0,0,6.97,1,0,0,0,1,Non-AD
6243,2024-05-30,171,91,267.21,127.4,91.21,109.06,29.0,9.45,1,0,1.31,0,1,0,0,0,Non-AD
5000,2023-12-09,152,116,217.15,169.37,54.59,265.65,0.8,4.49,0,0,3.04,0,0,0,0,1,AD
5547,2023-02-17,172,68,223.22,79.56,48.98,158.3,3.5,4.1,0,0,8.21,0,0,1,0,1,Non-AD
5410,2024-07-02,159,112,150.81,174.09,86.51,108.94,8.4,3.8,0,0,0.23,0,0,0,0,1,AD
4991,2023-01-03,165,93,237.41,118.62,42.79,165.24,-1.0,5.47,0,0,1.77,0,1,0,1,0,Non-AD
6566,2023-08-13,115,110,160.89,61.32,29.42,370.98,1.0,8.0,1,0,2.76,0,0,0,0,0,AD
4970,2024-06-20,151,73,207.71,123.15,46.41,218.73,20.1,4.81,0,0,8.48,0,1,0,0,0,Non-AD
6530,03/26/2023,115,84,218.69,77.91,41.22,134.36,29.2,1.77,0,0,1.92,0,0,1,0,0,Non-AD
6113,2024-05-03,100,72,193.64,164.28,71.07,287.44,7.9,1.07,0,0,2.97,1,0,0,0,0,AD
6292,2023-05-18,178,62,291.02,88.63,84.82,145.19,8.2,1.2,0,0,0.74,0,0,0,0,0,AD
5436,2023-12-07,168,63,174.02,131.31,81.35,76.35,7.7,1.42,0,0,2.82,1,0,0,0,1,AD
5228,2024-06-19,166,78,210.83,177.32,24.84,360.02,28.3,6.31,0,0,6.87,0,1,1,0,0,Non-AD
6374,2024-03-03,179,67,274.52,95.68,26.9,179.91,6.9,3.59,0,1,6.84,1,0,0,0,1,AD
5979,2023-07-31,153,75,187.19,160.48,79.89,294.47,8.1,1.08,0,1,5.3,1,0,0,0,0,AD
6825,08/19/2024,178,103,248.98,52.13,38.54,108.26,11.0,6.04,0,0,8.1,0,0,1,0,0,AD
4894,2023-03-07,137,75,231.55,63.41,30.46,281.09,8.7,6.88,1,0,0.67,0,0,0,0,1,AD
6417,2023-09-30,108,113,292.23,165.41,45.86,393.74,24.4,2.14,1,0,5.33,1,0,0,0,0,Non-AD
4866,2023-01-28,172,114,180.46,89.27,77.69,279.99,2.8,4.77,0,0,0.35,1,0,1,0,0,AD
6309,2024-04-28,170,63,202.83,167.72,67.13,312.46,-1.0,6.45,0,1,5.88,0,0,0,0,0,Non-AD
6254,11/04/2023,124,80,211.82,111.39,77.29,96.56,15.4,0.96,0,0,7.0,0,0,0,0,0,Non-AD
6772,2024-02-27,106,68,226.68,180.68,28.93,254.23,2.2,8.15,0,0,7.33,1,0,0,0,0,AD
5588,2024-03-13,95,117,241.18,115.76,89.3,91.03,22.1,8.52,0,0,1.67,0,0,0,0,0,Non-AD
6364,10/11/2023,115,115,290.71,76.17,81.29,167.05,10.1,9.63,0,0,7.03,0,0,1,1,1,Non-AD
6068,2023-09-30,147,86,251.08,70.63,84.61,149.21,,4.41,0,0,3.03,0,0,0,0,0,AD
6712,2024-08-07,154,63,166.68,133.82,39.09,147.11,24.8,1.7,0,0,4.61,0,1,0,0,0,Non-AD
5918,2023-10-04,117,106,232.86,97.67,27.65,300.9,18.7,8.49,0,0,5.02,1,0,0,0,0,Non-AD
5773,2023-02-10,106,104,226.87,124.28,95.17,332.32,8.7,9.49,0,0,4.96,1,0,0,0,0,Non-AD
4988,2024-07-12,177,104,263.64,126.12,72.99,165.56,23.2,2.89,0,0,5.76,0,1,0,0,0,Non-AD
6214,2023-09-16,149,99,220.37,159.69,45.63,222.51,10.9,0.95,0,0,9.71,0,1,1,0,0,Non-AD
6163,2024-05-18,178,93,184.28,81.19,52.7,338.63,3.9,8.79,1,0,0.67,0,0,0,0,1,AD
5722,2023-11-23,136,98,183.84,63.44,25.25,280.25,15.3,3.42,1,0,5.53,0,0,0,1,0,AD
5772,2023-01-08,138,86,196.96,97.6,90.41,213.24,17.7,0.08,0,0,6.65,1,0,0,0,1,Non-AD
6073,2023-11-23,171,83,273.17,142.46,73.56,227.76,10.7,9.83,0,0,8.66,0,1,0,0,1,Non-AD
4952,04/16/2023,152,109,236.83,115.81,36.25,209.25,19.9,8.15,1,0,1.12,0,0,0,0,0,AD
6813,2023-01-07,107,87,224.02,159.61,96.25,313.94,22.5,5.31,0,0,8.69,0,0,0,0,0,Non-AD
6602,2023-07-30,151,115,234.28,125.58,41.86,209.66,29.0,8.12,0,0,1.5,1,0,0,0,1,Non-AD
5088,2023-07-25,151,105,284.68,73.07,62.02,356.1,18.8,9.76,0,0,2.31,1,0,0,0,0,Non-AD
5460,2023-10-05,114,60,293.45,142.68,58.78,117.95,26.8,3.12,1,0,4.8,1,0,0,0,1,Non-AD
5956,2023-09-16,138,73,238.85,55.31,32.21,191.57,-1.0,4.01,1,0,4.32,0,0,0,0,0,AD
6090,2023-08-28,126,99,211.11,113.78,96.47,105.64,,4.22,0,0,4.66,0,0,1,0,0,AD
4794,2023-10-26,93,64,274.41,54.46,35.59,338.58,14.4,2.19,0,0,2.86,0,0,0,0,0,AD
6107,2023-11-23,175,118,198.8,52.51,94.24,376.85,9.6,4.74,0,0,8.88,0,0,0,0,0,Non-AD
6676,2023-12-01,175,106,164.07,79.83,26.65,190.35,1.5,7.9,0,0,7.48,1,0,0,0,0,Non-AD
6311,2024-01-13,92,121,252.05,121.72,71.36,300.68,9.9,3.04,0,1,8.72,0,0,0,1,0,AD
6288,2023-08-25,112,114,272.66,112.28,49.71,359.88,14.2,0.44,0,0,7.77,0,0,0,0,0,Non-AD
4961,02/13/2023,121,88,248.55,127.53,32.61,96.88,3.1,4.47,0,0,5.85,0,0,0,0,1,Non-AD
5834,2023-05-07,162,68,218.28,185.47,77.61,371.77,,7.2,0,0,1.51,1,0,0,0,0,Non-AD
6724,2024-07-27,130,105,162.01,165.16,99.44,162.48,0.8,2.32,0,0,3.2,0,0,0,0,0,AD
5481,11/21/2023,167,70,195.05,137.99,20.37,313.26,1.0,6.42,1,0,7.6,0,0,0,0,0,Non-AD
5614,04/24/2023,155,66,186.94,100.64,20.73,366.19,24.5,6.07,0,1,4.82,0,0,0,0,1,Non-AD
6728,2023-12-17,157,117,152.08,155.61,81.27,239.59,10.6,8.8,0,0,5.44,1,0,0,1,0,Non-AD
6517,2023-04-03,169,103,288.64,69.07,72.89,116.46,28.2,3.71,0,0,0.05,0,1,0,1,0,Non-AD
5641,2023-12-03,153,65,259.06,185.36,61.56,361.88,28.8,4.9,0,0,4.48,0,0,1,1,0,Non-AD
5615,2024-07-13,96,64,266.34,122.29,99.2,119.86,27.0,4.75,0,1,5.19,0,0,1,0,1,Non-AD
6029,2024-06-14,113,88,183.36,177.93,20.0,60.35,1.1,9.87,0,0,1.83,1,1,0,1,1,Non-AD
6707,2023-11-28,160,107,169.07,74.26,79.36,127.94,28.1,3.67,0,0,2.67,0,0,0,1,0,Non-AD
5745,2024-07-05,130,76,243.75,128.21,61.87,348.18,11.4,9.99,0,0,4.29,0,0,0,0,1,Non-AD
5423,2023-08-27,170,92,173.13,139.51,60.45,370.79,3.1,6.16,0,0,9.57,0,0,1,1,1,Non-AD
6869,2023-07-07,125,119,275.34,197.69,32.27,166.38,,3.75,0,0,6.63,0,0,0,0,0,Non-AD
4803,2024-06-04,134,95,267.14,171.22,73.83,136.31,27.6,3.17,0,0,2.88,0,0,0,0,1,Non-AD
6158,2023-12-06,169,98,203.59,88.63,90.26,284.82,26.0,7.88,1,0,0.51,0,1,0,0,1,Non-AD
5115,2023-08-15,171,81,235.36,88.39,28.95,361.58,2.2,3.16,0,0,3.91,0,0,0,0,0,AD
5529,2023-04-25,113,115,255.5,193.26,44.72,109.86,3.3,0.95,0,0,7.75,1,1,1,0,0,Non-AD
4947,2023-09-19,164,64,294.49,187.67,56.77,340.25,5.1,0.88,0,0,1.93,0,0,0,0,0,AD
4909,2023-04-12,108,75,190.52,55.5,43.11,350.56,13.5,0.94,0,0,3.25,0,0,0,0,0,AD
6361,2024-07-11,141,64,240.87,174.37,62.26,301.54,20.6,7.11,0,0,2.9,0,0,0,1,0,Non-AD
5377,01/08/2023,155,73,200.03,109.52,50.49,340.15,23.1,8.98,0,0,6.04,1,0,0,0,0,Non-AD
5560,2024-02-10,149,68,224.09,142.06,33.13,396.41,,1.79,0,1,3.33,1,0,0,0,0,Non-AD
4816,2024-07-20,90,86,261.14,159.71,86.26,381.82,11.2,8.1,0,1,3.23,0,0,0,1,0,AD
5837,2024-04-03,177,102,155.45,148.7,21.05,305.49,1.5,5.41,0,0,5.75,0,0,0,0,0,Non-AD
6889,2023-10-09,146,118,186.43,135.81,66.51,384.11,28.0,6.34,0,0,2.0,0,0,0,1,0,AD
6753,2023-04-13,161,79,272.85,146.33,90.69,331.69,13.3,1.86,0,0,8.55,0,0,0,1,0,AD
5358,2023-10-05,136,82,240.94,66.25,60.04,393.1,-1.0,1.86,0,0,1.39,0,0,0,0,1,AD
4874,2023-07-08,124,61,289.12,177.91,25.08,387.26,13.9,2.89,1,0,7.96,0,0,0,0,1,AD
5597,02/17/2023,178,83,285.12,183.21,21.83,207.55,2.8,0.14,1,0,3.6,0,0,0,0,0,AD
6875,2023-08-07,156,109,178.34,112.4,31.43,115.78,19.0,3.84,0,0,7.07,0,0,1,0,0,AD
5211,2023-08-07,131,108,202.42,184.97,36.97,288.79,6.6,9.57,0,0,8.57,0,0,0,0,0,Non-AD
6458,11/11/2023,157,68,206.16,91.87,59.23,213.49,20.0,8.32,1,1,3.86,0,1,0,1,1,AD
5545,2024-04-20,91,117,151.37,53.51,24.86,111.05,19.9,4.31,0,0,9.91,0,1,0,0,1,Non-AD
5667,2023-04-20,166,115,162.7,138.91,93.13,244.0,26.4,9.01,0,0,1.29,0,0,0,0,0,Non-AD
5851,2023-05-21,133,65,158.56,186.18,71.37,373.73,17.4,0.26,1,1,3.18,1,0,0,0,0,AD
6419,2023-12-04,137,109,239.03,99.74,40.56,117.05,-1.0,3.0,0,0,5.13,0,0,0,1,0,Non-AD
6610,2023-10-24,115,96,216.41,118.25,36.36,333.63,1.6,7.96,0,1,0.66,0,0,0,0,1,AD
5122,2024-04-28,135,79,201.36,54.77,48.66,352.75,13.9,4.98,0,0,6.86,0,1,0,0,0,Non-AD
5563,2023-05-24,99,62,189.95,51.76,54.52,336.71,1.3,3.85,0,0,6.85,1,1,0,0,0,Non-AD
6640,2024-03-20,93,114,152.54,163.81,98.77,319.16,30.0,8.6,1,0,4.81,0,0,0,0,0,Non-AD
6295,2023-11-17,132,64,297.86,193.44,50.43,201.66,2.1,1.34,1,0,7.67,0,1,0,0,0,AD
5124,2024-08-06,100,100,189.0,151.3,20.9,111.05,14.8,9.11,1,0,0.1,0,0,0,0,1,AD
5975,01/20/2024,97,79,242.98,82.51,96.85,250.95,19.5,4.81,0,0,1.56,0,0,0,0,0,AD
6792,2023-02-23,135,114,235.71,87.95,28.89,284.41,23.2,5.76,1,0,7.84,0,0,0,0,0,Non-AD
6103,04/21/2023,106,65,199.06,184.25,74.25,342.43,0.4,1.47,0,0,1.39,0,0,0,0,0,AD
5143,2023-02-21,113,96,241.09,96.4,84.17,258.29,11.9,1.55,0,0,4.58,0,0,0,0,0,AD
5170,2024-06-30,121,94,269.68,122.81,54.0,107.05,,5.71,1,1,1.28,0,0,0,0,1,AD
4928,2024-03-28,150,61,269.52,128.22,60.56,149.53,-1.0,3.55,0,1,9.16,0,0,0,1,0,Non-AD
4869,2024-07-20,166,93,295.98,115.02,82.5,195.39,22.9,1.8,0,0,8.83,0,0,0,1,0,Non-AD
6049,2024-03-14,179,74,294.43,67.01,77.96,188.53,7.4,7.57,1,0,0.71,0,1,0,0,0,AD
5117,2023-10-30,95,119,233.62,101.05,23.25,230.8,28.6,4.65,0,0,9.36,1,0,1,0,1,Non-AD
6816,2024-02-13,104,117,191.25,161.88,29.41,240.04,,8.44,1,0,7.87,1,1,0,0,1,AD
5602,2024-06-04,116,94,257.11,71.53,34.99,69.34,14.6,0.17,0,0,3.37,0,0,0,0,1,AD
6269,2023-03-08,124,92,205.43,57.14,70.27,76.23,28.5,9.75,0,0,8.34,0,0,0,0,0,Non-AD
5106,2024-02-28,72,119,199.8,192.19,70.31,276.41,24.8,6.61,0,0,1.12,0,0,0,0,0,Non-AD
5864,2023-02-20,160,112,166.5,64.68,85.42,190.11,,2.58,0,0,1.36,0,0,0,1,0,AD
4978,2024-05-16,176,65,269.59,90.12,43.81,60.56,9.8,7.11,0,0,7.07,0,0,1,0,0,Non-AD
5448,2024-08-22,146,85,238.03,58.73,31.95,251.0,28.8,8.79,0,0,9.86,0,0,0,0,1,Non-AD
5604,2023-02-03,122,115,179.11,61.25,31.09,171.0,15.4,9.55,0,0,7.55,0,1,0,0,0,Non-AD
6041,2024-06-20,119,81,259.47,165.52,50.92,305.46,15.0,1.56,1,0,5.03,0,0,0,0,1,AD
5404,2024-07-24,172,72,282.52,128.95,39.94,219.51,16.0,1.18,0,0,5.56,1,0,0,1,1,Non-AD
5068,2023-11-06,140,64,299.06,144.96,42.61,273.76,2.0,2.57,0,0,4.05,0,0,0,0,0,AD
4895,2023-09-14,116,109,276.18,163.67,67.6,348.38,16.2,5.56,0,0,9.43,1,0,0,0,0,Non-AD
5352,2023-08-10,128,69,197.77,163.82,93.43,179.88,,7.58,0,0,3.37,1,0,0,0,0,Non-AD
5315,2024-04-12,98,109,167.17,174.44,61.59,166.4,2.2,5.98,0,0,4.55,0,0,1,0,1,Non-AD
6227,2023-09-04,151,116,290.31,123.3,39.1,376.4,2.4,8.63,0,1,4.71,1,0,0,1,1,AD
5084,2024-07-16,114,110,258.87,55.1,65.7,316.2,24.8,4.05,0,0,1.96,0,1,0,0,0,Non-AD
4813,2023-02-25,156,112,290.84,130.47,36.0,201.83,0.6,7.59,0,1,7.83,1,0,0,0,0,Non-AD
4819,2024-04-19,144,93,211.28,144.34,84.2,324.92,3.4,2.46,0,0,4.54,0,0,1,0,0,AD
6833,2024-02-01,132,78,276.34,173.28,72.55,268.24,7.3,4.16,1,0,2.27,0,1,1,0,0,Non-AD
5338,2023-12-04,136,84,274.89,63.27,97.59,51.98,9.3,0.86,0,0,2.35,0,0,0,0,1,AD
4871,2024-06-16,92,70,281.03,169.73,99.77,343.57,15.2,5.83,0,1,8.13,0,1,1,0,1,Non-AD
5705,2024-03-18,98,70,290.21,69.29,66.98,178.06,20.8,8.67,0,0,1.2,0,0,0,0,1,Non-AD
4820,2023-10-05,161,90,183.91,90.14,84.7,113.78,8.3,2.63,0,0,9.48,0,1,0,0,0,Non-AD
4833,07/26/2023,158,84,263.11,155.37,89.36,270.43,,6.51,0,0,2.73,0,0,0,1,0,Non-AD
6804,2023-12-24,157,113,225.24,176.66,47.53,384.77,3.0,3.53,0,1,7.05,0,0,0,0,0,AD
5702,2024-04-25,124,90,251.39,197.97,96.82,219.1,13.1,3.91,0,0,5.47,0,0,0,0,1,Non-AD
5817,2023-12-23,112,107,189.74,152.65,23.07,126.96,13.7,9.44,1,0,3.29,0,0,0,1,1,AD
5885,09/10/2023,135,74,267.66,104.26,56.73,340.11,1.8,3.16,0,1,5.63,0,0,0,0,1,AD
5027,08/13/2024,133,71,200.66,158.43,51.76,336.84,-1.0,9.76,0,0,7.47,1,0,1,1,0,Non-AD
5491,2024-05-29,110,88,219.83,167.28,47.01,375.1,18.9,0.18,0,0,0.8,0,0,0,0,1,AD
5890,2023-07-14,93,60,185.37,127.98,41.91,113.04,19.5,5.44,0,1,5.09,0,0,0,0,0,Non-AD
4844,2024-08-16,162,107,151.22,186.08,84.38,82.74,21.2,8.55,0,0,8.29,0,0,0,1,0,Non-AD
5816,08/14/2023,102,98,294.51,126.64,79.06,273.88,22.3,9.45,1,0,4.94,1,0,0,0,1,AD
5233,2023-09-10,171,96,240.15,120.66,63.77,195.24,11.9,5.07,0,0,3.22,0,0,0,0,1,Non-AD
5120,2023-03-24,106,81,236.92,69.18,52.52,253.04,21.5,0.97,0,0,2.19,0,0,0,0,1,AD
5768,2024-07-22,155,103,218.67,135.35,38.06,76.44,16.1,8.98,0,0,9.02,1,0,0,0,1,Non-AD
6771,2024-02-13,111,84,232.61,177.05,74.23,238.95,26.3,1.49,0,0,7.04,0,0,0,0,0,Non-AD
6470,2024-07-30,114,102,188.52,115.14,91.6,303.29,1.5,4.46,0,0,1.06,0,1,0,0,1,AD
6563,2023-12-28,107,99,214.52,196.07,76.42,349.12,25.7,1.29,0,0,1.81,0,0,0,0,0,Non-AD
6209,2023-07-28,110,108,247.85,96.96,28.17,253.34,25.5,7.65,1,1,6.71,1,1,0,0,1,Non-AD
6603,01/21/2023,111,142,294.34,83.13,54.92,331.86,3.1,5.78,0,0,0.81,0,0,0,0,0,Non-AD
6326,06/02/2023,163,71,241.59,70.32,52.12,83.47,28.7,5.69,0,0,6.05,1,0,0,0,1,Non-AD
5225,01/04/2024,136,115,280.03,108.89,57.35,352.15,12.0,0.73,0,0,8.51,0,0,0,0,0,Non-AD
6252,2023-09-04,93,72,240.26,194.91,91.91,179.53,,7.65,0,0,1.08,1,0,1,0,0,Non-AD
6380,2024-06-29,144,85,267.81,103.53,61.87,385.74,11.8,3.58,0,0,6.9,0,0,0,0,0,Non-AD
6565,2023-01-11,119,105,171.14,85.21,69.77,206.34,7.6,3.97,0,0,4.7,0,0,0,1,0,Non-AD
5254,2023-03-22,109,70,265.64,173.62,46.7,86.14,13.3,2.56,0,0,1.48,1,0,0,0,0,AD
5400,2024-05-18,126,74,162.52,168.93,96.21,119.7,11.8,0.74,0,1,3.75,0,1,0,0,1,AD
5734,2024-04-01,125,117,241.02,195.63,37.04,274.32,17.0,2.19,0,0,3.98,1,0,0,0,1,AD
4998,2023-11-07,114,69,164.76,153.37,56.31,213.69,21.1,5.11,0,0,9.29,1,0,0,0,0,Non-AD
5284,05/07/2024,152,89,198.2,109.93,81.75,166.84,17.5,9.2,1,0,7.45,0,0,0,0,0,Non-AD
5216,08/22/2024,108,90,157.13,135.32,74.14,157.65,12.3,3.6,0,0,0.37,0,0,0,0,0,AD
4906,03/06/2023,149,79,164.12,188.25,28.12,162.89,17.7,5.24,0,0,2.78,0,0,0,0,1,Non-AD
5212,2023-11-22,149,98,234.31,135.01,83.28,209.22,10.2,4.11,1,0,0.7,0,0,0,0,0,AD
6709,2024-06-11,129,87,256.1,170.58,52.65,273.0,14.4,7.15,0,0,4.88,1,1,0,0,1,Non-AD
6404,2024-03-30,103,119,209.78,188.18,53.07,305.43,20.4,3.09,0,0,7.24,0,0,0,0,1,Non-AD
5887,2023-09-04,132,79,219.7,143.63,85.81,62.12,14.4,4.93,1,0,2.19,0,0,0,1,0,AD
6080,2023-03-08,136,81,238.62,183.18,99.15,203.56,3.6,8.92,0,0,6.06,0,0,0,0,0,Non-AD
5290,2023-02-03,122,60,220.42,176.52,30.94,364.21,11.2,6.24,0,0,9.02,1,0,0,1,0,Non-AD
6019,2024-02-08,135,111,244.58,184.1,49.46,339.54,6.4,2.91,0,0,9.56,0,0,0,0,1,Non-AD
4754,2024-05-24,118,115,159.58,65.37,68.46,277.58,14.0,8.97,0,1,6.48,0,0,0,0,0,Non-AD
6283,2024-04-20,176,94,226.84,50.4,96.38,250.32,-1.0,8.08,0,0,7.91,0,0,0,0,0,Non-AD
6222,2023-09-16,128,111,196.67,52.22,95.27,269.85,5.2,1.3,0,0,3.65,0,0,0,0,0,AD
5353,2023-11-12,172,85,250.51,128.06,82.05,218.94,12.7,0.6,0,0,1.17,0,0,0,0,0,AD
5922,2023-01-09,134,67,154.12,137.79,80.91,243.57,11.1,7.06,1,0,6.13,0,0,0,0,0,Non-AD
6496,08/06/2024,179,108,154.86,188.05,63.89,282.78,27.8,2.59,0,0,9.31,0,0,0,0,1,Non-AD
4992,2023-06-08,139,102,210.52,178.88,27.24,337.88,15.1,1.08,0,0,9.14,0,0,0,0,0,Non-AD
4753,2023-02-24,99,116,284.18,153.32,69.77,83.64,7.4,5.9,0,0,7.12,0,1,0,1,0,Non-AD
5276,2023-05-26,179,63,261.09,61.26,45.72,213.87,25.9,2.74,1,1,3.22,0,0,0,0,0,Non-AD
6689,2024-08-15,130,101,261.74,183.55,29.26,381.21,1.5,8.71,0,0,6.76,0,0,0,0,1,Non-AD
6047,2023-11-03,98,102,211.71,83.95,71.02,152.54,3.6,9.28,1,0,0.2,0,0,0,0,0,AD
5710,2023-03-23,130,106,287.35,96.47,91.9,74.55,6.7,7.01,0,1,8.0,0,1,0,0,0,Non-AD
5951,04/05/2023,105,106,190.64,189.7,74.68,175.59,,4.32,0,0,0.22,0,0,0,0,1,AD
5411,2023-04-20,149,99,220.44,126.5,53.77,166.19,9.4,7.79,0,0,7.09,0,0,0,0,0,Non-AD
5163,2023-08-05,129,100,250.54,181.65,66.22,233.64,17.2,2.66,0,0,6.37,1,0,0,0,1,Non-AD
4788,05/04/2023,157,98,195.47,58.26,31.22,239.81,16.6,6.54,0,1,7.61,1,0,0,0,0,Non-AD
4811,06/30/2023,64,150,183.76,95.81,92.39,89.06,11.9,7.61,0,0,4.07,0,1,0,0,0,Non-AD
6538,02/05/2023,171,99,210.3,109.04,41.97,358.15,-1.0,7.26,0,0,0.65,0,0,0,0,0,Non-AD
5748,01/24/2023,144,118,258.8,181.66,76.01,217.65,27.1,0.04,0,1,5.17,0,0,1,1,0,Non-AD
6748,2023-07-30,125,60,281.83,163.03,45.51,264.53,12.4,5.49,0,0,0.21,0,0,0,0,0,Non-AD
6057,04/26/2023,171,79,254.82,198.32,83.02,380.1,,7.73,0,0,5.9,0,1,0,0,1,Non-AD
5121,07/26/2023,174,101,299.33,105.61,87.98,106.37,1.3,6.5,0,0,7.72,0,0,0,0,1,Non-AD
6597,01/23/2023,141,61,209.56,75.65,64.61,395.61,24.3,4.45,0,0,10.0,0,0,0,0,0,Non-AD
6469,2023-07-29,102,112,187.58,99.13,76.2,171.71,22.1,7.93,0,0,7.58,0,0,0,0,1,Non-AD
5137,2023-04-12,137,71,225.09,116.39,59.98,232.51,14.7,4.74,1,0,4.16,0,0,0,0,0,AD
6174,02/21/2023,176,97,297.69,60.07,31.21,99.13,3.7,3.85,0,0,2.83,0,0,0,0,0,AD
6863,2023-09-20,128,119,269.32,75.79,37.88,101.33,9.5,9.01,0,0,5.77,1,0,1,0,0,Non-AD
6767,2024-03-31,107,62,241.01,127.47,36.9,190.29,25.4,2.63,0,0,1.56,0,0,0,0,0,AD
6145,05/15/2023,128,107,255.18,58.98,75.0,383.29,7.2,5.27,1,0,5.57,0,0,0,0,0,Non-AD
5497,2023-12-31,141,76,242.93,87.77,29.1,314.78,19.3,8.84,0,0,4.08,0,0,0,0,0,Non-AD
5011,2023-02-22,121,114,261.94,73.96,86.43,291.73,22.1,7.13,0,0,9.77,0,0,0,0,1,Non-AD
5023,2023-03-01,109,108,245.6,93.01,82.52,141.73,3.7,7.02,0,0,2.24,1,1,0,0,1,Non-AD
5095,2023-04-18,164,103,279.4,162.17,97.79,55.68,28.4,0.97,0,0,1.88,0,0,0,0,0,Non-AD
5029,2024-01-21,170,71,233.29,107.96,25.98,386.23,5.0,3.87,0,0,0.15,0,1,0,0,1,AD
5217,2023-04-30,151,60,213.39,107.3,38.95,67.83,8.5,9.36,0,0,4.68,0,1,0,0,0,Non-AD
6824,02/01/2023,155,65,262.26,93.19,33.54,56.51,26.9,9.9,0,0,1.2,0,0,0,0,1,AD
5057,06/26/2023,118,98,269.51,59.71,87.21,121.94,19.3,2.82,0,0,6.97,0,0,0,0,0,Non-AD
5224,2023-01-02,124,85,159.98,76.48,64.64,206.93,11.1,3.62,0,0,2.0,0,0,1,0,0,AD
4812,2023-01-10,100,116,278.62,96.27,31.3,347.49,20.1,5.43,0,0,0.42,0,0,0,1,0,Non-AD
6406,2024-08-21,112,115,215.44,182.12,57.09,194.17,4.1,6.54,0,1,5.84,0,0,0,0,0,Non-AD
5901,05/31/2024,156,61,257.73,116.57,98.62,125.73,21.8,0.16,0,1,6.6,0,0,0,0,0,AD
6871,2023-12-18,137,90,232.83,94.13,54.92,197.23,15.8,7.39,0,0,7.56,0,0,0,0,0,AD
5569,2024-08-04,163,113,269.59,193.83,78.27,328.5,0.5,3.94,1,1,7.17,0,0,0,0,0,AD
6293,2023-06-10,157,76,225.02,157.35,80.99,307.16,9.6,1.27,0,0,5.18,0,0,0,0,0,Non-AD
5281,11/07/2023,162,87,195.8,176.84,30.37,94.51,4.2,2.92,0,0,4.92,0,0,0,0,0,AD
6713,2024-08-17,104,103,217.6,59.74,50.42,163.18,12.3,6.75,0,0,9.06,1,0,0,0,0,Non-AD
5401,2024-03-26,134,103,197.47,72.92,48.93,257.14,5.3,1.11,0,0,8.29,1,0,0,1,0,Non-AD
5327,2023-08-21,154,112,180.73,123.65,79.06,117.39,3.3,0.56,0,0,4.13,1,0,0,0,0,AD
4836,04/17/2023,125,116,203.41,124.17,73.77,208.43,25.4,4.98,0,0,5.6,0,0,0,0,0,Non-AD
6841,2024-03-02,161,98,187.63,126.33,53.87,60.87,22.1,9.74,0,0,3.27,0,1,0,0,0,Non-AD
6830,2023-12-22,178,117,218.02,152.81,88.07,103.23,29.8,6.61,0,0,6.33,0,0,0,0,0,AD
4868,2023-06-30,129,107,279.65,173.14,70.46,337.48,5.5,2.88,0,0,1.82,0,0,0,0,0,AD
5733,03/04/2024,144,98,180.19,175.66,39.1,390.16,29.5,4.82,1,1,2.17,0,0,0,0,0,AD
5104,2023-10-06,161,106,174.52,55.56,56.88,336.96,27.8,0.18,0,1,9.58,0,0,0,0,0,Non-AD
5323,2024-08-08,91,89,202.29,99.36,26.92,172.53,27.2,2.81,1,0,5.48,0,0,0,0,1,Non-AD
4758,2023-03-20,117,63,151.38,69.62,77.35,210.57,10.1,3.4,0,0,4.52,1,0,0,0,1,AD
6277,2024-06-23,127,62,194.34,141.99,84.17,333.14,18.0,8.69,0,0,7.1,0,0,0,0,0,Non-AD
5833,2023-02-24,158,98,168.03,173.17,73.88,95.57,,3.03,1,1,7.85,0,1,1,0,1,AD
5236,2023-12-25,160,99,242.62,103.57,33.88,296.69,5.7,7.83,0,0,3.84,0,0,0,1,1,Non-AD
6868,2024-06-01,110,88,202.74,137.29,68.51,79.33,13.4,4.28,1,0,4.62,0,1,0,0,0,Non-AD
5496,2024-08-10,96,86,250.43,118.88,93.32,299.51,14.1,6.04,0,0,2.22,0,0,0,0,0,Non-AD
6088,2023-09-25,105,110,173.58,52.69,66.14,134.07,19.9,6.52,0,0,2.24,0,0,0,1,0,Non-AD
5587,2023-01-10,112,69,195.06,116.14,28.03,257.44,4.6,2.31,0,0,1.51,1,0,1,0,0,AD
6334,2023-11-06,138,109,241.16,198.73,97.13,83.98,18.4,2.47,0,0,8.92,1,1,0,0,1,Non-AD
6536,2023-03-20,104,108,254.57,58.65,41.16,382.8,14.0,1.28,0,0,0.53,1,1,0,0,0,AD
6667,08/17/2024,126,74,294.69,152.37,76.78,370.56,6.2,4.92,0,0,7.05,0,0,0,0,0,Non-AD
6353,2023-08-17,162,91,199.86,66.79,59.51,226.41,24.1,0.25,0,1,4.52,0,0,0,0,0,Non-AD
6180,2024-08-04,115,105,204.21,134.08,49.09,141.57,7.9,3.61,1,0,0.27,1,0,1,0,0,AD
5366,2023-05-25,148,110,183.74,100.91,69.61,390.8,12.1,3.26,0,0,1.59,0,0,0,1,0,AD
6116,2023-02-14,165,98,274.99,88.46,40.92,63.56,5.3,1.94,0,1,1.91,1,1,0,0,0,AD
5539,06/27/2024,124,60,168.96,99.43,32.87,188.98,8.8,0.12,0,0,9.78,0,0,0,0,0,Non-AD
6462,2024-03-15,160,61,214.71,174.13,74.01,91.43,23.5,0.93,0,0,2.28,0,1,0,0,0,AD
5760,2024-05-10,174,96,247.79,132.89,26.84,347.98,10.5,3.88,0,0,9.45,0,0,0,0,0,Non-AD
5360,2023-10-17,137,98,202.95,88.38,82.94,393.69,1.9,5.48,0,0,3.22,0,0,0,1,1,Non-AD
5552,2024-08-12,118,133,280.99,94.68,60.95,219.98,3.3,4.92,0,0,8.25,0,0,1,0,0,Non-AD
6634,2023-04-19,117,62,208.48,157.71,32.38,316.56,24.0,9.06,0,0,3.01,0,0,0,0,0,Non-AD
6170,2024-08-08,146,118,209.63,63.76,42.07,255.16,25.2,8.2,0,0,7.61,0,0,1,1,0,Non-AD
4835,03/03/2023,92,107,280.45,90.68,44.86,253.53,22.2,0.78,0,0,0.37,1,0,0,0,0,AD
5988,2023-10-05,86,116,203.44,81.52,80.12,370.1,14.7,7.26,0,0,7.14,0,0,0,0,1,Non-AD
5523,2023-02-27,159,107,212.62,187.62,35.34,163.13,28.9,9.68,0,0,4.13,0,0,0,0,0,Non-AD
5857,2024-07-13,105,117,292.23,87.45,25.76,148.98,12.5,4.67,0,0,1.5,1,0,0,0,0,AD
6571,11/05/2023,170,77,198.23,122.44,49.02,75.18,11.5,2.6,0,0,9.75,1,0,0,0,0,Non-AD
5845,2023-12-16,116,111,193.49,133.42,31.54,55.75,18.3,8.9,0,0,4.69,1,0,0,0,0,Non-AD
5695,2023-05-22,125,115,164.68,86.78,40.17,344.21,18.4,3.04,0,0,0.46,0,0,0,0,0,AD
6873,10/05/2023,150,82,212.58,144.43,87.84,133.12,13.8,5.26,0,0,4.48,0,1,0,0,0,Non-AD
4949,2023-12-14,165,97,195.59,103.03,29.57,208.51,9.3,3.11,0,0,5.89,0,0,0,0,0,Non-AD
6722,2023-09-07,150,112,154.36,56.89,60.99,275.84,13.0,6.95,0,0,7.06,0,0,0,0,0,Non-AD
6858,2023-02-17,125,87,167.55,59.67,89.56,123.79,-1.0,0.23,0,0,3.77,0,1,0,0,0,Non-AD
5730,2023-03-04,152,91,239.1,163.89,68.25,395.26,23.7,3.66,1,0,6.04,1,0,1,0,1,AD
6793,2023-01-07,91,90,183.61,115.07,56.0,275.34,19.1,4.79,1,0,8.52,0,0,0,1,0,AD
5630,2023-05-27,170,95,265.62,179.03,80.98,114.29,8.4,0.6,0,1,1.69,1,0,0,0,1,AD
5521,2024-07-23,107,76,260.24,194.8,44.95,79.23,,4.97,0,0,8.6,0,0,0,0,0,Non-AD
6183,2023-02-07,144,83,289.91,195.72,88.94,367.94,0.3,2.89,1,0,6.6,0,0,0,0,0,AD
4893,2023-12-06,101,109,247.22,129.55,96.27,225.82,23.7,4.06,0,0,7.33,0,0,0,0,0,Non-AD
6087,2023-02-21,125,108,270.52,113.2,35.33,152.87,18.1,4.8,0,0,2.72,0,0,0,1,1,AD
4817,2024-04-19,94,113,200.52,135.97,78.94,333.86,17.7,3.1,0,0,7.97,0,0,0,0,1,Non-AD
5480,2023-02-12,103,78,160.7,78.17,65.49,135.06,25.5,1.12,1,0,5.79,0,0,0,0,0,Non-AD
4907,2024-03-07,102,93,264.54,191.77,55.62,352.71,-1.0,9.18,0,0,7.16,0,0,1,0,0,Non-AD
6211,2024-07-03,107,115,258.23,150.11,74.44,108.2,16.3,8.77,0,0,6.23,0,1,0,1,1,Non-AD
6167,2024-05-15,134,114,220.46,181.5,37.46,148.9,6.5,0.74,0,0,0.28,0,0,0,0,1,AD
5427,2024-02-15,126,101,265.6,134.33,41.66,348.87,8.6,9.86,0,0,6.88,0,0,0,0,1,Non-AD
5747,2023-08-25,98,95,248.23,183.34,76.84,252.43,13.3,4.04,0,0,8.8,0,0,0,0,0,Non-AD
6330,2023-09-15,125,102,152.02,150.49,28.76,282.02,4.1,6.14,1,1,8.58,1,0,0,0,0,AD
4956,2023-12-16,110,119,289.01,151.98,30.66,218.38,24.0,4.74,0,0,5.24,0,0,1,0,0,Non-AD
5681,2023-01-04,107,67,231.71,94.74,80.57,137.69,22.1,1.74,0,1,6.27,0,0,0,0,0,AD
5867,2023-09-03,170,114,267.36,113.45,70.39,134.09,17.9,9.77,0,0,6.5,1,0,1,0,1,Non-AD
5488,2023-03-02,131,116,215.59,175.97,78.13,285.96,23.5,4.95,1,0,4.98,0,1,0,0,0,AD
5621,2024-05-03,163,114,170.96,131.55,73.35,106.08,10.9,4.79,1,0,8.79,0,0,0,1,1,AD
5562,2023-01-16,122,115,198.42,182.65,55.28,186.51,6.5,6.09,0,0,7.63,0,1,1,0,0,Non-AD
5113,2024-07-08,158,69,156.1,154.31,24.41,285.11,10.4,6.68,0,0,5.71,0,0,0,0,1,Non-AD
6355,2023-08-21,157,108,289.46,66.72,69.34,365.74,19.3,7.68,0,0,0.02,1,0,0,1,0,Non-AD
5414,2023-10-11,133,94,262.64,55.57,39.28,324.85,26.5,1.73,0,0,8.84,0,0,0,0,1,Non-AD
6730,2024-05-19,148,63,174.97,100.79,40.87,370.77,16.7,9.44,0,0,5.81,0,0,1,0,1,Non-AD
6494,2023-06-28,105,104,270.31,155.64,67.97,158.56,24.1,7.42,0,0,5.24,0,0,0,0,0,Non-AD
5085,2024-06-04,160,69,213.76,116.76,70.08,391.56,17.8,7.43,0,1,9.83,1,0,0,0,1,Non-AD
6812,2023-09-02,150,113,241.49,75.04,26.23,364.15,5.5,9.92,0,0,6.0,0,0,0,1,0,AD
5210,2023-10-04,128,105,204.48,111.73,88.62,384.89,7.0,5.39,0,0,1.53,1,0,0,0,0,Non-AD
6842,07/27/2023,172,103,150.19,105.86,79.16,176.92,19.5,7.16,0,1,4.56,0,0,0,0,1,Non-AD
5556,2023-06-11,91,66,196.44,191.25,46.01,342.84,3.4,7.66,0,0,1.78,0,0,1,0,0,Non-AD
6357,2023-12-23,124,79,186.88,150.7,50.74,362.42,27.9,8.86,1,0,9.06,0,1,0,0,0,Non-AD
5199,2023-10-07,125,108,219.47,59.52,52.16,206.29,3.4,1.33,0,1,6.74,0,0,0,0,0,AD
5198,2024-08-11,155,119,191.69,165.81,30.25,160.16,11.7,0.41,0,0,2.9,1,0,0,1,0,AD
6499,2023-11-08,131,91,186.36,195.59,29.15,368.84,6.5,8.11,0,0,8.99,0,0,0,0,0,Non-AD
5966,2024-06-29,131,90,289.96,98.95,20.8,331.96,1.5,7.51,0,0,2.82,0,1,0,0,0,Non-AD
6426,2023-11-21,137,76,210.57,129.56,65.02,201.35,15.6,4.38,0,1,1.26,1,0,0,1,1,AD
5098,2023-09-05,111,64,195.66,158.55,64.93,375.21,25.9,5.65,0,0,8.39,0,0,0,0,0,Non-AD
5953,2023-02-26,137,103,240.58,171.4,74.22,342.88,,8.77,0,1,0.7,0,1,1,0,0,AD
6440,2023-04-30,152,105,192.04,159.45,33.09,344.55,19.2,8.49,0,0,2.85,0,0,0,0,1,Non-AD
6779,2023-01-10,126,117,280.23,51.41,41.7,271.38,24.5,2.58,0,0,8.46,0,0,1,0,0,Non-AD
6850,2024-08-10,117,74,220.33,154.75,71.19,184.19,5.2,9.99,1,0,3.04,1,0,0,0,0,Non-AD
5197,2023-02-16,113,83,185.59,87.84,47.63,154.49,9.5,5.42,0,0,9.71,0,0,0,0,1,Non-AD
4765,2023-06-27,94,98,247.58,193.91,94.81,287.05,10.8,6.79,0,0,5.51,1,1,1,0,0,Non-AD
6699,2024-03-26,91,85,254.01,85.75,54.47,275.11,7.3,5.5,0,0,9.54,0,0,0,0,0,Non-AD
5086,2023-08-19,109,91,221.85,194.83,99.16,258.21,5.7,6.15,0,1,7.48,0,0,0,0,1,Non-AD
6570,01/26/2023,162,94,187.57,146.75,63.61,114.39,11.9,1.36,1,0,2.59,0,1,0,0,0,AD
5302,2023-05-09,116,110,193.5,117.52,89.29,369.59,18.4,5.16,0,0,5.32,0,0,1,0,1,Non-AD
6601,2023-05-03,97,83,170.32,83.74,97.71,163.5,7.8,2.4,0,0,7.13,0,0,0,0,0,Non-AD
5823,02/11/2023,99,76,172.47,185.23,37.25,65.87,-1.0,1.08,0,1,2.32,0,0,0,0,0,AD
5852,2023-09-09,165,63,176.25,134.4,27.71,263.62,26.1,0.57,0,0,3.93,0,1,0,0,0,Non-AD
5899,2023-08-18,135,111,165.59,100.69,56.94,331.97,13.0,4.92,0,1,5.35,0,0,0,0,0,AD
5152,2023-09-10,177,65,270.73,87.12,62.85,239.91,17.2,6.91,0,0,2.4,1,0,0,1,0,Non-AD
5351,04/18/2023,113,91,188.82,175.98,78.44,278.66,0.5,1.35,1,0,2.78,0,0,0,0,0,AD
6797,2023-05-23,159,106,255.79,98.9,23.32,304.3,3.1,8.79,0,1,0.68,0,0,0,0,1,Non-AD
5870,2023-02-15,135,94,184.19,71.33,69.63,98.96,10.1,2.94,1,0,1.73,1,1,0,0,1,AD
5433,2024-02-15,177,72,185.37,173.54,78.82,139.61,24.9,8.56,0,0,6.81,1,0,0,0,0,Non-AD
5567,2023-03-17,130,100,190.32,144.81,41.24,374.07,3.7,6.04,1,1,5.51,0,1,0,0,0,AD
6038,2024-03-22,123,92,293.17,94.15,81.8,392.73,,8.64,0,0,5.27,0,0,0,0,0,Non-AD
6802,2023-08-18,148,104,286.95,120.53,26.22,137.58,1.6,8.75,1,0,0.85,0,0,0,0,1,AD
6588,2024-04-12,120,61,206.07,75.72,35.56,74.71,16.7,1.91,0,0,8.76,0,0,0,0,0,Non-AD
6643,2024-07-24,168,61,280.61,102.69,98.51,127.23,15.4,2.87,0,0,9.53,0,0,0,1,0,Non-AD
5993,04/13/2023,138,110,261.99,150.55,52.79,216.25,-1.0,9.77,0,0,3.9,0,0,1,0,0,Non-AD
5662,2023-06-06,147,86,177.85,62.49,45.22,355.08,1.3,4.55,1,1,1.88,0,1,0,0,0,AD
6104,2023-11-19,108,93,285.03,135.99,67.44,136.72,27.0,7.19,0,0,8.1,0,1,0,0,1,Non-AD
5039,2024-05-14,161,90,205.57,82.98,92.1,205.89,24.1,0.61,0,0,3.8,0,1,0,0,0,Non-AD
5917,2024-03-26,94,85,188.17,167.71,66.14,106.95,24.2,8.06,0,0,7.29,0,0,0,0,0,Non-AD
6480,2023-09-01,148,90,211.17,110.13,90.19,150.07,27.4,7.96,0,0,9.08,0,0,0,0,1,Non-AD
6463,2023-12-26,121,94,231.59,108.07,59.3,294.25,2.2,8.61,0,0,2.58,0,1,1,0,0,Non-AD
6210,2023-06-08,176,105,219.48,180.48,97.03,102.96,29.0,6.68,0,0,0.25,0,0,0,1,1,Non-AD
6354,2023-06-14,166,78,227.3,136.4,36.32,80.05,9.7,1.05,0,0,4.59,1,0,0,0,1,AD
5240,2024-03-01,169,103,233.22,159.6,83.41,215.92,7.5,4.04,1,1,4.33,0,0,0,1,0,AD
5584,2024-02-22,124,61,197.64,118.46,61.17,105.65,29.3,7.24,0,0,9.52,0,0,0,0,1,Non-AD
6197,2023-09-24,109,100,195.24,118.28,74.07,233.48,10.5,3.43,0,0,2.51,0,1,0,0,1,AD
6756,2024-05-15,101,100,247.7,155.71,21.96,78.27,17.2,8.15,0,0,9.12,0,0,1,0,1,Non-AD
5053,2024-08-18,138,64,187.2,161.92,30.97,245.43,10.8,0.64,0,1,9.09,0,1,0,0,0,AD
5874,2024-07-25,103,76,248.13,85.33,68.38,238.42,20.3,2.11,0,1,3.47,1,0,0,0,1,AD
5134,2024-07-27,124,101,218.52,67.44,77.97,149.53,0.2,7.72,1,0,7.12,0,0,0,0,0,Non-AD
6322,2023-05-04,109,73,174.73,100.78,27.35,380.01,19.2,9.81,1,0,8.36,0,0,0,1,1,Non-AD
6418,2023-10-08,172,64,267.86,165.99,52.85,169.46,3.1,6.29,0,0,8.29,0,0,0,0,1,Non-AD
5588,2024-03-13,95,117,241.18,115.76,89.3,91.03,22.1,8.52,0,0,1.67,0,0,0,0,0,Non-AD
5231,2024-08-16,172,113,275.03,128.05,81.59,215.02,20.9,7.66,1,1,5.99,0,0,0,0,0,AD
5429,2024-07-13,158,87,257.99,71.21,62.0,220.28,24.6,4.25,1,0,0.43,0,0,0,1,0,Non-AD
6082,2024-05-12,92,98,208.93,54.11,28.53,255.89,6.1,0.43,0,1,0.42,0,0,0,0,1,AD
5557,2023-10-17,119,91,260.19,95.6,90.16,237.78,27.2,4.98,0,0,9.01,0,0,1,0,1,Non-AD
5751,2024-05-10,130,77,224.86,53.19,57.2,80.25,17.0,3.32,0,0,3.14,0,0,0,0,0,AD
5484,10/24/2023,93,105,250.05,161.87,72.38,291.0,22.5,4.62,0,0,8.35,0,0,0,0,1,Non-AD
5850,2023-06-03,119,110,293.22,179.33,25.21,359.9,16.0,6.52,0,1,7.4,0,0,0,0,0,Non-AD
5070,2023-08-10,148,101,165.12,88.54,83.9,93.28,7.7,2.39,0,0,0.91,1,0,0,0,0,AD
6532,2023-08-09,134,85,246.79,132.33,41.66,398.91,13.4,3.0,0,1,7.74,0,0,0,1,1,AD
6750,10/09/2023,156,96,229.87,182.39,93.88,209.47,28.3,8.71,1,0,9.29,0,0,0,0,1,Non-AD
5860,2023-02-28,135,81,269.38,125.58,75.15,140.43,2.4,7.88,1,0,2.12,1,0,0,1,0,AD
6612,2024-08-13,72,127,261.73,113.78,74.84,117.43,1.6,3.12,0,1,7.96,0,0,1,0,1,AD
5024,07/25/2023,138,89,288.91,192.63,25.15,191.15,,7.2,0,0,3.23,0,0,0,0,0,Non-AD
4937,2023-09-10,123,103,245.06,102.11,54.08,95.59,7.9,7.18,0,0,6.53,0,0,0,0,1,Non-AD
6646,2023-06-06,120,100,180.31,84.6,98.27,295.27,23.4,8.4,0,0,1.49,0,0,0,0,0,Non-AD
6274,2023-09-23,98,106,196.17,129.76,24.64,215.9,15.1,4.97,0,0,5.67,0,0,1,0,1,Non-AD
6633,03/12/2024,113,104,251.42,77.14,63.06,314.84,2.8,5.93,0,1,3.1,1,0,0,0,0,AD
6179,2024-06-28,146,113,260.59,55.15,73.55,227.76,15.2,6.84,0,0,1.97,0,1,0,0,0,Non-AD
4791,2024-06-18,158,96,216.82,55.82,34.69,72.35,19.6,5.75,0,0,7.25,0,0,0,0,1,Non-AD
5930,2023-01-08,174,117,257.63,61.06,84.27,199.46,21.7,1.67,0,0,9.17,0,0,0,0,0,Non-AD
6185,2023-05-27,91,93,255.03,158.25,89.96,234.84,14.5,4.21,0,0,1.4,0,0,0,0,0,AD
6192,2023-09-10,109,112,264.4,129.29,54.41,150.06,24.1,7.02,0,0,2.74,0,0,0,0,1,Non-AD
5312,05/16/2023,155,111,177.87,137.39,23.23,287.09,11.7,6.21,0,0,7.94,0,0,0,0,0,Non-AD
6294,2023-08-06,101,68,159.45,192.78,70.37,101.06,19.0,9.13,1,1,3.96,0,0,0,0,0,AD
6521,2024-06-14,161,100,165.95,62.55,57.44,221.03,7.9,6.13,0,0,4.31,0,0,0,1,0,Non-AD
6790,2023-09-29,125,103,215.41,157.33,96.83,229.94,30.0,6.94,0,0,6.4,0,0,0,0,1,AD
6648,2023-12-22,109,107,278.19,155.45,67.73,249.6,6.3,6.69,1,0,7.83,0,0,0,0,0,Non-AD
6024,2024-08-15,177,98,233.49,69.69,31.71,342.96,22.1,1.85,0,1,5.02,0,0,1,0,1,AD
5673,2024-05-16,152,73,243.24,80.53,22.27,146.28,-1.0,2.21,0,0,1.11,0,0,0,0,0,AD
6128,2023-06-16,105,98,164.06,148.54,38.44,61.11,18.6,3.03,0,0,4.55,0,1,0,0,0,AD
6240,2023-02-27,103,103,271.92,149.57,68.08,84.43,25.2,8.8,0,1,0.7,0,1,0,0,0,Non-AD
5110,03/08/2024,126,115,216.64,62.54,75.46,352.61,18.0,0.12,1,0,9.52,1,0,0,0,0,AD
6698,01/05/2023,130,109,166.99,107.08,40.69,92.7,9.5,9.85,1,0,3.37,0,1,0,0,1,AD
5656,2024-02-24,125,111,185.31,76.33,35.98,65.0,,4.99,0,0,9.86,0,0,0,0,0,Non-AD
4855,2023-01-09,164,78,232.59,93.65,65.16,126.68,23.0,3.63,0,0,9.16,0,0,0,0,0,Non-AD
6554,05/09/2024,117,90,295.36,104.39,39.25,89.41,19.6,9.98,0,0,2.39,0,0,1,0,1,Non-AD
4945,12/04/2023,149,65,278.43,96.41,76.36,269.15,23.7,1.8,0,0,0.76,0,0,0,0,1,AD
6731,08/11/2023,148,74,223.55,140.33,90.4,284.83,17.5,4.67,0,1,3.8,0,0,0,0,0,AD
6544,2023-12-21,120,80,287.22,133.03,47.12,391.31,21.6,1.82,0,0,7.59,0,1,0,0,0,Non-AD
6453,2024-02-13,163,116,258.6,91.97,91.01,139.96,22.3,7.43,1,0,0.68,0,1,0,0,0,AD
6071,2024-01-07,107,92,236.99,163.27,81.87,343.98,27.8,2.49,0,0,3.15,0,0,1,0,0,Non-AD
5964,05/11/2023,100,87,151.5,191.48,41.49,206.42,18.6,8.63,0,0,7.45,0,0,1,1,0,Non-AD
5799,01/28/2024,126,99,277.82,157.92,76.47,173.32,0.5,0.25,0,0,8.88,1,0,0,0,1,Non-AD
6359,2024-02-28,153,75,234.26,133.75,70.76,123.92,16.8,5.96,0,0,5.23,0,0,0,0,1,Non-AD
5322,2023-10-06,178,99,285.02,78.81,43.71,211.81,18.1,6.91,0,0,3.59,0,0,0,0,0,Non-AD
5385,2023-01-15,154,119,269.82,86.44,44.16,266.06,14.0,1.34,0,1,6.6,0,1,0,0,1,AD
5136,2023-07-19,119,88,268.91,169.23,83.85,284.02,10.9,3.0,0,0,1.09,0,0,0,1,0,AD
5576,2024-05-29,179,101,267.57,57.54,82.62,88.31,23.2,5.1,0,0,6.55,1,0,0,0,0,Non-AD
6066,2023-12-29,123,78,174.37,143.78,32.6,291.3,22.9,8.15,1,1,3.0,0,0,0,0,0,AD
6312,2024-03-16,102,62,270.04,54.18,92.11,354.0,16.6,5.39,0,0,9.0,0,0,0,0,0,Non-AD
6798,2024-01-31,124,116,227.35,103.31,40.87,175.35,27.8,8.82,0,0,5.12,0,0,1,0,0,Non-AD
5138,2024-01-24,147,69,152.85,75.44,79.09,259.86,16.0,7.97,0,1,9.57,0,0,0,0,0,Non-AD
5696,2024-02-18,138,90,184.54,75.73,57.86,259.07,6.1,7.36,0,0,8.5,0,0,0,0,0,Non-AD
4840,07/20/2024,104,103,182.42,117.08,53.26,105.78,8.9,6.62,0,0,3.37,0,1,0,0,0,Non-AD
6327,03/16/2023,150,63,204.75,54.69,54.65,175.17,2.9,8.01,0,0,5.94,0,0,0,0,0,Non-AD
4910,2023-08-05,126,62,185.49,76.9,48.58,275.92,18.0,8.78,1,0,5.04,0,1,0,0,1,Non-AD
5059,2024-04-05,174,95,181.39,157.72,99.59,91.21,14.4,8.08,0,0,6.08,0,0,1,0,0,Non-AD
5038,2023-10-16,145,117,209.45,167.71,94.3,229.17,2.4,4.11,1,0,7.2,0,0,0,0,1,AD
5099,2024-02-08,178,111,276.23,93.32,25.84,76.02,21.7,1.95,0,0,3.42,0,0,1,0,0,AD
4898,2023-04-04,146,108,196.12,135.17,90.77,229.46,24.5,5.76,1,0,3.01,0,0,0,0,0,Non-AD
6826,2024-06-13,126,72,249.8,176.81,51.17,346.86,3.8,7.65,0,0,9.45,0,0,0,0,0,Non-AD
5889,2024-07-25,178,81,262.52,99.84,65.94,265.51,4.7,5.49,0,0,1.93,0,0,0,0,0,Non-AD
6262,2023-01-08,142,64,243.44,116.32,58.91,393.18,11.1,3.65,0,0,8.47,0,0,0,0,1,Non-AD
6442,2023-05-10,114,75,155.19,96.19,30.21,332.84,26.4,6.35,0,1,7.33,0,0,0,0,0,Non-AD
6508,2024-03-07,139,77,200.67,164.07,97.69,265.66,3.0,5.22,0,0,3.19,0,0,1,0,0,Non-AD
5442,2024-04-13,171,93,171.98,92.39,71.28,397.5,24.1,9.17,1,0,1.87,0,0,0,0,0,Non-AD
6225,2023-12-24,179,68,294.39,186.04,67.43,266.23,,4.18,0,0,7.0,0,0,0,0,0,Non-AD
6217,2023-07-03,169,105,297.12,113.37,73.55,330.78,15.1,5.88,0,0,6.76,0,1,0,0,0,Non-AD
6472,2024-07-11,139,62,253.78,187.36,60.24,390.91,23.3,8.64,0,0,0.51,1,0,0,0,1,Non-AD
5540,2023-11-12,163,68,293.6,51.89,66.06,72.96,23.0,0.5,0,0,6.67,1,0,0,0,0,Non-AD
6216,2023-04-20,165,65,292.19,179.98,35.25,273.88,20.5,3.5,1,0,6.1,0,0,0,1,0,AD
6159,2023-03-02,110,96,234.41,51.4,89.26,128.95,17.6,3.72,1,1,1.64,0,0,0,0,0,AD
4935,2023-08-06,134,77,244.56,136.16,79.33,352.06,20.0,9.15,1,1,9.7,0,0,0,0,0,AD
5155,2023-09-20,150,103,287.37,117.79,30.09,73.38,16.1,6.33,0,0,5.59,1,0,0,0,0,Non-AD
6860,2024-06-09,170,70,239.04,183.92,76.68,188.47,0.2,3.26,0,0,4.52,0,0,1,0,0,Non-AD
4809,06/20/2023,106,96,268.77,70.32,81.76,120.93,11.4,6.12,1,0,1.82,0,0,0,1,0,AD
5263,2023-07-20,175,72,155.49,193.6,55.77,280.83,5.9,6.56,0,0,7.34,0,0,0,0,1,Non-AD
5193,2024-07-07,161,109,177.43,131.71,30.69,118.01,15.6,9.54,0,0,3.62,0,1,0,0,1,Non-AD
6540,2023-04-30,129,74,245.38,74.06,99.74,289.87,24.9,2.79,0,0,2.56,1,0,0,0,1,Non-AD
5293,06/18/2024,155,109,261.75,103.68,38.07,255.28,19.1,9.16,0,0,9.99,0,0,0,0,1,Non-AD
6547,2023-08-05,177,86,257.92,124.55,34.51,192.77,26.3,4.09,1,0,3.68,0,0,1,0,0,Non-AD
6893,2023-02-26,166,105,190.98,104.92,36.59,81.08,25.1,7.73,0,0,6.16,0,0,0,1,0,AD
5674,2024-02-03,152,75,200.29,109.78,72.02,382.92,1.8,1.65,0,0,4.22,1,1,0,0,0,AD
5260,2023-02-12,159,112,258.96,63.71,98.55,373.86,17.8,6.85,1,0,3.42,0,0,0,0,1,AD
5310,2024-02-04,145,112,298.25,107.72,37.99,276.48,21.8,6.72,0,0,7.85,0,0,0,0,0,Non-AD
5609,2024-07-10,113,67,252.75,115.72,87.47,69.67,8.1,3.4,0,0,7.61,0,0,0,0,1,Non-AD
5229,2023-02-19,105,83,184.74,167.57,32.67,235.54,-1.0,9.2,0,0,2.94,0,0,0,1,0,Non-AD
6741,08/04/2023,161,102,299.89,96.74,97.52,380.77,22.2,4.95,0,0,3.83,1,0,0,0,0,AD
4837,09/11/2023,99,62,218.12,199.37,51.64,296.65,29.4,1.15,1,0,6.3,0,0,1,0,0,Non-AD
5578,2024-04-14,134,114,201.61,64.96,31.41,397.08,28.5,0.69,0,0,3.39,0,0,0,0,0,Non-AD
5214,2024-04-16,149,61,244.19,82.91,38.46,121.74,21.5,1.98,0,0,8.15,0,1,0,0,0,Non-AD
5682,2024-02-23,112,66,246.6,168.83,72.07,88.51,28.6,3.24,1,0,2.28,0,0,0,1,1,Non-AD
6365,2023-06-05,118,62,288.74,198.96,25.48,376.04,8.3,5.65,0,0,3.52,0,0,0,0,1,Non-AD
4973,2024-01-27,134,75,296.2,88.76,53.69,252.24,15.7,7.55,0,0,1.77,1,0,0,0,0,Non-AD
5959,2023-11-20,96,89,270.94,124.44,87.55,390.74,24.5,6.0,0,0,0.44,0,0,0,0,0,Non-AD
5896,2024-08-19,92,93,168.65,101.83,99.14,347.84,25.5,7.49,0,0,1.37,0,0,0,0,0,Non-AD
6100,2024-03-29,146,101,234.35,194.41,27.44,371.36,26.2,7.11,1,1,3.43,0,0,0,0,0,Non-AD
5827,2023-05-27,173,93,216.4,85.8,26.63,120.02,,9.07,1,0,8.79,1,0,0,0,0,Non-AD
5537,2023-06-04,118,67,204.27,109.95,64.42,135.38,17.7,7.78,0,0,1.91,0,0,0,0,1,Non-AD
6486,2024-08-21,141,106,284.53,151.84,76.52,387.49,12.9,9.86,0,0,5.69,1,0,0,0,1,Non-AD
6789,2023-05-13,99,89,238.54,124.84,85.25,163.17,12.6,0.44,0,0,6.59,0,0,0,0,0,Non-AD
5188,2023-12-09,94,116,172.11,192.52,78.84,336.57,20.1,2.04,0,0,1.21,1,0,0,0,0,AD
6207,2024-02-24,134,112,205.97,188.69,40.8,189.8,,7.47,0,0,7.63,0,0,0,0,0,Non-AD
6665,2023-01-31,151,109,284.94,97.08,22.88,161.61,25.9,1.06,0,0,5.95,0,0,1,0,0,Non-AD
4946,2024-03-15,176,70,202.35,158.22,37.88,242.87,,4.27,0,1,6.18,0,0,0,0,0,Non-AD
6123,2024-08-20,146,66,283.55,54.65,35.76,388.1,12.6,6.48,0,0,4.08,0,0,0,0,0,Non-AD
5274,2023-06-16,155,98,172.01,190.52,44.71,213.5,6.1,9.53,0,0,9.47,0,0,0,0,0,Non-AD
6221,03/06/2023,117,112,183.07,194.19,69.84,170.21,1.9,5.04,0,0,2.35,1,0,0,0,1,Non-AD
6010,2023-04-26,175,76,247.87,70.97,74.98,204.92,27.2,9.11,0,0,4.99,0,1,0,0,0,Non-AD
5805,2023-12-14,145,111,172.15,158.37,48.62,102.23,26.5,1.07,0,1,9.68,0,1,0,0,0,Non-AD
6218,04/02/2023,117,106,271.27,94.24,86.44,370.24,3.6,0.85,0,0,9.5,0,0,0,0,0,Non-AD
5238,2023-09-17,100,66,158.84,131.94,84.58,88.66,22.1,3.37,0,0,9.09,0,0,0,0,0,Non-AD
6381,2023-07-22,171,95,157.29,109.09,86.55,279.8,12.1,3.05,0,0,0.57,0,0,0,1,0,AD
5334,2024-07-01,157,87,271.22,159.62,80.1,237.95,7.0,3.33,0,0,9.79,0,0,0,0,0,Non-AD
5329,02/10/2024,174,82,197.93,177.87,58.33,329.77,1.9,0.82,0,0,4.39,0,1,1,0,0,AD
5139,2023-01-21,176,97,266.41,196.97,84.47,272.58,18.6,3.65,0,0,9.61,0,1,0,0,0,Non-AD
6343,2024-05-06,144,74,290.26,158.2,80.09,127.0,20.5,3.69,0,0,2.35,0,0,0,0,1,AD
6434,2024-07-26,140,78,158.21,169.95,70.57,63.07,19.5,1.04,0,0,6.9,1,0,0,0,0,Non-AD
6139,08/11/2023,122,63,178.75,58.5,90.77,88.57,3.8,5.78,1,0,6.35,0,0,0,0,0,Non-AD
6004,04/01/2023,98,104,183.88,87.49,21.97,60.2,11.5,5.3,0,0,9.72,0,0,0,0,1,Non-AD
5579,01/17/2023,124,83,225.2,156.39,78.99,83.36,9.2,5.2,0,0,3.91,0,0,0,0,0,Non-AD
6628,2024-07-19,142,86,277.65,173.09,27.1,190.18,27.0,0.58,0,0,6.87,1,0,0,0,0,Non-AD
5624,2024-02-16,117,85,173.34,168.89,77.8,334.58,22.7,2.57,0,0,0.29,0,0,0,0,0,AD
5593,09/28/2023,93,69,268.23,196.21,26.11,115.6,5.8,3.55,0,0,3.2,0,0,0,0,0,Non-AD
6264,2023-07-10,165,107,159.07,129.9,30.79,207.79,28.9,6.65,0,0,3.13,1,0,0,0,0,Non-AD
6384,2023-12-05,118,115,190.72,63.15,76.81,360.96,13.1,5.35,1,0,0.63,1,0,0,0,0,AD
5017,2024-07-08,126,107,209.88,115.56,72.02,146.2,16.8,9.58,1,0,8.87,1,0,0,1,0,Non-AD
5320,2023-04-11,143,67,162.15,166.36,37.59,113.86,15.2,8.21,1,0,9.45,1,0,0,0,1,Non-AD
6611,2023-10-19,175,119,183.82,79.15,45.51,355.51,11.1,8.16,1,0,3.94,0,0,0,0,0,AD
5209,2024-06-25,179,104,267.73,80.6,35.67,223.16,,3.71,0,0,2.96,0,0,0,0,1,AD
5476,2023-12-13,97,65,159.99,170.31,44.79,116.9,25.4,6.03,0,1,1.27,1,0,0,0,0,Non-AD
4867,2023-08-01,160,93,275.85,110.27,97.33,311.74,10.7,9.97,0,0,6.5,0,0,0,0,0,Non-AD
6769,2023-01-29,107,87,254.43,170.65,72.62,302.8,25.7,8.52,0,0,5.93,0,0,0,0,0,Non-AD
6737,2023-12-13,132,81,272.54,89.59,32.58,325.94,10.2,2.12,0,0,3.03,0,0,0,0,0,Non-AD
6882,2023-09-05,124,72,274.43,152.95,26.83,272.0,28.7,8.55,0,0,7.16,0,0,1,0,0,AD
5025,03/23/2023,175,89,180.1,133.6,28.78,174.15,,6.42,0,0,0.15,0,0,0,0,0,Non-AD
5923,2024-06-27,126,101,272.34,133.2,69.49,77.68,28.1,3.0,0,0,4.88,1,0,1,0,0,Non-AD
5298,11/15/2023,157,93,179.41,162.62,69.45,397.04,17.1,7.51,0,0,9.73,0,0,0,0,1,Non-AD
5551,2024-02-08,136,96,175.74,102.92,68.34,327.48,2.2,1.91,0,0,4.34,1,0,1,0,0,AD
6849,2023-07-09,172,119,216.07,80.4,23.42,193.08,8.3,2.94,0,0,1.44,0,0,0,0,0,AD
4797,2024-05-01,118,115,283.93,178.03,25.57,64.66,13.4,5.08,0,1,1.44,0,0,0,0,0,AD
5061,03/03/2024,114,106,196.14,191.11,52.73,89.79,19.5,9.06,0,0,8.41,0,0,0,0,1,Non-AD
5904,2023-12-16,103,62,199.51,126.96,93.6,198.34,,9.66,0,0,0.27,0,0,0,0,0,Non-AD
5010,2024-01-04,122,115,166.75,96.2,42.56,364.08,30.0,8.43,0,0,3.12,0,0,0,0,0,Non-AD
6350,2023-10-25,145,77,179.37,153.95,44.49,235.37,16.1,8.31,0,0,1.81,0,0,0,1,0,Non-AD
6556,2023-07-23,97,103,172.5,167.85,93.94,127.34,5.1,7.81,0,1,3.67,0,0,0,1,0,AD
5650,2024-04-02,144,118,222.1,122.27,72.16,336.53,7.0,5.32,0,0,1.84,1,1,0,1,1,Non-AD
5986,2024-07-06,109,98,222.19,92.96,51.09,300.91,24.8,4.15,0,0,6.61,1,1,0,1,0,Non-AD
6171,2023-09-03,135,95,203.34,107.7,24.61,333.99,22.7,8.38,0,1,8.4,1,0,0,1,0,Non-AD
6048,2024-02-09,161,84,269.95,141.57,49.01,97.67,3.4,4.99,0,0,1.68,0,0,0,0,0,AD
4940,2023-02-03,161,62,174.75,79.08,87.75,321.52,18.4,7.44,0,0,6.51,0,0,0,0,0,Non-AD
5159,2023-07-04,119,91,258.78,53.93,66.83,241.91,-1.0,5.02,1,0,2.3,0,0,1,1,0,AD
6454,07/22/2024,95,107,228.12,141.62,22.93,257.98,24.5,6.15,0,0,1.23,0,0,0,0,0,Non-AD
6778,2023-04-24,172,94,231.02,175.76,42.8,381.17,1.8,1.74,0,0,4.0,0,0,0,0,0,AD
5067,07/01/2023,103,83,181.73,89.89,59.57,130.93,17.8,0.06,1,1,1.07,0,0,0,0,0,AD
6383,2023-12-07,104,87,201.26,135.22,22.7,217.92,23.8,8.48,0,0,9.45,0,1,0,1,0,Non-AD
5112,2024-04-01,92,75,163.04,91.35,88.87,364.17,12.0,8.6,0,0,4.71,0,0,0,0,1,Non-AD
5181,2024-04-03,146,104,173.93,86.07,50.73,90.82,3.5,5.67,0,1,0.51,0,0,1,0,0,AD
6050,2024-04-24,100,113,227.02,109.56,71.21,290.82,25.0,4.13,0,0,5.33,0,0,0,0,0,Non-AD
6840,2024-01-11,142,75,175.72,106.88,89.18,170.29,0.8,7.68,0,0,4.46,0,0,0,0,0,AD
5664,2023-08-22,142,79,153.66,160.32,36.7,117.98,28.1,1.27,0,0,0.66,1,1,0,0,0,Non-AD
6677,2023-12-29,113,106,293.94,179.13,40.1,137.41,2.7,0.33,0,0,9.63,1,1,0,1,0,Non-AD
4944,2024-06-22,166,82,166.13,66.24,62.42,269.77,20.5,5.47,0,0,9.43,0,0,0,0,0,Non-AD
5835,2023-06-11,168,67,217.9,174.37,83.17,298.03,21.2,1.38,1,0,9.57,0,0,0,1,1,AD
4873,2024-04-15,99,102,187.69,161.55,80.56,377.1,16.7,4.96,0,0,1.95,0,1,0,0,0,AD
5985,2023-04-17,102,64,241.92,87.23,89.72,133.55,21.7,3.49,1,1,8.14,0,0,0,1,0,AD
6711,2023-09-04,172,108,202.37,108.18,78.43,185.25,26.0,0.96,0,0,3.1,0,0,0,0,0,Non-AD
5063,2023-02-07,157,83,249.62,121.83,94.38,50.97,25.0,5.14,1,0,6.65,0,0,0,0,1,Non-AD
6320,2023-08-27,94,119,154.18,199.46,27.06,164.25,0.8,8.17,0,0,4.69,0,0,0,0,1,Non-AD
5676,2023-11-22,101,61,263.27,73.21,49.62,161.71,,7.36,1,0,5.59,0,0,0,1,1,Non-AD
4769,08/01/2024,132,107,214.91,132.13,20.89,192.76,15.5,5.19,0,0,7.5,0,0,0,0,1,Non-AD
6280,04/02/2023,171,112,294.72,91.59,32.73,253.35,6.0,9.77,0,1,3.3,0,0,0,0,0,AD
5490,2023-02-11,168,69,289.61,163.75,92.92,169.28,22.0,4.02,0,0,2.23,1,1,0,0,0,AD
5872,08/05/2023,179,83,237.39,97.17,54.74,203.58,4.7,4.72,0,0,7.5,0,0,0,0,0,Non-AD
5644,2023-10-11,146,109,251.35,164.38,72.23,146.32,22.3,8.18,0,0,9.11,1,1,0,0,1,Non-AD
5886,2024-04-18,160,105,296.59,196.04,89.18,215.26,14.4,3.07,0,1,8.63,0,0,0,0,0,AD
5909,02/27/2024,160,68,280.78,194.57,66.72,229.64,22.7,4.09,1,0,3.32,1,0,0,0,1,AD
4768,2023-01-23,154,61,183.11,101.26,39.23,374.86,-1.0,4.02,0,0,2.89,0,0,0,0,0,AD
6506,2023-05-04,154,60,287.81,56.37,29.71,337.99,24.0,5.14,0,0,8.74,0,0,0,0,0,Non-AD
6523,2024-05-17,131,109,285.49,79.53,94.84,219.05,3.8,4.15,0,0,0.11,1,0,0,0,0,AD
6569,2023-05-23,132,71,167.15,95.86,95.51,188.2,7.0,7.81,0,0,8.08,0,0,0,0,0,Non-AD
6314,2024-03-21,144,82,246.62,53.19,27.61,249.75,18.1,4.18,0,0,2.72,0,0,1,0,0,AD
5981,2023-09-06,171,85,261.87,116.45,26.75,180.48,29.7,2.45,0,0,4.69,0,0,0,0,0,Non-AD
5256,2024-01-23,128,76,177.96,53.58,69.62,354.26,18.0,7.24,1,0,0.21,0,0,0,1,1,AD
6527,2024-03-20,113,94,236.05,119.28,88.38,129.91,1.3,0.21,1,1,3.3,0,1,0,0,0,AD
5339,2023-11-11,133,68,192.42,61.91,79.89,91.68,4.1,0.81,0,0,1.47,0,0,0,0,1,AD
6647,06/13/2024,96,113,260.63,138.19,37.28,375.23,22.5,9.16,0,0,9.25,0,0,0,1,1,Non-AD
6446,2024-04-04,97,108,253.65,164.11,30.81,319.29,21.5,1.22,0,0,7.47,0,0,0,0,0,Non-AD
5669,02/13/2023,145,75,273.42,74.36,25.95,218.75,,1.02,0,0,0.36,0,0,0,0,0,AD
6013,2024-06-12,110,119,257.54,77.39,86.42,102.48,2.0,9.52,0,1,6.69,0,0,0,0,1,Non-AD
5173,2023-11-06,130,109,189.83,156.49,38.1,375.22,22.4,5.42,0,0,4.91,0,0,0,0,0,Non-AD
6859,2024-03-23,91,71,193.59,156.93,29.41,75.88,1.0,5.03,0,0,1.38,0,0,0,0,0,Non-AD
6223,2023-05-11,120,79,155.31,159.24,94.17,81.01,4.2,2.01,1,0,8.2,0,0,0,0,0,AD
6780,2023-10-26,138,87,191.76,157.66,99.06,183.37,1.6,9.44,0,1,6.12,0,0,0,0,0,AD
5123,08/25/2023,132,106,247.51,94.11,99.46,379.87,14.7,6.06,0,0,4.17,0,0,0,0,0,Non-AD
5140,2023-02-26,109,116,218.24,194.68,39.34,354.3,25.7,2.94,1,1,4.31,0,0,0,1,0,AD
6317,2023-09-05,95,65,291.17,161.73,48.71,146.05,10.8,2.38,0,0,2.6,0,0,0,0,1,AD
5171,2023-04-15,108,71,203.91,175.48,89.94,236.63,6.0,2.18,0,0,3.18,0,1,0,0,0,AD
5842,2023-03-05,135,113,274.94,130.78,39.94,151.82,20.6,4.25,0,0,0.61,0,0,0,0,0,AD
6593,2024-03-17,141,91,271.37,192.34,36.23,83.89,27.1,6.11,0,0,7.62,0,0,0,0,0,Non-AD
5316,2023-08-28,145,70,188.07,155.08,82.0,67.59,7.9,6.22,0,0,2.6,0,0,0,0,0,Non-AD
5294,2023-08-29,148,116,202.23,106.48,91.86,136.29,24.2,6.8,0,1,7.44,0,1,1,0,0,Non-AD
5791,03/21/2023,178,96,284.49,117.68,41.93,307.18,5.5,6.23,0,0,1.58,0,0,0,0,0,Non-AD
5459,2024-07-26,151,73,197.73,173.17,91.57,370.68,3.8,7.4,0,0,9.12,0,0,1,0,0,Non-AD
5245,2023-12-08,118,83,205.38,156.42,46.28,304.1,2.4,1.61,0,0,6.64,0,0,0,0,0,Non-AD
6268,2024-01-28,106,97,263.58,159.14,99.41,239.5,3.3,5.03,0,1,4.84,0,0,0,0,0,AD
6246,2023-10-18,144,78,167.68,152.14,53.96,214.46,0.4,9.65,0,0,9.87,0,0,1,0,0,Non-AD
6680,2023-01-07,105,107,180.97,134.16,82.79,389.13,1.7,4.64,0,0,3.51,1,0,0,0,0,AD
5179,02/13/2023,109,64,177.94,181.61,38.05,211.74,28.7,4.56,1,0,1.23,0,0,0,1,0,Non-AD
6111,06/15/2024,102,88,200.36,131.42,33.93,121.63,0.4,5.63,0,1,6.72,0,0,1,0,0,Non-AD
5035,2023-01-09,158,100,286.1,94.02,50.6,165.32,,7.07,0,0,1.65,0,0,0,0,0,Non-AD
5101,2024-07-03,150,61,157.2,163.9,72.44,100.86,,4.56,0,1,6.52,0,0,1,1,0,AD
5056,2023-10-25,155,106,196.79,95.31,42.56,386.64,28.7,5.42,0,0,3.32,0,0,0,0,0,Non-AD
5105,2023-09-18,143,99,272.2,181.29,48.7,363.46,27.9,6.98,0,0,0.33,0,0,1,1,0,Non-AD
5950,2024-07-06,116,62,237.82,109.29,55.55,264.15,22.5,6.56,0,0,0.13,0,0,0,0,0,Non-AD
5467,2023-01-07,92,61,229.1,176.49,69.26,350.59,5.7,7.55,0,0,7.47,0,0,0,0,1,Non-AD
5169,2023-02-17,144,113,151.06,55.38,97.68,247.16,5.8,0.67,0,0,0.12,0,1,0,0,1,AD
6685,2024-05-05,90,82,168.49,149.98,90.51,390.41,7.3,5.6,0,0,3.33,1,0,0,0,0,Non-AD
6777,2023-01-30,162,103,217.07,80.73,54.14,196.46,6.2,6.58,1,0,1.76,0,0,0,0,0,Non-AD
5731,2024-03-30,153,100,173.81,93.44,74.28,270.7,25.9,7.42,0,0,1.95,0,0,0,1,0,Non-AD
5376,2024-01-15,82,146,275.93,124.3,50.29,357.76,21.5,4.2,1,0,6.79,0,1,0,0,0,Non-AD
5264,2023-01-06,178,98,285.88,172.09,95.15,273.8,3.2,7.72,0,0,8.63,1,0,0,0,0,Non-AD
4860,2024-06-18,147,111,162.44,62.46,48.23,107.56,22.7,8.04,0,0,6.94,0,0,1,0,1,Non-AD
5431,05/26/2023,159,109,156.53,99.39,73.48,336.73,29.8,6.99,0,0,8.96,1,0,1,0,0,Non-AD
6449,10/31/2023,163,84,154.03,67.77,22.84,169.43,-1.0,9.3,1,0,1.68,0,0,0,0,0,Non-AD
6148,04/19/2023,104,90,162.18,172.66,97.8,186.78,17.0,8.04,0,0,9.26,0,0,0,0,0,Non-AD
5328,2023-03-23,179,65,187.06,64.75,50.43,377.55,17.8,9.91,0,0,6.04,0,0,0,0,0,Non-AD
6768,2024-03-16,175,119,294.2,103.93,32.62,229.93,19.2,4.29,1,0,8.58,0,0,0,0,0,AD
5555,2023-03-14,119,99,283.4,193.31,22.47,325.97,,2.98,0,0,1.81,0,0,1,1,0,Non-AD
5969,2023-06-18,136,71,157.85,51.82,83.58,292.6,15.2,2.76,0,0,0.03,0,1,0,0,0,AD
5001,2024-04-22,99,74,188.07,193.95,77.91,399.79,17.7,0.02,0,0,1.7,0,0,0,0,0,AD
6048,2024-02-09,161,84,269.95,141.57,49.01,97.67,3.4,4.99,0,0,1.68,0,0,0,0,0,AD
6846,2023-03-20,164,70,186.84,140.36,43.49,396.19,16.4,4.5,0,0,9.11,0,1,0,0,0,Non-AD
5413,2024-06-03,106,75,173.87,62.43,60.66,265.71,,3.02,0,0,2.45,0,0,0,0,0,AD
4912,2024-05-21,90,62,237.31,186.6,42.45,295.42,14.7,8.46,1,1,8.02,0,0,1,1,1,AD
5282,2024-05-22,127,91,298.54,141.46,70.16,145.76,24.5,5.74,0,0,7.33,0,0,0,0,1,Non-AD
5838,2023-11-18,133,60,280.46,90.33,23.7,373.76,18.5,4.93,0,1,2.21,0,0,1,0,0,AD
5919,2023-01-06,176,97,161.83,84.12,94.8,208.91,,6.43,0,0,3.29,0,0,1,0,1,Non-AD
6484,2024-05-07,108,108,295.52,70.22,68.23,67.65,26.9,8.94,0,0,2.57,0,0,0,0,1,Non-AD
6862,2024-01-19,138,75,268.08,79.23,85.63,385.55,2.5,0.31,0,0,8.2,1,0,0,0,0,AD
5706,2023-12-29,116,67,294.74,153.22,36.08,360.46,13.8,6.02,0,0,7.95,0,0,0,0,0,Non-AD
6063,2023-09-07,140,96,254.21,104.46,60.26,147.52,0.2,9.08,0,1,0.99,0,0,0,0,0,AD
6814,2024-06-16,177,76,214.72,129.8,98.74,395.49,24.0,4.65,0,0,8.23,0,0,0,0,0,AD
5510,11/30/2023,137,119,260.83,197.48,52.12,276.33,12.9,7.83,0,0,3.16,1,0,0,0,0,Non-AD
6535,2023-08-19,159,75,199.05,193.16,45.73,325.58,9.5,2.15,0,0,1.22,0,0,0,1,1,AD
5062,2023-03-03,144,67,205.01,162.8,85.4,88.44,20.5,5.98,1,0,7.23,1,0,1,0,0,Non-AD
6645,2023-02-24,105,85,219.42,173.18,50.47,323.41,22.2,9.74,0,0,2.24,0,1,0,0,0,Non-AD
5707,2023-08-03,106,98,157.21,109.29,30.06,326.63,13.0,2.77,0,0,6.94,0,0,0,0,0,Non-AD
6352,2023-03-12,113,86,151.68,74.02,75.81,129.06,10.8,9.7,0,0,7.54,0,0,0,0,1,Non-AD
5430,05/06/2023,108,83,251.28,74.1,98.13,291.3,16.3,1.77,0,0,3.37,1,0,0,0,0,AD
5693,05/26/2024,125,97,188.59,141.17,42.47,319.96,27.9,7.31,0,1,3.4,1,1,0,0,0,Non-AD
6289,2024-03-21,157,89,168.91,106.74,68.76,247.46,0.6,8.81,0,0,4.93,0,0,0,0,0,Non-AD
6656,2024-08-22,134,60,168.68,188.33,21.59,107.48,0.3,7.14,0,0,1.82,0,0,0,1,0,Non-AD
6705,08/22/2023,92,117,259.14,89.8,33.57,281.15,4.6,4.65,0,0,1.65,0,0,0,0,1,AD
4792,2023-09-04,143,62,247.31,134.78,32.95,181.15,10.0,3.22,0,0,9.55,0,0,0,0,0,Non-AD
5008,2024-02-26,175,101,294.89,77.85,40.78,248.44,16.8,5.11,1,0,3.67,0,0,0,0,0,AD
4964,2023-01-27,139,119,295.99,186.59,63.77,141.96,21.0,3.25,0,0,3.24,0,0,0,0,0,AD
5524,2024-02-29,112,93,174.85,135.44,24.27,314.18,13.2,6.59,0,0,5.71,0,0,0,0,0,Non-AD
5074,2024-03-12,146,62,166.37,89.68,36.18,368.93,26.9,0.78,1,0,4.47,0,0,0,1,0,Non-AD
6795,2023-02-17,169,60,292.72,89.56,97.63,374.2,3.7,4.55,0,0,0.84,0,1,0,0,0,AD
6745,2024-02-02,91,100,205.03,173.98,61.19,288.6,17.4,3.46,0,0,0.68,1,0,0,0,0,AD
6416,2023-10-25,133,68,157.7,195.64,42.99,115.94,28.9,0.09,0,0,9.14,0,0,0,0,0,Non-AD
5697,2023-01-18,137,82,272.05,120.22,91.01,358.44,20.9,6.79,0,0,4.35,0,0,0,1,1,Non-AD
6809,01/19/2024,112,118,260.35,174.23,54.29,136.08,0.8,3.21,0,0,0.93,0,0,1,1,1,AD
6586,2023-12-30,90,80,262.96,170.68,25.68,164.16,2.2,1.03,1,0,1.63,0,0,0,1,0,AD
4987,2024-07-30,141,101,230.26,158.89,32.24,156.5,11.5,9.56,0,0,3.63,0,0,1,0,0,Non-AD
4842,2023-05-10,122,112,181.59,63.49,95.61,389.14,23.2,7.02,0,1,4.65,0,0,0,0,1,AD
6817,2023-01-05,107,80,249.56,113.72,21.28,251.56,7.7,5.22,0,0,5.91,0,0,0,0,1,AD
5796,2024-04-21,179,86,235.42,194.61,43.67,291.48,12.4,1.32,0,0,2.22,0,0,0,0,1,AD
5822,2023-04-11,175,63,278.58,64.6,74.13,386.78,23.9,9.96,0,0,7.01,0,0,1,0,0,Non-AD
6787,01/18/2024,112,64,241.06,196.62,33.67,278.84,-1.0,5.54,0,0,1.18,0,0,0,0,0,AD
4772,2023-01-07,178,89,210.15,94.13,68.2,364.15,,2.75,0,0,3.0,0,0,0,1,0,Non-AD
6757,2023-06-14,129,65,161.16,170.2,47.6,267.38,26.3,2.01,1,0,0.29,0,0,0,0,0,AD
6716,2023-04-28,137,65,195.05,130.64,82.78,233.49,29.1,1.74,0,0,6.54,0,1,1,1,1,Non-AD
6026,2023-08-02,156,111,281.48,131.85,83.09,124.78,8.5,4.17,0,0,1.98,0,0,0,0,0,AD
5262,2023-12-29,131,65,221.27,96.84,66.89,335.04,4.0,6.52,0,0,0.35,0,0,0,0,0,Non-AD
6763,02/20/2024,96,94,176.03,93.22,76.91,339.49,12.3,7.46,0,0,8.46,0,0,0,0,0,AD
5921,05/04/2023,115,118,167.5,60.74,80.04,391.91,23.5,8.12,0,0,1.33,0,0,0,0,0,Non-AD
6060,2024-04-27,163,71,182.4,84.01,72.18,187.13,6.9,1.92,0,1,4.25,0,0,0,1,0,AD
6666,01/23/2024,102,110,248.07,123.34,34.31,308.6,,0.63,0,0,7.15,0,0,0,0,0,Non-AD
5250,2024-07-10,110,117,161.39,96.36,91.03,208.53,9.7,0.84,0,0,7.85,1,0,0,0,1,Non-AD
5670,2024-03-15,98,98,241.14,77.21,55.47,380.75,14.3,0.62,0,0,1.58,0,1,0,0,0,AD
4821,2024-03-21,177,90,283.11,67.83,55.61,391.53,1.9,6.84,0,0,1.86,0,0,0,0,0,Non-AD
5119,2023-03-16,166,77,198.11,187.29,33.62,285.29,19.2,7.64,0,0,7.69,0,0,1,0,1,Non-AD
6674,2023-08-19,123,102,215.89,181.68,44.66,147.48,24.9,6.45,1,1,1.5,0,0,0,0,0,Non-AD
5518,2023-01-12,165,87,266.68,177.83,60.5,290.41,12.8,6.77,1,1,6.72,0,0,0,1,0,AD
6829,2023-01-19,126,110,277.71,107.23,49.47,339.0,3.6,5.75,0,0,8.29,0,0,0,0,0,Non-AD
6305,2024-01-04,139,64,253.58,88.54,90.75,133.39,0.2,6.5,1,0,4.27,1,1,0,0,0,AD
4771,2024-08-22,120,93,271.84,84.48,76.37,361.24,9.0,6.95,0,1,1.69,0,0,0,0,1,AD
6438,2023-07-17,93,106,255.71,199.44,89.57,191.11,1.5,7.72,0,0,2.43,0,0,0,0,1,Non-AD
6109,2024-05-20,155,107,157.39,133.22,69.6,373.55,17.3,4.2,0,0,6.67,1,0,0,0,0,Non-AD
5364,2024-01-09,139,99,172.68,138.07,42.29,306.52,4.9,8.87,1,0,0.78,0,1,0,0,0,AD
6885,2023-02-26,116,74,219.94,60.91,49.47,193.47,1.3,9.25,1,0,1.16,0,0,0,1,1,Non-AD
6533,2024-06-05,178,107,292.76,99.78,58.3,123.85,10.0,9.15,0,0,1.34,1,1,0,0,0,Non-AD
6799,2024-03-22,104,83,277.1,62.31,61.29,110.97,16.3,8.81,0,1,7.05,0,0,0,0,0,AD
5836,05/29/2023,124,60,152.43,65.58,59.14,85.9,7.0,9.24,1,0,1.55,0,0,0,0,1,AD
6679,2024-03-28,153,60,196.01,73.8,44.79,299.72,5.3,9.71,0,0,8.17,0,0,1,0,0,Non-AD
5701,2024-01-02,167,108,236.72,184.99,26.12,326.55,24.6,4.01,0,1,6.5,0,0,0,0,1,Non-AD
5733,03/04/2024,144,98,180.19,175.66,39.1,390.16,29.5,4.82,1,1,2.17,0,0,0,0,0,AD
6333,2023-04-06,157,117,226.65,153.14,30.28,262.17,10.4,2.26,0,0,6.3,0,0,1,0,0,Non-AD
4880,08/28/2023,176,85,193.53,127.34,78.84,198.01,6.1,5.57,0,1,8.05,0,0,0,0,0,Non-AD
5883,2024-01-22,161,108,217.12,193.52,28.49,139.13,22.3,5.01,0,0,9.33,1,1,0,0,0,Non-AD
5154,2023-07-30,105,61,268.72,195.09,31.62,305.14,27.1,4.69,0,0,4.64,0,1,1,0,0,Non-AD
6245,2023-06-22,114,65,251.78,80.43,76.49,243.45,14.7,1.98,0,0,9.11,1,0,0,0,0,Non-AD
6613,2024-08-06,126,70,266.63,54.75,40.08,327.91,5.8,8.82,0,0,0.81,1,0,0,1,1,Non-AD
6488,2024-03-29,126,99,172.18,152.29,28.75,384.28,2.2,0.99,0,0,5.51,0,0,0,0,0,Non-AD
6629,2024-02-11,115,98,171.14,109.28,38.09,201.62,1.9,0.89,0,0,6.83,0,0,0,0,1,Non-AD
5331,2024-06-28,125,61,263.77,114.48,63.2,121.3,4.4,3.67,0,0,3.95,1,0,0,0,0,AD
6052,2024-01-16,92,119,182.31,105.91,32.91,270.13,21.7,1.25,0,1,7.17,0,0,0,0,0,AD
6008,2024-08-11,158,116,243.49,88.4,64.52,90.04,22.3,4.05,0,0,9.94,0,0,0,0,0,Non-AD
6220,2024-04-05,102,97,249.81,193.69,53.06,99.19,29.4,4.16,0,0,5.0,0,0,0,0,1,Non-AD
5416,02/28/2023,96,97,176.45,53.66,64.46,99.64,8.5,7.24,0,0,9.62,0,0,0,0,1,Non-AD
5205,2024-06-26,128,110,294.61,91.25,67.29,354.5,8.6,7.16,0,1,5.05,0,1,0,0,0,Non-AD
5738,2024-05-23,95,88,203.35,145.34,32.9,345.32,,6.6,0,0,1.94,1,0,1,0,1,Non-AD
6149,2023-01-26,154,99,219.08,170.65,22.43,104.92,21.8,7.93,0,0,2.23,0,0,0,0,1,Non-AD
6896,2023-12-04,152,106,186.38,95.41,93.65,367.99,6.5,8.69,0,1,9.2,0,0,0,0,0,AD
5574,2024-03-08,137,116,284.87,56.97,23.09,133.79,13.3,4.89,1,0,1.74,1,0,1,0,1,AD
5243,2023-01-09,144,84,183.04,189.83,25.27,65.64,11.0,2.17,0,0,3.19,0,1,0,1,0,AD
5271,2023-06-06,123,94,213.62,150.61,72.49,370.92,10.9,8.86,1,0,1.98,0,0,0,0,0,AD
5489,2023-01-21,98,93,272.27,69.0,79.77,172.98,2.6,7.7,0,0,4.68,1,1,0,0,1,Non-AD
4929,2023-02-06,101,110,248.32,154.45,87.8,186.94,26.8,6.64,0,1,5.94,0,0,0,1,1,Non-AD
6276,2024-05-03,134,72,209.91,178.41,76.84,68.71,6.3,4.94,1,0,3.31,0,0,0,1,1,AD
5849,2024-06-21,148,105,282.39,153.85,64.18,77.34,5.1,1.4,0,0,3.95,0,0,0,0,0,AD
4955,2024-06-23,146,62,227.91,160.78,38.84,272.91,9.1,4.52,0,0,9.52,0,0,0,0,0,Non-AD
6338,2023-12-30,62,128,184.28,101.74,49.6,392.37,5.4,6.38,0,0,3.16,0,0,0,0,0,Non-AD
5064,2024-02-06,163,68,232.32,193.95,20.74,123.68,12.3,8.22,0,0,6.77,0,0,0,0,0,Non-AD
5093,2024-07-18,146,61,285.68,103.06,71.24,115.8,11.0,3.19,0,0,5.35,1,0,1,1,0,Non-AD
4853,2024-03-19,164,77,168.98,66.26,65.3,159.63,23.0,8.84,0,0,0.53,0,0,0,0,0,Non-AD
6686,2024-06-08,128,79,219.28,121.44,49.93,368.14,15.7,3.14,1,0,3.2,1,0,0,0,1,AD
5440,2024-04-30,103,126,295.23,94.62,25.66,335.52,1.5,0.01,0,1,8.95,0,0,0,0,1,AD
6336,2023-03-11,178,117,244.27,98.17,84.46,167.69,27.1,6.93,0,1,9.9,0,0,0,0,0,Non-AD
6306,2023-11-01,138,91,254.87,164.82,61.49,394.9,28.6,1.9,0,0,7.18,1,0,0,0,0,Non-AD
4798,2023-06-02,145,106,240.15,102.46,52.68,214.05,14.2,8.87,0,1,8.05,0,0,0,0,0,Non-AD
5750,2023-04-12,178,80,221.1,139.77,76.96,165.63,5.3,5.7,0,1,7.05,1,0,1,0,1,Non-AD
5248,12/20/2023,104,92,178.45,138.16,81.64,161.79,17.7,5.76,0,0,3.33,0,0,0,0,1,Non-AD
6637,2024-04-09,97,96,174.21,147.67,57.71,283.62,11.6,7.27,0,0,1.15,0,0,1,0,0,Non-AD
6636,2023-01-25,156,87,224.8,50.23,93.98,329.74,13.4,2.42,0,0,7.65,0,0,0,0,0,Non-AD
6189,2023-12-16,165,91,195.55,142.6,42.87,205.15,18.7,5.29,0,0,4.66,0,0,0,0,0,Non-AD
6270,2023-02-27,153,108,258.54,77.19,69.71,163.18,0.5,6.7,0,1,3.14,1,0,0,0,1,AD
4923,2023-05-23,132,80,190.22,59.56,45.2,85.17,17.1,1.92,0,0,3.77,0,1,0,0,0,AD
6351,2024-06-01,149,109,186.96,55.13,26.56,318.55,11.5,4.58,0,0,7.83,0,0,0,0,0,Non-AD
4818,2023-01-23,173,95,209.38,150.98,48.57,195.48,3.3,2.01,1,0,7.37,0,0,0,0,0,AD
6759,2024-01-13,130,101,208.56,81.98,81.53,299.24,21.6,9.15,1,1,9.24,0,0,0,1,1,AD
4859,2024-04-20,97,61,288.56,181.21,60.73,312.85,12.8,3.23,0,0,0.21,0,0,0,0,0,AD
6408,01/03/2023,139,72,293.28,182.63,89.8,113.81,24.8,2.18,0,0,6.38,0,0,0,0,1,Non-AD
6342,2024-01-18,91,105,157.32,81.97,29.54,125.52,29.2,8.04,0,0,5.08,0,0,0,1,0,Non-AD
4785,2023-12-15,117,75,291.76,73.18,29.84,294.51,8.0,0.78,1,0,8.14,0,0,0,0,1,AD
5830,2023-11-06,162,82,152.37,152.64,67.12,110.19,14.8,5.02,0,0,9.57,0,1,0,0,0,Non-AD
5325,2024-03-10,169,111,299.99,64.18,51.41,164.76,28.4,2.06,1,0,5.27,1,1,0,0,0,Non-AD
5779,2024-07-14,129,89,230.31,88.54,53.92,397.98,9.5,2.14,0,0,7.08,0,0,0,0,1,Non-AD
6182,2024-06-19,157,102,170.33,166.69,22.75,175.89,6.9,6.26,0,0,7.38,0,1,0,0,1,Non-AD
6839,2024-03-14,139,108,167.9,96.98,93.88,356.3,11.8,9.3,0,1,6.67,0,0,0,0,0,AD
6558,2024-07-22,151,78,163.19,103.29,21.52,363.02,,9.71,0,0,7.47,1,0,1,0,0,Non-AD
5157,2023-01-09,163,100,215.1,198.87,92.68,65.85,1.7,5.51,0,1,9.9,0,0,0,0,1,Non-AD
5031,2024-03-09,138,111,172.78,182.8,39.59,131.46,2.6,7.82,0,0,8.07,1,0,0,1,0,Non-AD
5037,2024-07-13,149,103,153.62,56.29,21.53,218.61,1.8,7.67,0,0,5.85,0,0,0,1,0,Non-AD
6385,04/16/2023,118,67,207.67,187.19,53.36,173.89,18.2,6.11,1,0,5.08,0,0,1,0,1,Non-AD
5698,2023-06-25,138,99,177.52,57.72,54.9,183.75,-1.0,9.56,1,0,2.54,0,0,0,0,1,AD
6866,2023-09-05,127,63,282.44,74.3,87.99,158.25,27.8,8.84,1,0,0.36,1,1,0,0,0,Non-AD
5744,02/06/2023,91,78,257.19,128.98,61.56,342.68,19.7,1.92,1,0,6.33,0,0,0,1,0,AD
6393,2023-09-08,90,100,167.4,160.36,60.26,226.65,2.3,9.36,0,0,0.43,0,0,1,0,0,Non-AD
4766,2023-07-23,124,72,204.67,97.76,99.29,246.91,22.7,3.74,0,0,1.91,0,0,0,0,1,AD
6432,2024-06-23,165,88,171.55,107.11,60.44,352.21,12.0,1.18,0,1,2.87,0,0,0,0,1,AD
6078,2024-03-27,111,66,252.7,166.18,75.5,288.91,25.1,6.28,0,0,4.03,0,0,0,0,0,Non-AD
5902,2023-10-24,122,78,289.03,163.07,70.06,309.4,9.4,2.57,0,0,9.03,0,0,0,0,0,Non-AD
4881,2024-07-30,155,93,167.82,168.67,46.61,274.38,6.3,1.4,0,1,4.01,0,0,0,0,0,AD
6255,2024-02-09,115,61,190.25,76.41,99.68,117.59,,1.95,0,1,2.42,0,0,0,0,1,AD
6067,2023-04-04,134,110,283.01,123.25,37.59,63.78,17.5,3.45,0,0,0.73,0,1,1,0,1,AD
5065,2023-01-26,156,64,206.14,156.42,38.36,166.73,1.8,5.39,0,1,2.86,0,0,0,0,1,AD
5418,2024-08-07,165,87,150.09,69.07,35.44,339.04,6.8,2.88,0,0,7.58,1,0,0,0,0,Non-AD
5003,2023-09-04,156,112,181.69,56.99,39.06,72.82,5.2,6.46,0,0,1.17,1,0,0,0,1,Non-AD
6346,2024-07-29,92,93,219.92,141.61,30.19,171.41,26.4,9.82,1,0,3.33,1,1,0,0,1,Non-AD
6034,2024-05-27,95,106,180.57,133.03,22.25,148.33,27.0,8.7,0,1,6.95,0,0,0,0,1,Non-AD
6474,2023-04-08,118,99,197.47,172.27,43.14,317.71,2.0,0.36,0,0,0.32,0,0,0,0,0,Non-AD
6016,2023-02-16,167,105,261.37,71.05,91.57,275.38,7.7,4.15,1,0,8.7,0,0,0,0,1,AD
6694,2023-06-29,172,114,184.84,76.47,52.54,398.5,23.1,4.47,1,0,8.36,0,1,0,0,1,AD
6308,2023-01-28,178,106,258.91,86.08,89.0,380.48,25.4,7.51,0,0,7.27,1,1,0,0,1,Non-AD
5355,03/19/2024,159,112,207.13,103.44,58.8,227.93,21.2,8.67,0,0,6.52,0,0,0,0,1,Non-AD
5739,05/19/2023,116,97,154.89,110.89,40.05,61.53,7.1,5.27,0,0,3.56,0,0,0,0,0,Non-AD
4879,2024-02-25,156,100,191.51,178.84,77.47,168.2,1.4,1.22,0,0,0.9,0,0,0,1,0,AD
5658,2024-07-06,103,85,160.2,103.73,53.67,132.1,5.5,5.93,1,0,3.93,1,0,0,1,0,AD
5396,2023-04-23,171,83,232.64,166.99,22.57,292.74,28.4,9.43,0,1,0.81,0,0,0,0,1,Non-AD
5714,2024-01-11,159,63,157.81,101.64,53.23,267.82,7.1,4.17,0,0,3.28,0,0,0,1,0,AD
6194,2024-05-11,96,102,276.6,67.79,43.38,375.48,29.0,4.52,1,0,8.88,0,1,0,0,0,Non-AD
5277,2023-12-29,131,72,289.57,77.61,51.17,283.05,7.4,9.17,0,0,7.99,1,0,0,0,0,Non-AD
4921,2024-02-19,155,75,293.05,139.61,64.05,257.98,17.1,0.88,0,0,3.5,0,0,0,0,0,AD
6630,2024-03-12,137,76,202.6,199.25,25.4,195.78,27.2,1.55,0,1,3.92,0,1,0,0,0,Non-AD
6762,2023-06-10,122,75,263.97,153.39,92.93,209.63,-1.0,7.33,0,0,8.42,1,0,0,1,0,AD
5296,02/01/2023,157,96,242.7,122.19,48.21,252.1,22.8,9.9,1,0,0.46,0,0,0,1,1,AD
6349,2023-12-07,91,111,261.61,164.85,70.64,238.04,3.4,9.3,0,0,9.39,0,0,0,0,1,Non-AD
9003,2023-02-24,99,116,284.18,153.32,69.77,83.64,7.4,5.9,0,0,7.12,0,1,0,1,0,Non-AD
6801,2023-02-03,126,107,197.16,178.58,93.64,203.95,10.2,1.12,0,0,7.54,0,1,0,0,0,AD
6542,2023-06-01,133,96,295.69,133.68,26.65,327.97,5.0,3.95,0,0,9.0,0,0,0,0,0,Non-AD
6715,2023-07-31,150,95,253.94,137.54,64.98,272.47,26.0,4.38,0,0,6.48,0,1,0,0,0,Non-AD
6402,2023-05-05,173,114,193.8,122.64,95.62,83.56,10.8,8.03,0,0,1.97,0,0,0,0,0,Non-AD
5424,2023-11-29,157,92,194.03,108.83,87.38,303.18,11.8,7.22,0,0,8.98,0,0,0,0,0,Non-AD
5514,2024-08-13,94,65,158.96,62.79,70.8,272.67,24.7,9.81,0,0,0.85,0,1,0,0,0,Non-AD
5129,2023-05-31,173,109,290.72,176.08,51.89,96.42,3.7,8.14,0,0,5.89,0,1,0,0,0,Non-AD
6770,2024-03-29,112,82,238.12,87.03,54.93,75.74,8.5,6.16,0,0,0.25,0,0,0,0,0,AD
5495,2023-09-23,111,91,203.18,79.19,58.12,66.29,23.2,8.67,1,0,7.83,0,0,0,0,0,Non-AD
5405,2024-07-01,141,87,250.39,192.95,66.42,108.97,,5.46,1,0,8.17,0,0,0,0,0,Non-AD
6102,2023-09-15,149,119,209.22,195.42,42.8,151.7,25.5,3.79,0,1,6.3,0,0,0,0,1,Non-AD
6652,2023-01-21,108,83,294.02,81.36,25.29,104.07,12.4,5.27,1,0,6.46,0,1,0,0,0,Non-AD
6505,2023-11-02,100,116,221.24,98.55,49.49,288.53,13.8,7.73,0,0,1.71,0,0,0,0,0,Non-AD
5600,2024-02-16,96,63,203.93,143.49,65.55,327.9,12.5,0.29,1,0,9.08,1,1,0,0,0,AD
6066,2023-12-29,123,78,174.37,143.78,32.6,291.3,22.9,8.15,1,1,3.0,0,0,0,0,0,AD
6389,2024-06-19,160,94,228.59,140.12,58.86,214.98,7.3,5.43,0,0,0.21,0,0,1,0,0,Non-AD
5077,06/01/2023,175,62,223.42,67.02,47.69,356.41,19.7,3.32,0,0,9.62,0,1,0,0,0,Non-AD
6235,2023-09-22,158,68,280.07,149.6,48.03,208.43,-1.0,8.77,0,0,4.21,1,0,0,0,0,Non-AD
5305,2023-09-26,115,106,173.52,181.77,58.08,198.09,28.7,2.42,0,1,1.79,0,1,0,0,1,Non-AD
5793,2024-06-12,176,79,208.06,58.56,63.6,54.56,5.9,0.48,0,0,1.02,0,0,0,0,1,AD
5898,03/16/2024,148,62,223.86,68.36,76.59,122.06,27.2,6.26,0,1,2.57,0,0,1,1,1,Non-AD
6773,2023-06-01,109,80,248.1,85.14,64.85,373.88,18.4,4.12,0,0,9.59,0,0,0,0,0,AD
6118,2023-11-08,144,96,298.02,167.11,58.56,379.51,21.7,1.08,1,1,3.07,0,1,0,0,0,AD
6828,2023-05-14,122,98,193.6,110.12,90.77,176.18,13.5,5.1,0,0,6.06,0,0,0,0,0,AD
6032,10/05/2023,117,88,232.16,160.86,27.94,138.28,11.5,0.13,0,0,7.04,0,0,0,1,1,Non-AD
5926,2023-10-04,155,90,183.24,196.62,71.49,283.29,17.5,1.37,0,0,4.78,1,1,0,0,0,AD
5859,2023-08-06,123,64,192.64,74.21,56.43,376.79,5.4,2.2,0,0,7.89,1,1,0,1,0,Non-AD
5079,2023-10-10,124,85,174.46,174.19,36.38,373.22,,1.15,0,0,8.68,0,0,0,0,0,Non-AD
4850,2023-11-10,137,71,266.78,124.33,77.9,196.94,20.2,6.62,0,0,3.54,1,0,0,0,1,Non-AD
5080,2024-04-12,105,111,299.51,160.84,21.18,176.12,6.7,2.92,0,0,1.7,0,0,1,0,1,AD
6054,2023-06-15,119,62,254.14,98.44,72.0,351.31,5.1,5.88,0,0,9.27,0,0,0,1,1,Non-AD
5347,2023-08-17,108,78,180.19,170.74,75.14,346.77,8.2,2.39,0,0,4.39,0,1,0,0,0,AD
5342,2023-03-04,124,86,279.12,195.38,61.43,67.04,5.1,0.09,1,0,0.49,0,1,0,1,0,AD
5753,2023-05-02,171,109,262.25,179.97,56.76,99.49,7.4,1.8,0,0,7.36,0,0,0,0,0,Non-AD
5577,2023-12-30,92,71,236.3,112.63,61.59,150.9,28.3,7.66,0,0,9.61,0,0,0,0,0,Non-AD
6388,2024-08-13,170,63,249.96,165.82,89.53,337.15,29.8,5.24,0,0,5.9,0,0,0,0,1,Non-AD
5561,2024-08-03,139,87,237.62,147.33,27.21,346.06,18.6,3.32,0,0,2.81,0,0,0,0,0,AD
5479,2023-05-05,125,67,249.77,80.18,64.64,285.63,5.5,9.29,0,0,1.69,0,0,0,0,1,Non-AD
6340,2023-01-04,125,100,151.91,92.3,30.27,292.61,14.2,1.56,0,0,6.38,1,0,0,1,0,Non-AD
5980,2023-06-05,135,95,158.96,103.7,97.59,302.46,6.7,1.35,1,0,1.66,0,0,0,0,1,AD
6422,2023-06-12,149,103,284.42,172.38,26.57,163.19,10.2,4.1,1,0,7.75,0,0,0,0,0,AD
6880,02/17/2024,171,84,259.96,54.56,23.7,277.28,23.9,9.09,1,0,8.67,1,0,0,0,1,Non-AD
4934,2023-03-20,158,68,245.52,66.77,22.36,273.17,27.7,0.68,0,0,9.72,0,0,0,0,1,Non-AD
5126,2024-04-15,91,95,198.86,155.96,48.42,389.43,9.8,0.67,0,1,8.7,1,0,0,0,1,AD
6526,2024-03-24,101,80,242.17,122.08,97.72,261.3,14.9,8.45,0,0,9.49,0,1,0,0,0,Non-AD
6310,2023-04-05,101,111,173.92,192.73,32.35,225.62,16.0,5.23,0,0,3.53,0,0,0,0,0,Non-AD
5832,2023-06-11,129,95,206.73,56.54,53.13,265.29,28.9,6.57,0,0,8.8,0,1,0,1,0,Non-AD
6800,2024-04-19,102,74,224.06,180.54,92.5,316.46,10.3,4.88,0,0,3.88,0,0,0,0,0,AD
5911,2023-02-11,114,70,185.05,56.67,35.65,290.85,5.6,9.95,0,0,5.79,0,1,0,0,0,Non-AD
5806,2024-01-25,92,108,262.03,64.42,91.65,70.71,1.0,5.9,0,0,5.81,0,1,0,0,0,Non-AD
5542,2024-07-24,175,61,151.21,124.49,45.44,260.02,13.6,3.22,0,0,2.34,0,1,1,0,1,AD
5952,08/02/2023,118,85,254.76,53.75,98.07,145.2,22.5,3.61,1,0,6.02,0,0,0,0,0,AD
5694,2023-09-30,104,67,212.88,62.51,53.62,247.01,9.5,3.07,0,0,1.71,0,0,0,1,0,AD
4924,2023-07-21,110,61,186.98,62.68,38.15,54.83,,8.12,0,0,0.15,0,0,0,0,0,Non-AD
5939,2023-12-10,98,66,221.35,172.29,45.9,280.07,4.6,9.81,0,0,8.69,0,1,0,0,0,Non-AD
5082,2024-05-06,163,62,215.05,82.26,58.15,228.62,0.6,5.19,1,0,1.74,0,0,0,0,0,AD
5704,2023-06-12,164,97,291.49,139.79,21.72,259.25,11.5,3.13,0,0,5.65,0,0,0,0,1,Non-AD
5239,2023-10-26,172,113,184.99,132.93,56.77,159.71,2.2,8.12,0,0,1.98,0,0,0,0,0,Non-AD
5549,2024-05-26,130,118,163.13,92.05,38.02,223.26,9.0,6.06,0,0,3.05,0,0,0,0,1,Non-AD
6743,2024-08-09,135,102,161.5,154.63,93.78,135.29,13.2,9.58,0,1,4.72,0,0,0,0,1,Non-AD
6658,2023-03-24,109,74,191.93,86.84,59.45,337.46,,8.52,0,0,0.73,0,0,0,0,1,Non-AD
5345,2023-05-31,105,95,224.58,136.97,22.8,62.15,28.2,5.33,0,0,1.05,0,0,1,0,1,Non-AD
5221,2023-04-25,170,72,246.52,102.7,99.62,66.25,22.9,7.96,0,0,5.97,0,0,0,1,0,Non-AD
6784,2023-10-11,123,105,278.82,195.35,27.81,98.03,,2.15,0,0,0.96,0,0,0,0,0,AD
5863,2023-06-07,101,119,220.9,84.11,54.73,223.77,11.5,7.68,0,0,8.65,1,0,0,0,0,Non-AD
6819,2023-12-05,135,65,156.25,114.81,91.55,96.16,10.0,8.78,0,0,2.39,0,0,0,0,1,Non-AD
5073,2023-05-09,143,106,279.14,196.32,89.14,357.55,25.5,4.49,0,0,1.92,1,0,0,0,0,Non-AD
6811,2023-01-05,105,82,207.93,160.92,52.62,315.82,7.5,4.23,1,0,0.51,0,0,1,0,1,AD
6264,2023-07-10,165,107,159.07,129.9,30.79,207.79,28.9,6.65,0,0,3.13,1,0,0,0,0,Non-AD
6299,2024-02-17,121,89,211.86,121.95,81.58,252.87,8.5,4.33,0,0,4.14,0,0,0,0,0,AD
5660,2023-05-07,159,102,206.63,117.31,79.61,59.39,10.5,2.89,1,0,0.86,0,0,0,0,0,AD
6581,2024-03-27,102,82,159.7,195.88,35.67,150.83,26.4,7.44,0,0,6.5,1,0,0,0,0,Non-AD
5535,2023-02-24,129,112,218.9,61.51,82.96,146.18,0.6,7.62,0,0,7.95,0,0,0,1,0,Non-AD
4916,2023-11-20,144,84,220.0,155.46,66.12,294.63,27.6,2.7,1,0,4.88,0,0,0,0,0,Non-AD
5002,2023-03-08,143,116,207.94,157.16,73.65,166.88,29.6,9.86,0,0,0.37,0,0,1,0,1,Non-AD
5839,2023-08-05,177,76,214.57,70.71,64.64,301.74,27.9,5.32,0,0,1.75,1,0,0,0,1,Non-AD
4953,2024-01-09,108,85,221.52,100.07,49.65,52.05,20.5,3.11,0,0,0.81,0,1,1,1,0,AD
6578,12/08/2023,97,105,282.13,81.51,74.97,104.17,12.5,6.38,1,0,8.74,0,0,1,0,0,Non-AD
6576,2023-02-23,172,105,222.51,107.66,91.98,345.73,24.4,5.68,0,1,7.06,0,1,1,0,0,Non-AD
5532,2023-01-07,133,64,186.56,150.32,99.41,92.2,26.9,6.2,1,0,9.78,1,0,0,1,0,Non-AD
5151,01/14/2023,100,67,152.7,171.59,52.12,344.7,16.8,6.85,0,0,9.32,0,1,0,0,0,Non-AD
5554,2024-04-24,166,96,151.25,151.24,25.9,118.97,10.6,2.18,0,0,7.56,1,0,0,0,0,Non-AD
6899,2023-04-28,166,78,283.4,92.2,81.92,217.4,11.1,6.31,0,1,8.33,0,1,0,0,1,Non-AD
5566,2024-04-18,121,80,178.06,69.9,63.58,70.98,13.8,1.96,0,0,7.48,0,0,1,1,1,Non-AD
6516,06/15/2023,118,106,232.84,141.67,21.43,75.81,0.7,1.85,0,0,0.51,1,0,0,0,0,AD
4779,04/14/2024,107,104,186.56,63.42,88.9,114.92,28.7,8.15,1,0,2.11,1,0,0,0,0,Non-AD
5393,2023-03-06,152,83,234.04,147.58,91.09,310.63,18.1,3.83,0,0,6.09,0,0,0,0,0,Non-AD
5504,2023-11-19,174,97,289.74,188.62,59.01,213.99,11.8,6.75,0,0,5.48,0,1,0,0,0,Non-AD
5679,2023-05-22,155,89,161.46,171.67,38.68,88.62,27.9,6.43,0,1,4.16,1,0,0,1,0,Non-AD
6241,2023-09-04,111,64,193.94,144.1,98.76,301.52,29.4,9.85,1,0,0.34,0,1,0,0,1,Non-AD
5203,2024-08-12,172,66,172.44,51.37,38.34,354.15,20.1,0.97,0,1,9.43,0,0,0,0,0,AD
5879,2024-07-07,122,78,185.85,84.72,94.35,246.7,,3.82,0,0,1.88,1,0,0,0,0,AD
6864,2023-08-07,134,68,247.36,50.43,26.1,139.72,,6.02,0,0,0.0,0,0,1,1,0,AD
4878,2023-05-12,175,78,254.79,136.6,27.91,98.05,18.5,6.43,1,0,1.95,0,0,0,0,0,AD
6615,2024-04-20,158,76,228.6,104.92,48.88,58.57,17.6,2.21,0,0,8.02,0,0,1,0,0,Non-AD
5685,2023-01-23,177,74,243.37,105.74,40.23,376.85,25.2,1.55,0,0,0.71,0,0,0,0,0,Non-AD
5777,04/11/2023,102,100,206.76,179.74,27.15,137.27,29.3,3.64,1,0,4.3,0,1,0,0,1,Non-AD
5457,2024-04-24,149,80,236.58,186.61,62.38,51.47,1.1,8.99,0,0,8.69,0,0,0,0,0,Non-AD
5131,2023-03-07,127,112,239.49,95.12,42.27,392.74,0.0,6.17,0,0,4.42,1,0,0,0,0,Non-AD
5287,2024-07-13,148,112,167.09,104.98,86.01,89.43,28.3,7.88,0,0,0.9,0,0,1,1,0,Non-AD
5103,2023-11-14,93,92,258.95,138.83,85.08,398.1,21.2,5.75,1,1,9.95,0,0,0,0,0,AD
5045,2023-06-21,117,108,255.07,70.32,92.05,296.77,22.0,7.24,0,0,2.82,0,0,0,0,1,Non-AD
6219,2023-08-19,139,110,260.01,125.73,96.22,248.21,8.9,7.34,0,0,3.4,1,0,0,1,0,Non-AD
5637,2023-09-08,141,84,286.97,105.52,24.63,106.04,18.4,0.67,0,0,5.33,1,1,0,0,1,Non-AD
5871,09/28/2023,141,119,299.96,120.92,90.37,388.88,22.7,2.52,0,0,3.7,0,0,0,0,1,AD
6580,2024-08-12,142,76,246.97,85.34,41.35,70.4,4.7,6.02,0,0,8.89,0,1,0,1,1,Non-AD
6688,2023-04-12,176,109,192.35,76.5,97.11,398.37,14.2,3.8,1,0,6.74,1,0,0,0,0,AD
4774,2023-12-19,106,95,201.62,110.15,26.64,99.82,16.9,8.45,1,0,4.57,0,0,0,0,0,AD
5508,2023-04-06,91,90,172.83,191.89,36.14,250.15,21.2,5.6,0,0,4.42,0,0,1,0,1,Non-AD
4841,2023-03-11,144,118,158.87,104.61,31.21,286.24,19.0,5.49,0,0,4.7,0,1,0,1,0,Non-AD
6318,2024-03-25,162,71,265.82,51.21,83.15,225.1,22.1,7.05,0,0,4.11,0,0,0,0,0,Non-AD
5771,2023-01-16,159,116,213.83,142.69,22.83,319.77,16.5,4.04,0,0,2.69,0,0,0,0,0,AD
5275,07/17/2023,150,92,251.58,184.3,95.37,170.15,25.0,3.21,0,0,4.59,0,1,0,0,0,Non-AD
4751,2023-01-19,142,72,242.37,56.15,33.68,162.19,21.5,6.52,0,0,1.73,0,0,0,1,0,Non-AD
5434,2023-12-06,158,93,225.37,64.33,32.89,69.66,18.1,4.36,0,0,4.49,1,0,1,0,0,AD
6215,03/08/2024,91,119,298.37,182.82,36.34,171.81,2.8,1.41,0,0,0.63,1,0,0,0,0,AD
6877,2024-05-31,173,87,212.01,160.94,60.51,193.21,10.6,3.35,0,1,2.18,0,0,0,0,0,AD
6273,2023-03-10,160,98,268.56,175.63,93.21,198.43,11.2,2.54,0,0,3.9,0,1,0,0,1,AD
5226,2024-07-31,104,85,277.88,113.21,88.0,241.71,12.7,1.34,0,1,1.56,1,0,0,0,0,AD
5668,2023-08-29,178,101,272.16,56.25,82.49,54.93,2.5,2.42,0,0,2.73,1,1,0,0,0,AD
5456,06/24/2024,158,79,197.6,165.44,47.17,313.24,19.5,5.95,1,0,7.54,1,0,0,0,1,Non-AD
6379,2024-02-29,133,82,193.17,194.47,70.24,330.29,24.0,7.79,0,0,9.84,0,0,1,1,0,Non-AD
6077,05/16/2023,90,88,293.77,145.53,36.69,80.34,15.9,0.45,0,0,7.21,1,0,0,1,1,Non-AD
6683,02/20/2023,103,62,200.07,147.29,61.57,355.36,21.2,8.49,0,0,3.25,0,0,0,0,0,Non-AD
5349,2023-02-16,143,106,246.18,191.51,52.5,177.72,3.5,1.09,0,0,0.25,0,0,0,0,0,AD
6747,2024-06-18,169,69,286.51,58.66,78.51,225.36,2.6,9.6,1,0,8.82,0,1,0,0,0,AD
4975,2023-09-20,99,69,195.68,189.03,66.46,372.43,1.0,1.97,0,0,0.51,0,0,0,0,1,AD
6443,2023-10-24,110,106,259.31,192.16,73.33,289.44,9.0,4.02,0,0,3.27,0,0,1,0,1,AD
6832,2023-05-10,107,119,177.33,182.31,86.54,200.27,1.1,9.16,0,0,6.13,0,0,0,0,0,Non-AD
4965,2024-03-05,161,97,167.66,190.8,74.37,119.32,26.0,8.22,0,0,2.92,0,0,0,0,0,Non-AD
6636,2023-01-25,156,87,224.8,50.23,93.98,329.74,13.4,2.42,0,0,7.65,0,0,0,0,0,Non-AD
5324,06/16/2023,101,71,213.09,165.95,33.81,380.41,29.2,7.67,0,1,3.15,0,0,0,0,0,Non-AD
5978,2023-01-07,106,117,203.02,137.36,26.23,287.47,21.4,4.99,0,1,5.31,0,0,0,0,1,AD
4954,2023-07-31,107,76,272.07,170.53,66.76,321.2,8.8,9.48,0,1,8.23,0,0,0,0,0,Non-AD
4828,11/05/2023,169,76,223.5,139.73,30.96,192.66,24.6,7.28,1,0,4.86,1,1,0,1,1,Non-AD
6025,2023-02-17,96,116,153.11,151.1,27.16,335.38,6.2,4.25,1,0,2.94,0,0,0,0,0,AD
6856,2023-09-26,90,97,178.78,102.16,52.68,137.63,,7.83,1,0,1.02,0,0,0,0,0,Non-AD
5962,2024-04-12,148,93,213.22,153.15,29.58,213.67,21.5,4.71,0,0,2.96,0,0,0,0,0,AD
5191,2023-10-30,92,80,282.6,182.47,32.89,397.59,18.7,9.16,0,0,8.97,0,1,0,0,0,Non-AD
6021,2023-11-13,152,84,236.61,114.21,67.6,336.3,8.6,9.95,0,0,3.7,1,0,1,0,0,Non-AD
4926,2023-12-27,148,73,203.88,87.53,63.6,398.86,26.1,5.38,0,0,5.15,1,0,0,0,0,Non-AD
6543,2024-03-05,97,83,240.27,87.31,25.65,269.18,13.7,0.28,0,1,2.84,1,0,0,0,0,AD
5094,2023-02-03,103,106,214.35,123.4,76.12,111.58,1.1,2.37,1,0,8.13,0,0,0,0,1,AD
6704,2023-10-29,159,71,293.95,82.62,59.39,351.19,3.7,2.98,0,0,4.5,0,0,0,1,0,AD
6891,2023-01-26,142,78,227.11,58.55,28.59,187.79,4.9,1.61,0,0,8.73,0,1,0,0,0,Non-AD
5004,2023-03-07,105,85,201.53,154.27,20.26,183.82,7.5,9.36,0,0,6.56,0,0,0,0,0,Non-AD
5049,2023-07-07,151,105,155.96,190.63,41.63,60.41,20.9,9.66,0,0,8.78,0,0,0,1,1,Non-AD
5297,2023-10-15,166,117,250.97,143.24,43.4,137.55,26.0,4.35,0,0,4.93,0,0,0,0,1,Non-AD
5295,08/16/2024,157,87,237.15,84.12,98.55,225.79,15.0,9.55,0,0,2.37,0,0,0,0,1,Non-AD
6447,2024-04-27,139,93,262.54,112.68,29.99,267.1,6.2,0.27,0,0,2.69,0,0,0,0,0,AD
6706,06/20/2024,158,68,180.78,162.85,26.23,126.1,27.8,1.4,1,0,2.09,0,0,1,0,0,Non-AD
6650,2023-03-22,169,115,245.65,79.06,87.99,373.58,1.0,3.23,1,0,4.55,0,0,0,0,0,AD
6482,2023-11-12,168,62,174.57,169.17,73.6,140.74,1.9,0.73,0,0,1.9,0,0,0,1,1,AD
5242,2023-04-26,144,115,226.73,76.95,31.01,237.52,10.9,0.16,0,0,6.48,0,1,0,0,0,Non-AD
6319,2024-08-05,164,90,263.28,91.04,28.77,200.66,9.8,6.88,0,0,6.06,0,0,0,0,1,Non-AD
6153,2024-03-04,179,61,175.64,95.05,39.69,387.21,22.8,0.66,0,0,8.23,1,0,0,0,1,Non-AD
6541,2023-08-04,138,119,255.55,70.49,86.45,346.98,25.9,0.28,0,0,5.08,0,0,0,1,0,Non-AD
6421,2024-07-20,164,113,201.26,73.23,35.32,109.69,19.1,0.31,0,0,1.51,1,0,1,0,1,AD
6579,2023-12-21,94,72,200.21,171.96,58.24,149.47,26.1,2.06,1,0,3.53,0,0,1,0,0,Non-AD
5146,2023-06-22,161,85,285.16,182.77,64.96,262.91,12.6,7.15,0,0,5.45,1,0,1,0,0,Non-AD
6011,2024-05-26,138,92,155.31,125.08,66.15,68.22,6.9,9.63,0,0,0.25,0,0,0,0,0,Non-AD
6360,2023-11-06,110,92,297.87,154.9,56.76,185.61,14.3,0.26,0,0,0.92,1,0,1,0,1,AD
5541,2024-01-10,107,82,259.47,81.71,84.87,276.31,6.7,8.54,0,0,4.61,0,1,0,0,0,Non-AD
6664,2024-06-16,176,100,260.61,70.48,63.45,257.13,4.4,7.44,0,0,5.92,0,0,0,0,1,Non-AD
6503,2024-01-11,140,102,173.1,140.09,89.7,284.83,8.1,6.26,0,0,2.49,0,0,0,0,1,Non-AD
6101,2024-07-22,112,110,219.16,55.25,65.39,65.98,4.6,7.54,0,0,9.38,0,0,0,0,0,Non-AD
6735,2024-05-09,104,68,161.41,188.31,61.31,321.94,25.2,0.31,0,0,1.94,0,1,1,0,1,Non-AD
6592,2024-03-24,172,74,238.1,63.86,78.94,316.35,29.5,1.4,0,0,1.79,0,0,0,0,0,Non-AD
6774,01/28/2024,117,86,185.21,78.65,21.83,204.02,22.6,5.36,0,0,9.61,0,1,0,0,0,AD
6476,07/13/2023,175,114,243.79,148.99,33.32,200.76,,5.01,0,0,9.07,0,1,0,0,0,Non-AD
6805,2024-05-15,146,102,167.36,106.33,54.3,243.46,9.5,7.94,0,0,9.33,0,0,0,0,0,Non-AD
5766,2023-02-07,154,93,299.87,164.45,62.76,80.49,4.8,8.98,0,0,9.19,1,1,0,0,0,Non-AD
5453,2023-04-24,164,76,165.64,142.56,35.51,98.97,26.5,0.24,0,0,1.89,1,1,0,0,1,Non-AD
5047,2023-10-18,169,108,176.12,57.43,94.63,192.02,13.7,9.63,0,0,5.28,0,0,0,0,0,Non-AD
5461,02/24/2024,141,103,192.95,183.49,47.1,227.71,29.1,3.24,0,1,6.48,0,0,0,0,1,Non-AD
6620,2023-09-16,115,81,228.18,52.78,70.1,381.01,16.0,0.05,1,0,9.75,1,1,0,0,1,AD
4762,2024-05-01,165,97,254.59,132.96,39.01,344.45,21.2,5.57,0,0,5.47,0,1,0,1,1,Non-AD
5392,2023-09-27,127,61,271.04,62.49,20.58,212.81,21.5,5.73,0,0,3.49,0,0,0,0,0,Non-AD
6371,2023-12-01,154,97,228.92,130.15,28.68,53.25,26.5,1.9,0,0,1.03,0,1,0,0,0,Non-AD
6456,2023-01-31,119,69,171.2,64.51,53.26,352.91,,6.08,0,0,2.25,0,0,0,0,0,Non-AD
5033,2023-09-16,156,110,277.64,188.43,48.01,368.65,24.1,3.49,0,0,0.23,0,0,0,0,1,Non-AD
5790,2024-04-06,101,64,191.44,86.31,65.37,195.23,6.6,1.76,0,0,9.67,0,0,0,1,0,Non-AD
5699,2023-09-14,97,101,212.19,75.93,95.27,265.6,12.7,4.57,0,0,3.56,1,0,0,0,0,AD
6514,2023-11-21,169,79,246.39,99.35,78.04,301.02,15.6,7.83,0,0,7.63,0,0,0,0,0,Non-AD
5675,2024-01-14,125,84,214.6,76.46,30.01,60.05,2.8,7.44,1,0,1.63,0,0,0,1,0,AD
5370,2024-07-08,91,109,241.68,115.69,57.13,54.77,15.5,5.82,0,0,3.23,0,0,0,0,0,Non-AD
4900,2023-09-01,90,102,280.01,153.85,86.33,239.74,20.8,2.43,1,0,5.25,1,0,1,0,0,AD
5149,2023-04-15,172,74,285.7,175.71,95.9,364.94,28.5,1.73,0,0,6.9,0,0,0,0,0,Non-AD
6072,2024-06-18,165,66,250.03,180.96,94.33,284.93,8.6,3.56,0,0,2.11,1,0,0,0,0,AD
6855,2024-05-22,113,71,186.32,113.59,90.04,114.06,9.7,5.16,1,0,1.6,1,0,0,0,0,AD
5471,2024-06-14,158,72,233.17,177.86,64.86,58.23,8.9,1.52,1,0,8.57,0,0,0,0,0,AD
6044,2023-07-24,164,92,295.89,149.7,81.1,276.73,29.4,3.42,0,1,8.87,0,1,0,0,0,Non-AD
6007,2023-11-23,145,85,186.34,163.14,48.11,392.45,28.2,7.08,0,0,2.23,0,0,0,0,0,Non-AD
5407,2023-01-03,159,78,209.63,162.99,58.36,211.99,8.1,2.25,0,0,7.43,0,0,0,0,1,Non-AD
6555,2024-03-25,117,96,212.68,107.74,74.05,376.42,14.4,0.92,0,0,6.97,0,0,0,0,0,Non-AD
5307,2024-04-21,160,71,284.41,111.12,90.52,180.69,24.3,4.94,0,1,2.22,0,0,0,0,1,Non-AD
5866,2024-04-07,132,63,281.8,79.95,96.4,203.18,3.5,2.18,0,0,5.94,0,0,0,0,0,Non-AD
5945,2024-03-11,174,97,201.26,64.21,73.33,399.94,5.4,6.28,0,0,4.36,1,0,0,1,0,Non-AD
5876,2023-03-14,176,73,232.19,156.37,52.88,374.21,10.6,5.08,0,0,0.2,0,0,0,0,0,Non-AD
5900,2023-08-24,140,107,239.27,188.94,63.09,385.08,1.1,8.2,0,0,6.72,0,0,1,1,0,Non-AD
6444,2024-02-12,135,66,205.27,110.87,65.68,217.42,9.3,2.65,0,1,0.43,0,0,0,0,0,AD
6070,2023-07-19,160,118,271.49,183.11,27.1,394.22,29.2,0.25,1,0,0.9,0,0,0,0,1,Non-AD
5974,2024-06-15,177,94,206.63,122.23,66.28,328.67,24.6,8.51,1,0,0.15,0,1,0,0,0,Non-AD
6062,07/19/2024,110,94,253.38,126.59,31.41,96.7,10.7,3.79,0,0,5.89,0,0,0,1,0,Non-AD
5078,2024-07-31,149,61,220.32,198.86,72.08,375.73,12.6,3.52,0,1,8.15,0,0,0,0,0,AD
5888,2024-04-27,170,93,205.15,83.18,88.4,187.87,12.6,4.75,1,1,2.69,0,0,0,0,1,AD
5936,01/05/2023,101,73,187.49,97.15,43.84,342.54,6.0,8.46,0,0,8.2,1,0,0,0,0,Non-AD
6622,2023-01-26,93,71,203.93,138.95,43.41,376.84,7.9,3.14,0,0,0.83,1,0,0,0,1,AD
5419,2023-12-02,156,92,167.66,197.32,25.33,348.06,3.4,6.22,0,0,2.56,0,0,0,0,1,Non-AD
5626,2024-08-09,153,100,200.25,66.6,42.78,283.83,17.1,7.86,1,0,8.54,0,0,0,0,0,Non-AD
5127,2023-07-20,151,75,271.27,186.78,76.92,353.66,-1.0,9.77,0,0,4.36,0,0,0,0,0,Non-AD
6106,2023-04-14,139,109,249.24,106.72,52.25,158.75,29.5,4.9,0,1,1.45,0,0,0,0,0,Non-AD
5808,2023-09-24,114,103,195.46,100.43,57.0,308.16,11.8,4.47,1,0,6.3,0,0,1,0,0,AD
5232,2023-08-30,158,110,202.97,161.81,38.53,335.1,27.1,4.49,0,0,7.43,0,0,0,0,0,Non-AD
5740,2023-09-20,67,171,282.27,150.64,86.28,297.29,29.0,8.16,0,0,5.1,0,1,0,0,0,Non-AD
5348,2023-02-19,120,78,247.58,64.33,35.72,90.73,5.9,6.14,1,0,3.66,0,0,0,0,0,AD
6831,2024-05-11,131,77,247.11,93.78,85.65,88.19,,7.75,0,0,3.17,0,0,0,0,0,AD
5472,2023-07-23,114,79,242.74,171.45,65.12,257.44,5.0,6.08,1,0,7.64,0,1,0,1,0,Non-AD
5223,2024-02-22,170,65,201.64,104.97,62.88,148.96,14.9,5.69,1,0,1.43,0,1,0,0,0,AD
4767,03/20/2024,148,116,200.5,181.02,51.87,119.66,7.2,9.37,1,0,1.38,0,0,0,0,0,AD
6061,04/05/2023,145,64,290.8,159.45,69.02,380.93,1.7,4.01,0,0,9.17,0,0,0,0,1,Non-AD
4826,2023-03-04,97,118,196.08,134.96,74.86,148.42,12.9,2.86,1,0,0.88,0,0,1,0,0,AD
4886,2023-10-20,131,101,212.47,146.89,79.99,97.56,17.8,2.57,0,0,5.56,1,1,1,0,1,Non-AD
4752,2023-05-23,115,64,231.16,193.41,79.03,294.63,20.6,7.12,0,0,2.59,0,0,0,0,1,Non-AD
5515,2024-07-22,179,109,262.04,134.46,54.89,120.24,26.6,1.94,0,1,0.43,1,1,0,0,0,Non-AD
5189,2024-04-24,144,69,232.3,106.37,76.89,103.47,11.4,1.64,1,0,5.34,0,0,0,0,0,AD
6810,2023-03-15,114,78,251.03,128.9,80.21,87.19,3.9,3.76,0,0,4.9,1,0,0,0,1,Non-AD
5071,2024-06-24,140,80,191.4,118.72,39.22,216.88,24.0,1.31,0,0,5.59,0,0,0,0,0,Non-AD
6302,09/12/2023,169,84,150.44,195.05,48.63,249.79,20.7,1.43,0,0,9.76,0,1,0,0,0,Non-AD
5684,2023-08-16,143,91,258.47,179.38,34.6,56.08,5.2,9.12,0,0,6.87,1,1,0,0,1,Non-AD
6239,2024-01-18,155,116,292.77,137.97,60.77,246.12,29.4,6.83,0,0,2.2,0,0,0,0,0,Non-AD
5270,2023-04-19,160,88,224.21,120.62,42.08,121.95,28.1,1.02,0,0,9.16,1,0,0,0,0,Non-AD
5441,2023-07-02,125,115,160.72,198.24,62.0,297.85,28.3,1.4,0,0,7.34,0,0,0,1,0,Non-AD
6020,2024-01-05,103,91,226.68,178.03,34.79,273.26,18.6,0.61,1,0,7.0,1,0,0,0,0,AD
5451,2023-01-25,97,89,245.77,99.52,53.4,148.24,5.6,0.45,1,0,9.36,0,0,0,0,0,AD
5319,2024-02-14,160,104,193.85,126.48,82.52,349.57,0.3,8.55,0,0,6.62,0,0,1,0,1,Non-AD
6226,2023-08-03,120,88,244.56,163.36,45.96,322.84,5.9,2.28,0,0,2.58,1,1,0,0,0,AD
5130,2024-04-15,107,96,191.1,196.36,30.74,314.08,27.2,2.72,0,0,9.73,1,1,0,0,0,Non-AD
5948,2023-05-05,147,104,236.32,90.07,53.69,176.69,28.0,1.1,1,0,9.65,0,0,0,0,0,Non-AD
5841,2024-01-04,103,117,151.56,160.85,79.4,87.97,18.9,8.67,0,0,0.69,0,0,1,1,1,Non-AD
6112,2024-01-17,90,61,191.06,113.45,97.22,329.77,21.4,5.97,0,1,1.49,0,0,0,0,0,AD
5736,2023-02-25,143,66,201.61,143.0,40.26,170.43,3.6,2.43,0,0,3.46,0,0,0,1,1,AD
5869,01/27/2023,154,90,263.56,191.96,64.38,264.9,20.0,9.73,1,1,9.31,0,1,0,0,1,AD
6775,2024-02-01,175,62,152.71,66.16,73.04,244.12,17.0,8.61,0,0,0.27,0,0,0,0,1,AD
5937,2024-04-15,149,61,270.21,89.17,23.34,73.1,25.9,0.51,0,0,7.89,0,0,0,1,0,Non-AD
6303,2024-05-29,93,67,228.26,70.17,88.22,82.39,3.7,3.15,0,0,3.98,0,0,0,1,0,AD
5166,2023-01-10,150,94,280.15,79.58,55.49,399.68,1.7,1.59,0,0,5.5,0,0,0,0,1,Non-AD
6200,2024-07-02,124,113,234.17,180.52,72.12,189.02,19.4,1.91,1,0,5.07,0,1,0,0,1,AD
6572,2023-11-17,99,107,187.78,108.69,80.75,390.14,8.3,9.74,1,0,2.42,0,0,0,1,1,AD
5761,05/26/2024,156,90,208.07,71.39,28.77,242.26,17.1,7.8,0,0,8.21,0,0,1,0,0,Non-AD
5399,06/05/2023,130,102,229.85,127.81,32.0,230.29,3.1,5.54,0,0,5.41,1,0,0,1,0,Non-AD
6398,2023-09-06,119,77,155.12,151.87,31.33,95.27,24.6,9.6,0,0,6.62,0,0,0,0,0,Non-AD
5273,2024-08-07,95,70,235.16,104.77,62.02,130.79,4.1,9.56,1,0,5.62,0,0,0,0,0,Non-AD
5469,2023-04-13,139,111,255.76,175.32,81.2,264.47,20.6,3.42,0,1,9.18,1,1,0,0,0,AD
5910,2024-06-28,176,77,210.95,58.11,96.68,206.73,14.5,7.31,0,0,6.8,1,0,0,0,1,Non-AD
6280,04/02/2023,171,112,294.72,91.59,32.73,253.35,6.0,9.77,0,1,3.3,0,0,0,0,0,AD
6847,2023-07-30,171,84,286.76,80.71,65.74,238.31,22.1,6.85,0,0,8.02,0,0,0,0,0,AD
6075,2023-01-24,124,99,230.18,77.81,44.1,239.69,21.2,0.86,0,0,9.37,0,0,0,0,0,Non-AD
5623,2023-11-28,162,71,169.71,115.11,63.28,222.22,24.2,1.37,0,0,1.32,0,0,1,0,1,Non-AD
5893,01/08/2024,100,113,270.85,160.16,47.38,55.87,26.5,1.35,0,0,1.66,0,0,0,0,0,Non-AD
6719,2024-07-31,179,64,158.25,86.65,22.78,150.95,1.9,1.93,1,0,3.54,0,0,1,1,0,AD
5520,2023-04-13,113,102,232.1,67.58,99.96,149.58,6.0,0.28,0,0,2.04,0,0,0,0,0,AD
6690,2023-05-23,177,113,192.49,144.15,75.65,116.56,19.8,7.68,0,0,0.31,1,0,0,0,1,Non-AD
6744,2023-02-22,94,113,197.44,63.63,76.13,169.54,28.0,6.53,0,1,5.44,0,1,0,0,0,Non-AD
5961,2023-08-25,108,74,160.42,149.69,66.68,53.38,21.6,8.62,0,0,9.75,0,0,0,0,0,Non-AD
4931,2023-02-28,122,62,250.45,73.84,58.11,202.07,8.4,7.29,0,0,7.56,0,0,0,0,0,Non-AD
4901,2023-03-03,127,106,222.73,98.71,84.62,368.01,11.4,4.28,0,1,4.73,0,0,0,1,0,AD
5877,2023-05-15,97,132,224.56,128.37,39.16,261.62,17.9,9.64,0,0,1.21,0,0,0,0,0,Non-AD
6328,2024-07-02,103,78,182.97,119.47,91.3,210.7,12.9,7.42,0,0,1.7,1,0,0,0,0,Non-AD
5616,2023-06-04,156,115,285.62,110.2,87.74,121.89,17.4,8.49,1,1,9.75,0,0,0,0,1,AD
6734,2023-02-27,100,71,282.18,100.77,44.06,135.36,4.4,6.11,0,0,1.06,0,0,0,0,0,Non-AD
5987,01/01/2023,113,69,268.44,52.5,62.95,253.63,21.0,1.54,0,0,5.71,1,0,0,1,0,Non-AD
5097,2023-06-11,135,88,224.07,92.95,92.8,165.28,7.0,6.53,0,1,5.8,0,0,0,1,0,Non-AD
6031,2024-02-09,144,93,172.75,135.22,96.07,280.93,11.6,6.93,0,0,2.34,1,0,0,0,0,Non-AD
4801,2024-07-27,162,118,257.17,153.47,47.71,232.97,14.7,0.22,1,0,4.42,0,0,0,0,0,AD
6193,2024-08-03,164,74,164.53,151.15,24.11,365.63,25.2,6.49,0,0,0.22,0,0,0,0,1,Non-AD
6105,2024-04-29,124,87,279.33,156.6,62.37,78.31,23.3,2.88,0,0,2.86,0,0,0,1,0,AD
5721,2024-07-24,131,119,236.88,146.83,52.42,122.78,5.5,7.55,0,0,5.34,0,0,0,1,1,Non-AD
5014,2023-05-21,119,70,174.91,60.43,95.64,322.31,0.7,1.36,0,0,8.18,0,0,0,0,1,Non-AD
4872,01/08/2024,96,88,264.55,56.9,44.64,169.13,5.3,3.76,0,0,3.15,0,0,1,1,0,AD
6468,2024-07-25,165,115,191.64,192.2,79.83,176.51,3.8,9.52,0,0,4.57,0,0,0,0,1,Non-AD
6539,2023-05-10,158,69,250.68,168.68,34.04,306.62,14.9,2.54,0,1,3.49,1,0,0,0,1,AD
4971,2024-02-07,101,65,164.36,80.42,33.42,131.81,15.0,2.69,0,0,8.5,0,0,0,0,0,Non-AD
5019,2023-12-21,170,81,263.17,113.84,86.3,54.1,5.0,1.07,0,0,2.52,0,0,0,0,1,AD
5973,07/28/2024,166,71,183.42,73.69,74.88,383.31,15.6,7.09,0,0,0.08,0,1,0,1,1,Non-AD
5596,2023-04-09,105,70,233.74,146.94,26.7,95.21,,5.12,0,0,1.18,0,1,0,0,0,Non-AD
5042,2023-01-27,156,119,258.71,181.41,24.92,356.92,17.8,5.45,1,0,6.14,0,0,0,0,0,Non-AD
5444,2023-06-08,176,98,268.15,194.88,75.72,379.5,8.0,6.43,0,0,9.6,1,0,0,0,1,Non-AD
5449,2024-07-14,92,113,229.49,66.69,96.34,290.91,3.5,6.26,0,0,7.73,0,0,1,0,1,Non-AD
6378,04/17/2023,108,107,222.52,93.32,56.34,375.52,28.2,4.96,1,0,3.22,0,0,0,0,0,Non-AD
5230,2024-06-23,129,100,295.99,188.5,85.42,178.92,20.0,2.05,1,0,0.27,1,0,0,0,0,AD
5468,02/17/2024,174,113,259.69,119.34,78.97,262.07,24.3,8.65,1,0,6.39,1,1,0,0,0,Non-AD
6577,07/25/2023,158,118,268.04,174.79,36.73,225.11,26.6,5.53,0,0,3.5,0,1,0,0,1,Non-AD
4825,2023-04-19,163,94,190.07,189.19,65.23,278.74,26.1,4.76,0,0,1.81,0,1,0,0,0,Non-AD
5967,2023-05-25,127,88,298.64,154.32,30.36,186.27,23.5,8.41,0,1,2.9,0,0,0,0,1,AD
5326,04/15/2024,174,110,288.29,165.45,42.26,101.1,20.5,3.82,0,0,1.16,0,0,0,1,0,AD
6639,2024-07-29,141,109,290.38,165.76,48.37,94.81,19.7,8.77,0,0,6.33,0,0,0,0,0,Non-AD
5526,2024-08-16,126,79,200.46,89.47,66.04,290.48,,6.94,0,1,0.55,1,0,0,0,1,AD
6861,2023-08-07,128,102,177.37,194.25,24.59,222.39,14.6,0.48,0,0,5.79,0,0,0,0,1,Non-AD
6703,2023-05-08,104,122,166.63,88.96,90.78,96.56,,8.02,0,0,7.67,0,0,0,0,1,Non-AD
5069,2024-01-06,129,70,156.61,123.81,27.13,359.03,14.4,2.41,1,0,9.2,0,0,0,1,0,AD
5716,2024-06-06,174,60,164.51,125.89,50.2,90.88,11.7,3.59,0,1,0.39,0,0,0,0,0,AD
5406,2024-04-14,82,126,232.01,180.22,28.94,253.74,19.2,4.42,0,1,1.57,0,0,0,0,0,AD
6451,2023-04-06,164,107,234.5,67.68,26.59,70.38,11.2,1.07,0,0,5.97,0,0,0,0,0,Non-AD
5798,2024-06-30,102,67,270.42,99.63,89.24,358.15,7.4,3.12,0,0,6.62,1,0,0,0,0,Non-AD
6692,2023-10-25,171,76,234.44,84.38,92.87,59.44,25.3,1.31,0,0,8.77,0,0,0,1,1,Non-AD
5990,2023-07-24,108,99,185.31,125.01,25.45,90.18,10.0,9.54,0,1,6.87,0,0,0,0,0,Non-AD
6410,2024-08-20,160,113,276.83,159.47,84.71,163.1,25.1,1.8,1,0,7.02,0,0,0,1,0,Non-AD
5708,2024-01-29,126,69,284.4,187.72,76.2,121.4,1.9,4.33,1,0,8.39,0,0,0,0,0,AD
6509,2023-12-01,94,111,202.64,137.88,41.83,200.26,18.4,5.65,0,0,3.98,1,0,0,0,0,Non-AD
6808,03/24/2024,127,63,216.89,162.94,51.73,70.5,26.4,9.63,0,0,8.61,1,0,0,0,0,Non-AD
5960,03/28/2023,124,79,223.57,173.57,77.86,292.09,11.3,3.6,0,0,6.93,0,0,0,0,0,Non-AD
5654,08/08/2023,120,100,153.7,197.12,36.57,58.33,27.0,4.8,0,0,0.12,0,0,0,0,0,Non-AD
5265,2024-06-22,178,114,298.82,100.55,71.7,62.25,29.5,7.61,0,0,2.04,1,0,0,0,0,Non-AD
6094,2024-03-28,102,70,217.57,149.84,44.66,103.77,23.6,2.27,0,0,3.22,0,0,0,1,0,AD
5192,2024-04-23,94,80,245.93,61.97,65.98,365.01,,2.95,1,0,0.8,0,0,1,0,0,AD
5373,2024-03-16,158,67,276.15,164.21,84.16,346.68,18.2,0.94,0,0,1.77,0,1,0,0,0,AD
5941,2024-01-12,175,97,227.59,57.77,55.3,86.85,6.3,4.12,1,0,8.84,0,0,0,0,0,AD
5737,06/11/2024,104,111,228.73,135.02,51.57,382.41,-1.0,4.75,0,0,7.93,0,0,1,1,0,Non-AD
6201,06/12/2024,106,60,195.33,193.84,37.95,219.79,23.6,6.87,0,0,2.31,1,0,0,0,0,Non-AD
4957,2024-05-24,138,104,235.63,144.91,22.51,227.91,6.1,5.18,0,0,6.68,0,0,1,0,1,Non-AD
6230,2024-01-11,120,113,251.77,51.37,44.6,346.77,0.2,2.04,0,0,9.16,0,0,0,0,0,Non-AD
6069,2023-02-12,179,82,213.39,90.0,32.12,190.65,12.1,2.65,0,0,7.69,0,1,0,0,0,Non-AD
4807,05/17/2024,136,106,192.21,176.62,65.93,204.02,10.6,3.65,0,0,5.22,1,0,0,0,0,Non-AD
5252,2024-03-26,143,115,227.98,95.41,93.15,126.36,1.0,8.5,1,1,2.04,0,0,0,0,0,AD
6546,2023-03-15,113,78,224.36,179.53,26.26,88.38,20.9,8.6,0,1,9.59,0,0,0,0,0,Non-AD
6196,2024-04-07,140,108,226.79,93.19,33.19,203.13,2.3,2.46,1,0,4.9,0,0,1,0,0,AD
6012,2023-04-09,161,62,156.37,144.32,28.26,115.12,2.1,1.27,1,0,7.54,0,0,0,1,0,AD
6708,2023-02-03,124,82,280.08,113.4,87.44,325.07,14.4,8.77,0,0,0.31,0,0,1,0,1,Non-AD
5177,2024-04-18,164,67,269.88,148.01,26.81,317.74,15.4,4.27,0,1,9.43,1,0,0,0,1,AD
5493,04/16/2024,105,69,292.62,108.89,87.39,143.03,,1.53,0,0,4.97,0,0,0,0,1,AD
6653,2024-06-24,95,61,205.56,141.01,92.83,180.98,14.6,9.49,0,0,1.03,0,0,0,0,0,Non-AD
6092,2023-09-10,176,111,289.38,176.18,58.06,364.13,9.0,9.31,0,0,0.44,0,0,0,0,0,Non-AD
5341,08/21/2024,93,103,207.12,96.93,89.0,167.06,18.0,8.45,0,0,5.87,1,1,0,0,0,Non-AD
4989,2024-03-25,117,65,242.91,81.64,61.63,346.27,21.1,9.52,0,0,8.82,0,0,0,0,1,Non-AD
6017,03/09/2023,143,61,241.32,183.84,88.67,138.38,27.4,3.31,0,0,4.45,0,0,0,0,1,Non-AD
6887,2023-10-06,161,81,212.76,136.9,74.04,328.71,27.3,1.49,1,1,6.64,1,0,0,1,0,AD
5929,2024-04-21,150,73,225.17,118.75,73.82,292.66,23.7,6.46,0,0,8.71,0,0,0,0,0,Non-AD
6796,2024-01-15,93,90,221.65,171.67,55.28,159.19,6.2,0.04,0,0,2.57,0,1,0,0,0,AD
4927,06/10/2024,162,60,294.38,199.81,67.24,185.93,7.3,7.08,0,0,8.91,0,0,0,0,0,Non-AD
5788,2024-07-27,113,79,265.39,171.8,66.03,256.62,6.6,4.09,0,0,0.75,0,0,0,0,0,AD
6286,2024-02-28,174,67,157.12,177.89,21.54,242.95,11.4,0.62,0,0,9.33,1,0,0,0,1,Non-AD
6168,2023-12-01,159,73,274.39,63.02,37.49,332.5,21.8,6.73,0,0,2.47,0,0,0,0,1,Non-AD
6099,2024-01-09,165,87,263.38,135.04,50.42,160.23,25.9,4.69,0,0,6.12,0,0,0,0,0,Non-AD
6296,04/09/2024,158,119,241.43,84.66,79.55,280.88,6.8,4.02,0,1,1.85,0,0,0,0,0,AD
4904,2024-04-04,174,110,190.57,80.44,88.41,187.89,22.7,4.17,0,0,0.37,0,0,0,0,0,AD
9001,2023-01-19,142,72,242.37,56.15,33.68,162.19,21.5,6.52,0,0,1.73,0,0,0,1,0,Non-AD
4963,2024-03-01,132,85,229.47,135.78,89.28,277.32,24.2,0.98,0,0,5.74,0,0,0,0,0,Non-AD
6249,2024-06-02,113,84,196.17,128.92,23.8,128.39,3.3,7.08,0,0,9.63,1,0,0,0,0,Non-AD
6528,2023-04-10,102,115,197.72,100.6,98.22,302.91,3.1,6.25,1,0,7.86,0,0,0,1,0,Non-AD
5612,2023-01-29,158,117,292.34,125.43,82.87,295.68,6.6,7.52,1,0,5.19,1,0,0,0,1,Non-AD
6726,2023-03-08,176,90,159.32,192.66,62.91,64.31,4.7,1.93,0,0,0.15,0,0,0,0,1,AD
5100,2023-09-04,162,107,187.38,152.17,51.07,113.39,5.4,3.59,0,0,0.35,0,0,1,1,0,AD
6617,2024-06-27,153,110,299.66,91.49,42.58,208.99,4.8,0.2,0,0,4.47,0,1,0,0,0,AD
6142,2023-02-10,155,99,282.22,149.15,30.02,131.75,7.7,4.1,0,0,0.29,0,0,0,1,0,AD
5636,2024-01-28,107,94,239.44,67.09,27.11,269.69,27.9,6.38,0,0,3.7,0,0,0,0,1,Non-AD
6822,2023-03-10,107,81,195.33,74.65,70.77,380.23,1.4,3.92,0,0,8.36,0,0,0,0,1,Non-AD
6783,2023-11-07,153,114,213.37,65.43,42.87,277.24,10.3,7.86,0,1,3.15,0,0,0,0,0,Non-AD
5016,2023-04-05,95,69,257.55,68.72,82.75,398.82,11.4,1.6,0,0,0.65,0,0,0,0,0,AD
5043,08/14/2023,174,88,164.17,51.92,92.32,301.26,5.2,7.4,0,0,4.58,0,0,1,0,1,Non-AD
6761,2023-09-25,117,80,299.64,91.77,25.4,143.1,9.6,3.59,0,1,9.05,1,0,0,0,0,AD
6870,2023-12-27,164,115,229.2,98.74,25.77,83.53,,6.52,1,0,8.71,0,0,0,0,1,Non-AD
6884,2023-08-08,131,104,246.82,132.21,29.89,293.99,3.9,1.54,1,0,0.85,1,0,0,0,0,AD
4773,04/02/2024,120,71,225.66,87.33,43.22,365.26,18.8,5.88,0,1,9.18,0,0,1,0,0,Non-AD
6758,2024-01-07,116,67,190.08,88.85,42.31,265.51,29.4,3.11,0,0,8.36,0,0,1,1,1,AD
5634,2024-05-03,143,95,291.35,169.52,92.98,210.19,,0.82,0,0,2.29,0,0,1,0,0,AD
5090,01/17/2023,134,74,204.78,142.83,36.65,212.83,2.9,9.65,0,1,1.09,0,0,0,0,0,AD
6157,2024-07-19,109,74,195.21,155.72,75.83,107.45,27.4,8.15,0,0,8.97,0,1,0,0,0,Non-AD
6039,07/18/2023,170,95,256.79,80.47,96.18,321.6,26.5,0.35,0,0,3.23,0,0,0,0,1,Non-AD
4979,10/14/2023,142,63,207.02,76.85,42.51,163.33,17.8,7.32,0,0,1.5,0,0,0,1,0,Non-AD
6883,2023-07-16,94,117,281.03,83.22,95.85,61.03,5.7,2.27,0,1,9.11,0,0,0,0,0,AD
4858,2023-03-30,155,83,229.7,196.98,64.59,390.08,0.4,1.48,0,1,3.54,0,0,1,0,0,AD
6147,2023-08-02,159,111,296.37,190.01,66.35,143.48,,6.27,0,0,6.21,0,0,0,0,0,Non-AD
6736,2023-12-10,163,85,255.43,156.55,96.77,371.11,14.2,2.77,0,0,2.54,1,0,0,0,0,Non-AD
5946,2023-11-01,130,70,243.85,145.11,31.62,326.91,21.9,1.83,1,0,0.07,0,1,1,0,1,AD
5610,2023-04-05,125,87,197.11,122.66,48.89,382.55,9.7,4.22,0,1,9.05,0,0,0,0,1,AD
5344,2023-12-30,118,81,155.85,115.26,32.71,152.09,,8.63,0,0,9.41,0,0,0,0,1,Non-AD
5360,2023-10-17,137,98,202.95,88.38,82.94,393.69,1.9,5.48,0,0,3.22,0,0,0,1,1,Non-AD
4781,02/05/2023,114,97,198.35,112.71,88.88,379.35,24.7,2.72,1,1,9.89,1,0,0,1,0,Non-AD
4761,2023-06-06,131,86,224.53,160.76,68.33,172.79,19.7,8.25,0,0,2.02,0,1,0,0,1,Non-AD
5190,2023-10-14,111,61,195.93,179.68,26.56,223.91,23.4,8.42,0,1,3.05,1,0,0,0,0,AD
6125,04/12/2023,167,81,169.27,66.72,28.13,217.06,5.0,1.24,1,0,9.94,0,0,1,0,0,AD
5724,2024-05-29,157,115,234.21,97.68,59.77,380.29,4.8,9.09,0,0,6.95,0,1,0,0,1,Non-AD
5462,2023-12-23,123,77,191.22,108.13,62.65,232.69,22.0,4.5,0,0,6.75,0,0,1,0,1,Non-AD
6195,2023-08-16,108,95,193.79,179.49,28.88,124.9,22.3,5.72,0,0,1.52,0,0,0,1,0,Non-AD
6198,2023-01-19,161,84,257.84,149.58,63.45,215.4,8.8,6.66,1,0,1.35,0,0,1,0,0,AD
5421,2023-04-30,138,118,213.39,199.42,44.74,81.21,1.7,5.01,0,0,3.82,0,1,0,0,0,Non-AD
5619,2023-01-03,135,102,178.55,182.87,94.08,350.91,23.4,0.12,0,0,0.46,0,0,0,0,0,AD
5949,06/20/2024,102,96,152.72,76.57,73.04,60.12,23.3,8.82,0,0,4.11,0,0,0,0,0,Non-AD
5598,2024-06-13,105,114,291.41,158.84,30.1,57.56,10.2,5.08,0,1,8.33,0,0,0,0,0,Non-AD
4877,2023-06-30,108,62,273.71,110.61,60.57,290.69,27.4,9.62,0,0,7.47,0,0,1,0,0,Non-AD
5009,2023-05-23,137,112,261.05,87.01,84.36,291.94,25.8,9.38,0,0,8.07,0,0,0,1,0,Non-AD
6594,2024-04-27,98,95,264.16,135.44,51.25,167.31,21.3,1.78,0,0,8.23,0,0,0,0,1,Non-AD
6095,07/21/2023,143,119,190.63,169.86,55.81,337.31,25.0,9.31,0,0,8.91,0,0,0,0,0,Non-AD
5916,11/26/2023,135,76,201.27,107.84,31.52,331.69,0.9,3.56,0,0,7.13,0,0,0,1,1,Non-AD
5782,2024-06-19,162,61,175.95,65.09,28.03,78.38,13.9,3.47,0,0,0.23,1,0,0,0,1,AD
5814,2023-04-06,101,79,281.55,128.5,38.0,242.42,18.0,4.97,0,0,7.13,0,0,1,0,1,Non-AD
4950,2024-04-23,91,85,221.68,55.77,45.05,155.36,9.5,1.16,0,0,9.12,0,0,0,0,0,Non-AD
5380,2023-06-21,132,85,215.11,109.27,26.7,264.76,20.1,3.69,0,0,1.79,1,0,1,0,1,AD
5161,2023-09-15,125,97,201.75,120.89,36.35,278.37,4.9,1.31,1,0,3.9,1,0,0,0,1,AD
6687,2023-01-04,108,78,273.61,155.69,58.04,66.34,14.6,1.81,1,0,7.87,0,0,0,1,1,AD
5955,2024-05-20,160,97,223.2,162.66,93.38,386.54,0.9,5.63,0,0,6.39,1,1,0,0,0,Non-AD
6720,2023-12-23,105,114,234.48,114.87,27.54,262.44,18.2,0.67,1,0,3.18,0,0,0,0,0,AD
6431,2023-01-30,107,65,183.24,160.48,93.17,106.0,23.0,4.55,0,0,6.72,0,0,0,0,1,Non-AD
5592,2024-04-18,166,93,196.37,66.98,60.01,95.09,7.5,2.44,1,1,6.37,0,0,0,0,0,AD
5983,2024-07-28,162,80,174.33,66.45,67.15,243.99,20.6,5.51,0,0,5.19,1,0,1,0,0,Non-AD
5391,2023-12-27,119,100,225.75,158.26,94.14,265.54,3.3,8.82,0,0,9.14,0,0,0,0,1,Non-AD
5383,2023-08-22,137,79,274.89,157.16,29.92,77.83,28.9,3.67,0,0,5.07,0,0,0,0,1,Non-AD
5958,2023-07-13,158,84,222.13,157.94,54.4,363.65,0.9,8.96,0,0,9.05,0,1,1,0,0,Non-AD
6056,02/27/2024,108,67,154.47,195.76,27.22,357.69,29.1,0.71,0,0,0.83,0,0,0,0,0,Non-AD
6401,2023-06-18,128,99,251.33,152.83,49.75,101.37,19.8,1.13,1,0,1.43,0,0,0,1,0,AD
5164,2024-03-08,104,101,161.64,199.67,60.73,83.81,18.9,4.93,0,0,9.56,1,0,0,1,1,Non-AD
4764,2023-06-03,137,82,221.31,194.6,26.33,357.58,7.9,4.51,1,0,1.94,0,1,0,0,0,AD
5235,2023-04-02,156,107,167.56,84.84,86.66,162.64,22.4,5.97,1,0,8.29,0,1,0,1,1,Non-AD
6897,2023-06-13,115,118,237.02,156.27,99.68,294.8,17.0,1.97,0,0,5.04,0,0,0,0,0,AD
5813,2024-06-30,145,112,269.51,84.57,57.75,108.76,20.5,0.92,0,1,4.22,1,0,0,0,0,AD
5227,2023-02-12,172,94,226.54,134.99,56.84,92.27,6.4,5.32,1,0,6.76,0,0,0,0,0,Non-AD
5408,06/24/2023,143,81,198.74,71.41,78.57,226.01,1.1,2.34,0,0,8.48,0,0,0,0,1,Non-AD
5897,2024-06-19,132,82,242.99,141.68,33.88,172.24,27.7,5.29,0,0,1.98,1,0,0,0,0,Non-AD
5288,03/08/2023,127,100,199.1,110.45,55.51,195.17,13.3,4.45,1,0,4.88,0,1,0,0,0,AD
5720,03/24/2023,108,87,160.74,123.16,55.93,381.79,20.7,8.31,0,0,5.21,0,0,0,0,0,Non-AD
6654,2023-06-22,169,100,214.61,59.11,68.04,296.77,26.8,0.83,0,0,1.4,0,0,0,0,0,Non-AD
5354,2023-01-14,141,79,269.9,114.66,32.88,381.43,21.3,5.29,0,0,7.77,0,1,0,0,0,Non-AD
4915,2023-11-03,146,66,193.37,90.03,24.44,218.85,29.1,9.16,0,0,6.07,0,0,0,0,0,Non-AD
5891,2023-02-26,108,60,159.99,115.47,86.11,235.78,7.0,3.42,0,0,4.03,0,1,0,0,0,AD
6127,2023-10-23,179,111,275.38,151.67,90.2,357.17,22.2,5.71,1,0,2.25,0,0,0,0,1,AD
5234,2023-05-01,142,106,234.18,193.53,39.42,85.41,,2.97,1,0,2.85,0,0,1,0,0,AD
6001,2023-07-14,112,96,288.91,54.08,92.12,298.45,14.4,1.59,1,0,0.8,0,0,0,1,1,AD
4882,2024-06-24,172,64,273.05,174.86,90.13,118.19,20.0,6.28,0,1,7.68,0,0,0,0,0,Non-AD
6267,2023-06-01,151,84,199.18,164.24,96.29,234.31,25.1,1.86,0,0,7.1,0,1,1,0,0,Non-AD
5818,2024-07-31,156,101,213.6,137.62,41.8,159.76,18.5,5.81,0,0,5.76,1,0,0,0,0,Non-AD
6752,2024-02-15,106,95,248.75,165.79,98.04,384.75,23.6,6.65,0,1,5.15,0,0,0,0,1,AD
6121,2024-06-29,143,70,177.06,57.36,24.83,394.84,12.4,2.7,0,0,1.36,0,0,0,0,0,AD
6619,2024-06-03,137,84,167.67,108.0,64.06,369.67,10.7,7.75,0,1,5.23,0,0,1,0,1,Non-AD
6500,2024-08-01,135,83,213.14,116.88,73.12,123.02,5.9,0.55,0,0,5.98,0,0,1,0,0,Non-AD
6405,06/19/2024,108,74,192.11,53.59,24.32,315.32,17.8,5.6,1,0,0.4,0,0,0,0,0,AD
4823,2024-07-27,119,98,268.47,129.42,62.82,206.31,7.1,1.58,0,0,3.0,0,0,1,1,0,AD
5266,2023-02-01,159,98,256.22,177.1,64.78,315.27,4.1,2.51,0,1,6.46,0,1,0,0,0,AD
6396,2023-05-21,153,79,228.62,146.91,68.01,87.95,7.6,5.94,0,1,4.03,1,0,0,0,1,AD
4763,2023-04-19,145,63,254.44,148.29,98.59,81.53,2.2,0.52,0,0,9.0,1,0,0,0,0,Non-AD
6297,2023-01-12,164,61,222.14,160.03,87.84,370.21,23.8,8.79,0,0,7.03,1,0,0,1,0,Non-AD
6596,2023-08-31,119,113,223.98,153.59,45.45,276.93,8.0,6.67,0,0,7.76,0,0,0,0,0,Non-AD
4960,2023-11-21,119,77,212.12,134.07,82.66,356.65,6.2,1.96,0,0,0.28,0,0,1,0,0,AD
5055,2023-03-15,140,62,253.24,71.46,29.09,161.37,,8.58,1,0,5.05,0,0,0,0,0,Non-AD
5372,02/20/2024,168,64,232.09,102.76,21.6,278.94,9.1,3.41,0,0,6.83,0,1,0,0,0,Non-AD
6684,05/21/2024,99,104,251.07,143.26,54.81,371.4,17.3,8.87,0,0,3.76,0,0,0,1,0,Non-AD
6400,12/29/2023,100,69,233.06,195.95,82.13,273.2,20.7,9.12,0,0,8.26,0,1,0,0,0,Non-AD
5317,2023-02-07,101,101,231.91,110.08,80.76,215.98,10.7,9.81,1,0,7.4,0,0,0,0,0,Non-AD
5445,2024-06-26,118,116,297.51,105.69,76.67,369.13,12.2,0.76,0,0,4.72,0,0,0,0,0,AD
6414,2024-04-20,106,69,278.05,64.44,37.26,284.14,,5.94,0,0,8.73,1,0,0,0,0,Non-AD
5769,2023-11-03,97,77,264.95,192.42,78.66,242.23,10.0,7.19,0,0,3.39,0,0,0,0,0,Non-AD
5092,2023-09-30,113,85,277.6,166.19,89.99,342.71,17.8,3.76,0,0,4.49,0,0,0,0,0,AD
6315,2024-05-07,132,115,168.13,144.59,39.97,280.89,3.8,7.4,0,0,4.57,1,0,0,0,0,Non-AD
6129,2023-03-01,97,117,270.84,53.13,72.63,139.66,17.9,6.21,0,0,9.03,0,0,0,0,0,Non-AD
5573,2023-09-14,150,114,259.77,197.31,26.49,199.35,25.5,4.78,0,0,2.83,0,0,1,1,0,Non-AD
6788,2024-04-23,160,76,275.17,95.62,24.42,136.6,,4.78,0,0,1.3,0,0,0,1,1,Non-AD
6086,2023-08-10,169,96,228.02,171.88,34.57,330.56,19.3,9.02,0,0,9.14,1,0,0,0,1,Non-AD
5815,2024-05-08,138,84,278.14,196.87,92.33,363.15,6.7,0.63,0,0,2.12,1,0,0,0,0,AD
5564,2023-04-11,172,61,184.03,57.57,63.36,290.27,29.5,8.34,0,0,4.69,0,0,0,1,1,Non-AD
4793,2023-02-12,98,98,249.23,139.34,39.21,379.48,10.2,5.09,0,1,8.89,0,0,0,0,0,Non-AD
5997,2024-06-21,126,83,270.95,85.94,65.78,59.48,22.2,6.59,0,0,9.42,0,1,1,0,0,Non-AD
6638,2024-04-19,96,112,206.8,74.32,52.97,240.59,7.6,1.68,0,0,1.99,0,0,0,1,1,AD
5631,2023-03-09,110,62,152.97,144.79,68.26,100.8,26.3,6.09,1,0,9.11,0,0,0,0,0,Non-AD
6455,2023-07-27,119,63,279.83,105.46,21.28,323.29,27.9,6.0,0,0,9.61,0,0,1,0,1,Non-AD
6445,2024-03-25,138,77,280.27,113.52,24.24,349.81,8.8,1.46,0,0,4.57,0,0,0,0,0,AD
5485,2023-11-04,147,92,204.14,64.45,78.9,52.36,1.3,5.61,1,0,8.54,0,0,0,0,0,Non-AD
6242,2024-05-31,92,71,165.66,118.76,35.57,312.23,10.4,6.75,0,1,0.14,0,0,0,0,1,AD
5175,2024-07-29,109,84,284.93,160.63,27.63,208.72,9.6,9.47,0,0,5.0,0,0,1,0,1,Non-AD
5111,03/11/2023,96,62,261.84,100.08,98.01,213.65,5.0,4.29,1,1,6.08,0,1,0,0,0,AD
6265,2023-01-31,154,96,191.21,121.89,45.36,374.65,12.1,1.11,0,1,1.56,0,1,0,1,1,AD
5632,2023-07-02,124,85,272.73,127.15,52.56,189.51,16.5,8.44,0,0,0.45,0,0,0,0,1,Non-AD
6076,2024-04-20,168,117,260.19,68.17,42.31,138.77,11.9,9.6,0,0,4.78,0,0,0,0,0,Non-AD
5337,2023-05-17,125,112,179.4,198.51,76.5,256.77,6.0,4.74,0,0,8.62,1,0,0,0,0,Non-AD
4777,2023-07-23,177,61,271.89,116.66,36.1,67.75,20.4,6.6,0,0,3.18,0,1,0,0,0,Non-AD
5432,2024-04-15,163,94,182.47,124.66,97.15,289.97,24.4,6.16,0,0,3.8,0,0,0,0,0,Non-AD
5995,2023-01-15,165,107,234.09,104.57,72.55,69.27,25.4,5.73,1,0,0.24,0,0,0,1,0,Non-AD
4887,2023-06-08,116,111,201.9,112.08,42.28,343.33,,8.08,0,0,2.57,0,0,0,0,0,Non-AD
4962,2023-03-17,170,118,200.98,194.59,92.04,330.97,0.0,9.37,0,0,6.79,0,0,0,0,0,Non-AD
6466,2023-03-19,140,90,176.1,185.75,59.6,115.12,14.7,1.53,0,1,3.71,0,0,1,0,1,AD
6136,2023-09-20,105,63,185.69,50.89,45.47,168.38,23.3,7.31,0,0,6.51,1,0,0,0,1,Non-AD
4806,2023-12-03,114,70,159.83,103.35,74.9,121.64,,2.75,1,0,3.8,0,0,0,0,0,AD
5215,2024-05-05,98,110,228.27,63.04,34.47,304.83,18.1,7.69,0,0,7.58,0,1,1,0,0,Non-AD
5754,2023-03-26,113,103,170.56,155.91,55.58,398.28,5.4,0.43,0,0,4.38,0,0,0,0,1,AD
4968,03/29/2024,138,109,226.49,80.41,37.75,380.96,12.1,0.12,0,0,3.99,0,0,0,0,0,AD
5940,2024-01-11,137,90,235.03,165.99,76.14,68.87,25.6,6.96,1,0,1.11,1,0,1,0,0,Non-AD
5819,2024-02-02,131,111,204.69,179.67,37.88,359.12,4.4,2.89,1,0,6.7,1,0,0,0,1,Non-AD
5148,2023-12-10,169,94,281.76,180.59,48.01,237.94,14.1,7.37,0,0,0.81,0,1,0,0,0,Non-AD
6872,07/16/2023,92,116,157.72,166.36,62.37,51.06,,8.34,0,0,2.7,0,0,0,0,0,AD
6397,2023-12-13,163,105,200.14,99.68,48.89,181.56,22.1,0.72,1,0,4.93,0,0,0,0,1,AD
6838,2023-06-14,139,66,246.36,95.51,59.58,166.76,11.8,7.18,1,0,6.26,0,0,0,0,0,AD
6659,2024-08-08,130,90,263.77,54.58,88.2,296.21,28.3,4.2,0,0,5.61,0,0,1,0,0,Non-AD
6624,2023-09-18,126,102,255.04,128.38,79.23,267.17,19.5,1.64,1,0,5.12,0,0,0,0,1,AD
6853,2023-09-15,169,100,242.64,86.38,22.43,271.98,27.0,5.11,0,0,8.09,0,0,0,0,0,AD
4930,2023-08-01,129,108,276.71,176.68,66.6,65.65,11.3,5.09,1,0,1.17,0,0,1,0,0,AD
5957,2023-04-07,147,102,256.3,148.7,45.96,309.62,6.7,0.86,0,0,0.16,0,0,0,1,1,AD
5492,2024-08-17,148,82,199.7,192.43,35.66,200.76,12.4,1.33,0,0,0.2,0,0,0,0,0,AD
5259,2023-01-09,126,118,220.99,161.83,59.39,309.53,,7.29,1,0,0.83,0,0,0,0,1,AD
5920,10/10/2023,136,114,172.57,108.76,54.37,264.16,5.1,7.01,0,0,5.8,0,0,0,0,1,Non-AD
5052,2024-02-13,111,96,249.62,97.18,77.31,282.16,16.6,1.41,0,0,3.64,0,0,0,0,1,AD
6301,02/01/2023,126,85,252.42,157.7,85.95,139.15,25.7,3.65,0,0,0.04,0,0,0,1,1,Non-AD
5755,2024-08-01,157,83,274.7,79.39,62.28,59.23,25.9,0.93,0,0,1.61,1,0,0,0,0,Non-AD
5970,2024-06-01,122,76,237.59,61.51,33.52,173.01,9.0,5.62,1,0,9.31,1,0,0,0,0,Non-AD
4829,2023-02-05,90,112,234.27,76.27,96.79,174.72,21.0,3.66,0,0,4.01,0,0,1,1,0,AD
5749,2023-07-06,179,112,228.16,180.76,30.08,99.14,4.1,9.02,0,0,5.47,0,0,0,0,1,Non-AD
6423,2024-03-02,165,60,182.45,156.07,80.85,202.28,26.2,6.45,1,0,0.7,0,1,0,0,0,Non-AD
5478,2024-07-01,150,86,246.11,154.15,94.14,240.43,29.6,3.75,0,1,3.38,0,1,0,1,0,Non-AD
4980,2024-02-26,126,85,276.74,183.45,24.27,130.98,6.1,9.71,0,0,0.04,0,0,0,0,0,Non-AD
5571,2024-04-09,121,117,226.35,142.65,23.46,153.91,12.0,4.0,0,0,4.92,0,0,0,0,0,AD
6156,2023-12-17,131,105,201.21,103.26,81.9,95.65,24.0,4.95,0,0,8.18,0,0,0,0,0,Non-AD
5742,2023-01-15,101,107,274.18,78.4,26.18,135.49,9.5,1.36,1,1,4.53,1,0,0,0,0,AD
6732,2024-06-21,153,113,221.1,127.61,22.91,146.71,0.8,4.08,0,0,4.35,0,0,0,0,0,AD
4780,2024-05-15,145,71,151.45,185.56,92.44,272.48,20.4,2.57,0,0,9.93,0,0,0,0,0,Non-AD
5313,2024-02-26,141,93,272.43,142.04,58.31,241.03,-1.0,3.97,0,0,4.65,0,0,0,0,0,AD
6175,2024-03-09,110,108,194.41,124.02,49.0,221.5,9.9,8.16,0,1,9.61,0,0,0,0,0,Non-AD
4977,2023-10-05,147,109,219.17,110.71,76.55,303.19,11.7,7.08,0,0,1.59,0,0,0,0,1,Non-AD
6501,2024-08-16,151,86,224.39,118.34,85.56,215.98,3.9,1.31,0,1,3.81,0,0,0,1,0,AD
5984,2023-11-24,117,81,265.6,70.13,65.37,310.07,1.7,1.92,0,1,1.09,0,0,0,1,0,AD
5196,2023-03-19,98,69,173.08,189.46,43.49,233.41,6.5,1.82,1,0,1.97,0,0,0,0,0,AD
6154,2023-09-05,155,102,294.55,68.07,78.18,324.05,9.0,9.81,1,1,2.53,1,0,0,1,0,AD
4783,2023-11-28,95,91,286.09,85.46,96.33,331.36,21.0,6.25,0,0,0.6,0,0,0,0,0,Non-AD
6485,2023-01-20,160,98,296.25,108.04,51.49,255.88,26.1,9.47,1,1,1.93,1,0,0,0,1,Non-AD
5718,2023-06-28,130,65,189.85,90.39,21.94,110.54,25.5,2.0,0,0,9.46,0,0,0,1,0,Non-AD
5646,06/26/2024,116,94,285.57,59.1,27.92,164.99,7.2,1.8,0,1,2.51,0,0,0,0,0,AD
5420,2023-05-09,178,98,232.25,173.43,57.5,92.24,23.2,8.94,0,0,5.67,0,0,0,0,0,Non-AD
6618,2024-01-26,156,69,180.66,104.4,45.15,235.02,16.3,1.52,0,1,5.91,0,0,0,0,0,AD
6894,2023-11-27,101,99,233.95,57.45,67.16,98.69,5.9,1.41,0,0,4.54,0,0,0,1,1,AD
5711,2023-06-26,156,78,166.71,176.37,54.58,250.64,5.0,4.34,0,0,9.46,0,0,0,0,1,Non-AD
6117,2024-03-28,130,111,265.29,82.17,78.89,75.24,8.7,7.85,0,0,1.0,0,1,1,0,0,Non-AD
6165,2023-08-19,121,69,298.55,174.63,96.94,130.95,0.5,5.46,0,0,7.87,0,0,0,0,0,Non-AD
6785,2023-08-24,129,115,190.08,156.45,54.4,271.01,14.0,4.96,0,0,5.47,0,0,1,0,0,Non-AD
6251,01/03/2024,175,67,192.01,163.57,60.67,171.71,20.3,3.85,0,0,7.05,1,0,1,0,1,Non-AD
6155,2023-02-27,175,77,273.88,131.0,59.46,238.78,,5.77,0,0,9.32,0,0,0,0,0,Non-AD
4903,2023-07-17,152,70,238.28,63.38,75.02,295.76,0.4,1.96,0,1,8.83,0,0,0,0,1,AD
5712,2024-01-25,165,102,215.34,173.45,74.41,360.78,14.7,3.14,0,1,0.19,0,0,0,0,0,AD
4974,04/30/2024,160,78,223.57,141.7,53.31,321.43,14.9,6.85,0,0,8.4,0,0,0,0,0,Non-AD
5781,2023-04-07,128,110,246.23,154.87,39.06,258.33,,2.99,1,0,1.07,1,0,0,0,0,AD
6892,01/25/2023,137,91,264.99,181.68,96.36,347.48,20.0,8.72,0,0,9.57,0,0,0,0,1,Non-AD
5454,2023-07-12,177,104,202.86,131.11,60.37,372.35,19.9,9.93,1,0,0.8,0,0,0,0,0,AD
6212,2023-12-30,140,104,191.35,199.36,30.68,256.22,12.1,7.24,0,0,6.5,1,1,0,0,0,Non-AD
6589,2023-11-22,157,94,231.3,128.22,55.48,137.33,23.8,9.38,1,0,9.53,0,0,0,1,0,Non-AD
6203,2024-02-06,166,93,236.9,188.29,36.88,53.32,9.9,7.54,0,0,3.39,0,0,0,0,0,Non-AD
6760,2024-07-24,156,82,281.4,122.82,38.66,348.93,15.7,4.7,0,0,8.87,0,0,0,0,1,AD
6228,01/02/2024,165,113,234.58,132.35,91.65,140.61,29.3,2.45,0,0,9.66,1,0,0,0,0,Non-AD
5607,2024-06-26,122,75,271.43,55.04,73.88,374.56,18.5,3.48,0,0,4.93,0,0,0,0,0,AD
5820,2024-02-23,146,100,285.15,87.64,96.65,105.0,11.5,0.57,0,0,2.56,0,0,0,0,0,AD
5586,2023-11-25,152,111,157.16,122.06,28.91,144.44,20.3,0.81,0,0,2.6,0,1,0,0,0,AD
6003,2023-12-25,155,63,286.88,89.3,36.94,111.93,28.5,8.75,0,0,7.15,0,0,0,0,0,Non-AD
6412,2023-10-22,151,115,171.8,143.96,49.59,204.82,22.1,0.26,0,0,7.12,0,1,0,0,0,Non-AD
6552,2023-12-26,177,72,235.23,166.11,61.18,315.92,13.7,2.13,1,0,1.4,0,0,0,0,0,AD
4865,2023-11-01,111,66,173.04,189.78,25.48,218.93,29.1,4.85,0,0,2.17,1,0,0,0,1,Non-AD
4799,2023-05-25,127,114,264.43,168.53,73.36,196.34,25.8,2.56,1,1,2.6,0,0,0,0,1,AD
5041,2023-08-27,178,78,286.35,184.96,87.59,50.99,-1.0,7.56,0,0,6.9,0,1,0,0,0,Non-AD
5856,2023-06-07,130,111,210.83,122.04,97.29,364.95,14.2,0.78,1,0,0.35,0,0,1,0,0,AD
5775,2023-07-02,179,70,283.91,145.19,32.26,311.64,8.1,4.44,1,0,9.3,1,0,0,0,1,AD
4958,05/28/2024,130,62,268.33,87.89,27.03,140.24,11.2,8.51,0,1,6.6,0,0,1,1,0,Non-AD
6413,2023-01-27,173,82,226.0,92.75,41.06,196.3,25.7,4.49,0,0,1.65,0,1,0,0,0,Non-AD
5903,2023-01-10,146,81,184.78,168.08,45.1,376.9,14.4,3.77,1,0,7.9,0,0,0,1,0,AD
5726,2023-03-14,165,117,279.38,127.03,76.75,271.01,10.6,2.25,0,0,2.96,1,0,0,0,0,AD
5843,2023-01-28,171,107,283.73,63.16,91.18,128.4,4.8,7.23,1,0,3.42,1,1,0,0,0,AD
6169,2023-08-09,142,72,214.44,102.68,40.36,135.35,20.8,9.65,0,0,7.24,0,0,1,0,1,Non-AD
6006,2023-05-06,112,81,238.79,93.1,67.63,338.64,27.4,8.81,1,1,5.81,0,0,1,0,1,Non-AD
5947,2023-08-13,129,64,193.78,139.42,58.62,83.54,26.3,0.84,1,0,0.27,1,0,0,0,0,Non-AD
5384,2023-10-04,99,69,221.37,162.98,21.74,315.58,19.6,8.79,0,0,7.65,0,0,0,0,0,Non-AD
5528,2023-11-26,97,61,284.16,68.87,34.0,60.95,28.9,3.14,0,0,3.73,0,0,0,1,0,Non-AD
5642,2023-03-22,93,105,279.26,95.7,21.26,194.44,17.1,0.86,0,0,2.44,0,0,0,0,1,AD
6721,2023-02-05,122,102,278.46,137.46,91.15,351.83,13.9,1.3,0,0,7.9,0,0,0,0,0,Non-AD
5652,2024-02-26,165,114,270.88,85.67,97.03,76.03,28.1,4.89,0,0,0.26,1,0,0,0,1,Non-AD
5585,11/16/2023,167,87,185.0,158.28,32.98,181.42,19.8,4.52,1,0,7.44,1,0,0,0,1,AD
6002,01/29/2024,112,92,154.97,96.02,66.38,260.13,17.6,8.37,0,0,7.79,0,0,1,0,0,Non-AD
5435,2024-07-03,128,72,212.56,119.4,72.03,308.01,8.6,7.92,1,0,8.4,0,0,0,0,1,Non-AD
5725,2024-05-08,178,79,217.56,159.69,83.02,76.57,22.9,3.69,0,0,4.22,0,0,0,0,1,AD
6042,2023-09-03,151,66,192.56,67.4,75.93,289.25,5.8,8.65,0,0,8.45,0,0,0,0,1,Non-AD
5369,2024-03-27,148,106,292.02,58.15,94.09,315.51,7.1,0.04,1,0,5.24,0,0,0,0,0,AD
5998,2024-05-10,178,106,166.35,111.79,28.01,196.34,19.5,4.94,0,0,9.78,0,0,1,1,0,Non-AD
6096,2023-07-06,113,95,216.9,67.79,91.88,332.05,8.7,6.26,0,0,5.5,0,0,0,0,1,Non-AD
5437,2023-02-10,155,109,255.29,100.05,83.12,288.1,10.9,2.48,1,0,9.86,0,0,0,0,0,AD
5622,2023-12-18,175,107,256.86,157.33,80.03,382.71,24.9,7.62,0,0,8.04,0,0,0,0,1,Non-AD
5942,2024-03-07,121,81,262.75,143.86,35.46,340.91,9.3,3.27,1,0,1.96,0,1,1,0,0,AD
5425,2024-07-30,107,114,208.87,128.23,95.96,128.11,11.9,0.11,0,0,8.14,1,0,0,0,0,Non-AD
5501,10/24/2023,159,89,242.81,66.91,76.52,235.77,20.1,5.15,0,1,6.23,0,0,1,0,0,Non-AD
5756,2023-03-01,130,78,271.82,182.81,50.03,58.45,5.1,4.71,0,0,8.44,0,1,0,0,0,Non-AD
6424,2023-01-24,107,94,267.56,92.77,28.74,168.37,23.4,8.44,0,0,6.89,0,0,0,1,0,Non-AD
5160,2024-05-12,97,106,209.93,53.66,99.98,207.85,21.7,2.74,0,0,5.18,0,0,0,0,0,Non-AD
5381,2023-11-05,144,93,172.95,181.53,59.85,284.21,8.3,5.62,0,1,3.88,0,0,0,0,1,AD
6133,2024-03-16,81,95,155.48,108.83,55.6,128.98,17.7,6.03,0,1,9.63,0,0,0,0,0,Non-AD
4753,2023-02-24,99,116,284.18,153.32,69.77,83.64,7.4,5.9,0,0,7.12,0,1,0,1,0,Non-AD
6662,2024-07-14,170,102,256.61,85.95,92.2,259.76,10.5,4.66,0,1,7.21,1,1,0,0,1,AD
6598,03/24/2024,169,118,273.35,78.86,61.26,251.19,0.2,8.7,1,0,3.47,1,0,1,0,0,AD
5398,2024-06-22,109,107,165.04,82.82,99.81,100.27,2.2,3.22,0,0,9.06,0,0,0,0,0,Non-AD
4891,2023-05-21,125,95,277.61,199.94,21.16,98.99,9.1,1.9,0,0,2.55,0,0,0,0,1,AD
6479,2024-04-29,139,118,189.49,104.63,52.61,108.48,18.6,9.28,1,0,7.59,1,0,1,0,0,Non-AD
5666,2023-04-29,153,81,215.79,104.53,94.15,239.23,8.3,6.03,0,0,2.64,0,0,0,0,0,Non-AD
6375,2024-01-18,178,117,200.06,140.57,37.76,67.3,,3.58,0,0,1.72,0,0,0,0,0,AD
6356,2023-06-17,171,78,230.36,188.09,39.84,172.14,4.4,7.7,0,0,0.9,0,0,0,0,0,Non-AD
6135,05/07/2024,105,92,243.02,148.58,87.19,267.79,26.3,2.53,0,0,0.5,0,0,0,0,0,Non-AD
4917,03/15/2024,155,119,164.84,77.66,69.38,337.0,13.0,3.47,0,0,9.77,0,0,0,0,0,Non-AD
6448,2024-08-04,168,87,236.36,124.97,37.0,126.39,25.4,4.05,0,0,7.38,0,0,0,0,0,Non-AD
5565,2023-04-08,116,93,189.21,120.02,33.66,397.95,6.7,3.96,1,0,3.76,0,1,0,0,0,AD
4966,01/22/2023,116,67,274.84,82.46,85.76,140.06,15.2,8.99,0,1,4.12,0,0,1,1,0,AD
6437,2023-07-31,138,103,175.17,118.16,20.99,373.93,11.7,6.12,0,1,0.13,0,0,1,0,0,AD
6079,2024-03-26,96,104,280.82,108.69,37.99,178.31,7.0,8.43,0,1,5.53,1,0,0,0,1,Non-AD
6177,2023-12-21,93,114,268.75,137.15,52.29,277.99,7.6,0.65,1,0,5.81,0,0,0,0,0,AD
4883,2023-04-28,164,77,277.45,115.58,22.94,217.71,8.9,5.58,0,0,1.43,0,0,0,0,0,Non-AD
5066,2023-01-18,99,65,229.07,58.49,68.37,243.32,3.1,0.09,1,1,4.86,0,0,0,0,0,AD
4890,2024-08-18,105,116,227.17,97.15,62.41,360.03,4.9,6.67,0,0,2.45,0,0,0,0,1,Non-AD
6595,2024-06-25,65,146,238.15,110.16,35.97,95.11,,6.28,1,0,8.71,0,0,0,0,0,Non-AD
6755,2023-04-02,135,68,211.26,67.84,62.88,86.65,5.4,1.81,0,1,9.11,0,0,0,0,0,AD
5168,02/10/2024,97,71,226.95,147.22,88.35,246.76,12.1,3.15,0,0,1.54,0,0,0,0,0,AD
5783,2023-12-19,168,118,213.12,127.83,21.77,179.54,18.5,6.2,0,0,1.07,0,0,0,0,0,Non-AD
4789,2023-04-30,164,110,159.7,178.2,90.88,256.55,1.5,3.36,1,0,0.55,0,0,0,0,1,AD
6030,2023-08-30,131,65,184.11,94.29,35.62,375.5,8.0,0.26,0,1,1.6,1,0,0,0,1,AD
6740,2023-08-04,117,63,210.89,174.09,84.03,164.06,10.0,1.0,0,0,1.81,1,0,0,0,0,Non-AD
4804,2023-10-02,98,116,215.42,159.51,92.8,59.93,20.4,2.1,1,0,9.46,0,0,0,0,0,AD
5458,06/19/2023,109,79,211.95,72.26,73.64,121.98,28.0,0.16,1,0,3.78,0,0,1,0,0,Non-AD
4888,2024-03-11,142,68,221.01,182.04,24.83,223.85,16.8,1.95,0,0,5.65,0,0,0,0,1,Non-AD
5498,2024-05-23,94,81,189.43,188.42,85.11,265.33,23.9,7.5,0,0,8.07,0,0,1,0,0,Non-AD
6233,2023-12-26,172,87,257.11,145.3,52.38,254.82,5.4,4.68,0,0,3.62,1,0,0,0,0,AD
5878,2024-05-01,164,93,218.84,100.8,60.75,291.89,19.5,0.09,0,1,9.74,1,0,1,0,0,AD
5546,2023-01-10,91,85,227.16,101.06,39.88,202.6,8.2,3.59,0,0,7.36,0,0,0,0,1,Non-AD
4786,2024-02-02,129,77,166.68,53.51,67.48,295.35,19.6,7.4,0,1,9.95,0,0,1,0,0,Non-AD
4776,2024-01-02,115,112,299.87,88.11,81.98,279.76,24.6,7.71,0,0,6.29,1,0,1,0,0,Non-AD
5409,2023-03-19,165,99,262.91,87.61,76.88,88.85,2.7,9.45,0,0,2.37,0,0,0,0,0,Non-AD
6161,2023-02-13,132,62,292.58,66.54,45.4,393.16,10.3,1.94,0,1,6.41,0,0,0,0,1,AD
5201,2024-05-23,107,76,268.38,170.19,99.26,274.2,24.1,4.07,0,0,4.3,1,0,0,0,0,Non-AD
5330,2023-11-17,134,105,178.01,108.48,60.95,191.95,7.6,3.07,0,0,3.58,0,0,1,0,0,AD
6507,2024-03-07,136,69,221.13,191.82,92.11,188.16,22.1,8.64,0,1,5.67,0,0,0,0,1,Non-AD
6005,2024-07-07,117,102,240.31,145.3,53.15,221.04,20.5,7.68,0,0,3.04,0,0,0,0,0,Non-AD
5831,2024-06-10,137,60,258.32,56.71,90.15,231.42,20.2,7.39,0,0,8.64,0,0,0,0,0,Non-AD
6160,03/19/2023,140,97,250.87,160.05,33.39,396.48,17.7,6.04,1,0,7.97,0,0,0,0,1,Non-AD
6727,06/21/2024,157,86,153.38,128.17,74.64,238.54,,8.35,1,0,9.06,0,1,0,1,0,Non-AD
6015,2023-03-03,167,88,199.88,105.65,58.74,229.88,16.6,3.4,0,0,3.75,0,1,1,0,0,AD
5054,2023-09-25,141,82,229.62,146.25,93.92,260.9,12.2,9.82,0,0,5.34,0,1,1,0,0,Non-AD
5503,2024-03-09,95,99,291.6,157.79,44.49,123.0,19.6,6.83,0,0,2.09,0,0,0,0,1,Non-AD
6027,2023-04-20,178,61,184.23,190.4,49.04,242.12,24.8,4.47,0,0,3.06,0,0,0,0,0,Non-AD
9004,2024-05-24,118,115,159.58,65.37,68.46,277.58,14.0,8.97,0,1,6.48,0,0,0,0,0,Non-AD
6208,2024-01-26,157,63,283.46,196.0,60.25,178.34,5.0,4.76,0,0,6.59,0,1,0,0,0,Non-AD
6537,2023-08-29,91,79,279.27,70.97,39.36,257.09,0.9,4.28,0,0,8.04,0,0,0,0,1,Non-AD
5807,2024-06-20,107,83,283.67,161.51,81.58,87.24,8.9,6.5,0,1,6.21,0,1,1,0,0,Non-AD
6584,2023-07-12,159,60,204.4,181.88,26.74,120.43,20.5,3.94,0,0,7.44,1,0,0,1,0,Non-AD
5530,10/09/2023,163,76,298.31,157.15,99.52,128.43,14.0,5.4,1,0,4.07,0,1,1,0,0,AD
6626,2023-05-30,77,143,284.97,164.44,26.06,74.21,11.7,9.17,0,0,4.41,0,0,0,0,1,Non-AD
4996,2023-12-13,120,110,183.24,82.32,68.8,296.39,18.5,4.69,1,0,1.48,0,0,0,0,0,AD
4854,2024-06-03,112,97,195.94,159.25,70.45,227.64,24.2,4.66,0,1,4.11,0,1,0,0,1,Non-AD
5028,2024-07-11,101,103,264.92,103.81,52.55,218.85,2.7,0.64,0,0,7.33,0,0,1,0,0,Non-AD
5145,02/20/2023,113,96,173.01,145.65,99.19,398.01,7.2,2.99,0,1,4.97,0,0,0,0,1,AD
4862,2023-03-13,104,103,157.26,112.65,43.2,136.04,11.7,4.66,0,1,5.64,0,0,1,0,1,AD
5340,2023-03-29,146,99,202.38,76.24,70.31,77.05,1.6,0.62,0,0,9.46,0,0,0,0,0,Non-AD
4911,2023-02-05,94,106,245.75,143.44,56.12,326.87,6.2,2.42,0,0,3.92,0,0,0,0,0,AD
5723,08/14/2023,131,75,226.41,122.07,77.09,126.87,7.7,9.52,1,0,3.98,0,0,0,0,1,AD
5499,2024-04-13,116,80,226.19,52.25,76.24,264.69,18.9,6.22,0,0,9.61,1,0,1,1,1,Non-AD
6560,2023-10-04,117,118,264.39,152.44,45.04,135.85,-1.0,4.5,0,1,8.37,0,0,0,0,1,AD
6461,2024-01-26,161,66,231.42,147.65,82.42,347.22,23.5,4.42,0,0,7.95,1,0,1,0,0,Non-AD
5892,2023-11-20,146,100,161.14,172.18,81.64,54.73,0.0,7.54,0,0,9.66,0,1,0,0,1,Non-AD
5412,2024-05-01,156,109,174.74,144.12,44.55,63.24,18.9,2.48,0,0,9.55,0,0,1,0,1,Non-AD
6531,2023-04-17,117,83,263.62,150.44,98.38,179.22,18.2,2.55,0,0,7.3,1,0,0,0,0,Non-AD
5091,2024-03-22,113,162,198.63,162.57,64.89,108.6,13.0,8.06,0,0,8.78,0,0,0,0,0,Non-AD
5081,2023-06-23,102,97,298.01,69.65,38.02,149.68,11.5,6.95,1,0,5.8,1,0,0,0,0,Non-AD
6043,2023-08-03,174,81,222.73,136.07,42.68,126.97,5.1,8.4,0,0,1.15,0,0,1,0,0,Non-AD
4885,2024-03-11,94,96,188.79,67.19,68.39,69.84,21.6,9.3,1,1,7.77,0,0,0,0,1,AD
5389,2023-03-18,154,112,268.27,113.55,69.41,381.33,,9.81,0,0,6.27,0,0,0,0,0,Non-AD
6081,2024-08-01,111,64,249.51,138.56,49.58,246.19,14.4,0.23,1,0,0.84,0,0,0,1,0,AD
4919,2023-12-06,126,72,225.23,86.94,78.25,147.23,,4.71,0,0,0.92,0,0,0,0,0,AD
6845,2023-10-21,173,63,158.17,57.17,31.26,142.46,12.5,9.56,0,0,2.81,0,0,1,0,1,Non-AD
5680,2023-04-23,99,84,241.96,190.93,53.55,274.98,,5.29,0,0,4.12,0,0,0,1,0,Non-AD
5613,2023-01-17,151,73,179.36,110.7,59.81,201.08,0.9,6.24,1,0,6.28,0,0,0,0,0,Non-AD
5935,01/18/2023,139,114,281.12,147.97,82.33,369.67,20.4,9.21,0,0,5.24,0,0,0,0,0,Non-AD
5774,2024-03-25,154,60,216.9,78.75,54.38,292.25,,7.25,0,0,6.3,0,0,1,0,1,Non-AD
5829,2023-09-18,172,65,288.47,102.11,44.6,81.35,17.0,8.04,1,0,9.3,0,1,0,0,0,Non-AD
4775,10/20/2023,153,81,239.26,198.45,37.71,297.5,13.0,2.48,1,1,0.37,0,0,0,0,0,AD
5559,2023-01-22,178,86,165.85,98.74,86.74,83.01,0.1,1.73,0,1,3.81,0,0,0,1,0,AD
5291,2024-07-06,139,99,219.51,183.36,58.65,340.23,15.3,1.15,0,0,5.04,1,0,1,0,1,Non-AD
5195,08/01/2023,179,74,237.1,70.59,89.69,323.74,4.9,2.29,1,1,8.02,1,1,0,0,0,AD
4902,2024-03-21,123,112,151.28,173.09,61.26,52.41,20.8,9.71,0,0,3.4,0,0,0,0,1,Non-AD
6337,2024-01-16,177,86,217.05,123.91,79.03,317.59,19.4,0.55,0,0,4.45,0,0,0,0,0,AD
6766,2023-02-19,97,87,185.96,107.14,63.97,288.92,19.2,3.01,0,0,3.58,0,0,0,1,0,AD
4845,03/19/2024,160,113,238.06,78.28,42.66,137.17,14.4,7.35,0,0,4.12,0,0,0,0,1,Non-AD
5507,2023-01-25,106,77,163.98,106.05,68.14,370.92,22.8,4.27,0,1,6.07,0,0,0,0,1,Non-AD
4969,2023-12-06,168,78,203.09,147.6,41.74,230.37,28.0,5.49,0,1,4.13,0,0,0,0,0,Non-AD
6429,2023-10-01,162,111,268.55,101.91,86.06,177.52,-1.0,9.66,1,0,6.02,0,0,0,0,0,Non-AD
5133,2024-04-26,167,83,255.01,101.36,77.44,186.82,0.9,3.63,0,0,4.34,1,1,0,0,0,AD
5802,2023-06-16,146,78,236.5,129.97,79.56,343.08,21.3,1.47,0,1,6.69,0,0,0,0,1,AD
5533,2023-07-27,177,85,192.05,173.25,52.52,381.4,15.7,6.57,0,0,7.26,1,0,0,0,1,Non-AD
5653,10/15/2023,105,101,193.63,168.25,41.79,356.0,8.1,9.5,0,0,3.39,0,0,0,1,0,Non-AD
5741,2023-08-01,170,74,255.76,77.95,38.41,334.53,20.8,2.2,1,1,1.16,0,1,0,0,0,AD
5617,2023-03-17,106,116,209.26,88.62,47.9,370.89,28.7,8.8,0,0,1.51,0,0,0,0,0,Non-AD
5044,2023-03-05,147,104,295.16,180.03,20.69,240.03,24.5,5.68,1,0,7.01,0,0,0,0,1,Non-AD
5464,04/05/2024,131,78,225.17,183.34,93.72,60.17,29.2,1.97,0,0,3.35,0,0,1,0,0,Non-AD
5954,2023-04-30,68,109,163.94,184.56,83.63,140.8,15.6,0.64,0,0,1.27,1,0,0,0,0,AD
4851,2023-09-04,139,73,219.26,70.03,36.19,296.93,15.9,3.71,0,1,4.32,1,0,0,0,0,AD
5804,2023-04-13,173,109,178.84,137.7,96.65,313.81,28.2,8.89,0,0,7.09,1,0,1,0,0,Non-AD
6725,01/16/2024,122,89,246.61,87.33,31.26,238.39,29.8,2.19,0,0,6.32,0,0,0,0,0,Non-AD
6791,2023-04-25,110,98,284.31,57.99,23.01,194.79,7.9,6.34,0,0,6.56,0,0,0,1,0,Non-AD
5536,2024-06-01,158,82,223.13,148.5,86.55,192.55,11.8,9.75,1,0,4.82,0,0,0,0,1,AD
6605,2023-01-16,141,70,197.25,105.94,58.97,258.55,24.0,9.35,0,0,0.94,0,1,0,1,0,Non-AD
5241,2024-06-30,93,119,204.4,197.87,73.89,110.34,8.6,1.07,0,0,0.63,0,0,0,0,0,AD
6028,2023-10-25,90,73,220.41,167.85,77.78,246.55,28.3,5.02,0,0,2.87,0,1,0,0,1,Non-AD
5452,2023-11-21,123,72,150.29,163.42,58.71,362.68,17.7,4.1,0,0,2.27,0,0,0,0,0,AD
6137,01/28/2024,150,119,150.14,137.63,37.58,301.94,9.7,1.63,0,0,9.41,0,0,0,1,0,Non-AD
6522,2024-07-03,92,116,212.59,125.16,21.61,263.64,0.7,4.99,1,0,1.87,1,0,0,0,1,AD
5502,04/26/2023,94,61,260.15,197.44,89.78,308.71,29.7,3.57,0,0,8.52,0,0,0,0,0,Non-AD
5715,11/08/2023,115,90,192.82,151.62,46.28,357.64,13.5,8.55,0,0,5.31,0,1,0,0,0,Non-AD
6621,2024-03-22,130,113,207.14,186.93,81.97,281.06,18.9,9.45,0,0,0.7,0,1,0,0,0,Non-AD
6886,2023-05-18,154,97,246.96,122.74,61.04,308.34,2.6,7.96,1,0,3.25,0,0,1,0,0,AD
5766,2023-02-07,154,93,299.87,164.45,62.76,80.49,4.8,8.98,0,0,9.19,1,1,0,0,0,Non-AD
4994,04/07/2024,162,64,203.23,140.1,63.22,312.55,24.2,4.23,0,0,5.45,1,0,0,0,1,Non-AD
4920,2023-11-26,148,84,269.09,177.33,83.94,161.07,15.2,4.77,0,0,7.01,0,1,0,0,0,Non-AD
4824,2023-10-21,127,92,227.79,184.2,73.83,282.8,7.0,6.04,1,0,1.29,0,0,0,0,1,AD
5311,2024-05-20,124,91,154.39,140.51,92.63,155.23,-1.0,7.34,0,0,5.94,1,0,0,0,1,Non-AD
6881,2024-03-31,140,85,186.45,63.32,29.61,310.59,10.5,4.88,0,0,0.06,1,0,0,1,1,AD
5294,2023-08-29,148,116,202.23,106.48,91.86,136.29,24.2,6.8,0,1,7.44,0,1,1,0,0,Non-AD
6702,2023-04-12,75,130,159.85,110.74,34.04,347.66,21.4,4.22,0,0,7.07,0,0,0,0,0,Non-AD
4870,2023-03-21,118,116,268.92,149.66,52.9,80.35,6.1,8.1,0,0,1.98,0,0,0,0,1,Non-AD
5894,2023-03-19,154,94,172.03,172.86,45.56,55.66,4.1,3.87,1,0,8.11,0,0,0,1,0,AD
5272,2024-02-03,100,88,177.6,86.16,70.48,211.8,22.8,8.72,0,1,0.43,1,0,0,0,1,AD
5465,2023-12-01,172,98,295.7,183.19,51.38,68.97,16.9,4.6,1,1,4.56,0,0,1,1,0,AD
5746,2023-05-30,169,119,159.05,75.38,71.58,112.81,15.7,5.81,0,0,9.16,1,0,1,0,0,Non-AD
4756,2023-01-19,168,62,280.71,198.33,79.08,263.94,,5.51,0,0,9.02,1,0,0,0,0,Non-AD
6259,2023-10-02,172,110,197.32,112.25,72.33,140.48,4.2,6.02,0,1,1.05,0,0,0,0,0,AD
5006,2024-08-10,90,102,257.47,175.31,60.96,340.58,14.6,2.08,1,0,1.83,0,0,0,0,0,AD
5924,2023-07-15,152,69,221.17,127.45,27.94,226.27,2.1,8.16,1,0,4.54,0,0,0,0,0,AD
5848,2023-12-24,170,107,207.38,191.52,40.62,397.46,18.5,1.5,0,0,1.33,0,0,1,0,0,AD
5792,2024-05-27,166,108,255.11,154.35,88.99,67.67,12.6,8.58,0,1,5.62,0,0,0,0,0,Non-AD
6143,06/03/2024,138,118,194.89,152.69,31.07,119.14,22.2,6.31,0,0,6.76,0,0,0,0,0,Non-AD
5135,2024-04-11,107,116,286.7,178.48,69.97,267.07,24.1,7.16,0,1,8.68,0,0,0,0,1,Non-AD
6152,2024-02-09,101,113,215.96,124.13,86.15,82.73,15.4,2.48,1,0,7.14,0,0,0,0,0,AD
5858,2023-09-17,146,95,210.76,167.87,71.53,75.69,28.7,3.18,0,1,8.14,0,0,1,0,0,Non-AD
6498,2023-08-25,156,108,256.49,117.66,25.7,164.44,27.6,6.8,0,0,3.39,0,0,0,0,0,Non-AD
6837,2023-03-12,105,73,235.65,169.01,30.77,324.99,11.4,3.97,0,0,0.55,0,0,0,0,1,Non-AD
6263,2024-05-13,106,97,213.19,153.77,85.55,218.4,0.5,9.55,0,0,3.91,0,0,0,1,0,Non-AD
5268,2023-08-23,156,73,153.05,187.53,62.84,280.04,18.9,0.78,0,0,0.47,0,0,1,1,0,AD
6391,2023-04-11,91,70,242.65,60.28,78.89,91.26,20.7,5.82,0,0,6.52,0,0,0,1,1,Non-AD
6436,2023-05-27,160,91,203.84,52.97,55.63,53.97,28.6,9.74,1,0,6.13,1,0,0,1,0,Non-AD
4805,2023-01-28,127,113,285.23,141.53,34.51,199.54,29.9,1.19,0,1,6.77,1,0,0,0,0,Non-AD
5219,2023-08-01,176,87,170.77,161.47,38.35,286.39,13.4,9.84,0,0,7.16,0,0,0,0,0,Non-AD
5018,2023-12-17,106,111,206.2,199.97,39.78,93.42,0.4,1.3,1,0,0.88,1,0,0,1,0,AD
5787,05/06/2023,131,82,290.17,50.71,91.09,62.78,10.9,3.34,0,0,4.99,0,0,0,0,1,AD
5335,2023-09-01,161,71,208.43,198.19,86.89,261.52,10.3,2.08,0,0,3.38,0,1,0,0,0,AD
5519,2023-02-20,149,99,245.71,181.77,87.46,354.59,28.2,3.96,0,0,7.46,0,0,0,0,0,Non-AD
6298,2023-09-18,165,105,195.99,120.34,68.3,108.26,5.9,6.4,0,0,5.56,0,0,0,0,0,Non-AD
5289,2023-07-18,107,96,296.57,126.17,56.57,233.21,21.9,8.72,0,0,7.81,0,0,1,0,0,Non-AD
6512,2023-12-12,117,105,252.17,74.19,92.2,192.86,28.5,1.52,0,0,0.52,0,0,0,0,0,Non-AD
5608,2023-01-08,170,71,218.71,82.86,95.33,310.31,27.6,9.7,1,0,5.16,0,1,0,0,1,Non-AD
4810,2023-08-30,164,79,190.33,178.4,74.27,61.98,14.8,8.96,0,0,1.02,0,1,0,0,0,Non-AD
6287,2023-05-28,109,73,242.62,82.53,54.25,229.95,25.5,0.22,0,0,8.17,0,0,0,1,0,Non-AD
6557,2023-08-18,141,114,217.37,108.91,60.19,181.4,19.8,9.45,0,0,0.36,0,0,0,0,0,Non-AD
4918,2023-06-24,156,103,180.47,103.94,71.88,149.59,28.2,5.92,1,0,5.41,0,0,0,0,1,Non-AD
6695,2023-02-24,179,115,182.29,136.2,87.26,85.66,11.3,7.0,0,0,2.73,1,0,0,0,0,Non-AD
5568,2023-07-03,130,114,282.57,128.77,28.03,262.93,12.0,1.58,0,0,2.72,0,0,0,0,0,AD
5083,08/13/2023,166,101,297.73,57.54,78.2,286.41,20.2,4.88,1,0,3.45,0,0,0,0,1,AD
6473,2023-10-02,132,102,151.71,147.28,76.29,164.36,27.2,3.06,0,0,6.64,1,0,0,0,0,Non-AD
6739,2024-05-29,116,83,162.47,157.22,29.05,158.3,24.5,1.43,0,0,6.54,1,0,1,0,0,AD
4999,2023-08-25,152,118,248.98,177.51,97.88,211.93,,5.34,0,0,6.04,0,0,0,1,0,Non-AD
5125,2023-04-15,118,86,151.22,77.54,33.95,102.82,25.9,7.82,0,1,8.25,0,0,0,0,1,Non-AD
6600,2023-10-21,174,90,215.78,71.39,24.06,171.48,1.2,9.74,0,0,7.54,0,0,0,1,0,Non-AD
6256,2024-05-09,178,95,267.43,71.29,98.58,265.32,14.7,8.92,0,0,7.06,0,0,0,0,0,Non-AD
5251,2024-03-15,141,116,283.03,98.54,40.02,59.3,11.0,7.07,0,0,5.44,0,0,0,0,1,Non-AD
6607,2023-10-08,170,71,167.38,177.83,94.28,311.97,22.7,0.17,0,1,3.84,0,0,0,0,1,AD
6561,2023-06-16,163,76,166.38,190.22,62.38,255.55,17.7,2.43,0,0,6.31,1,0,0,0,1,Non-AD
5388,2023-12-02,111,106,151.72,185.62,90.59,362.66,18.1,5.93,0,0,8.62,0,0,0,0,1,Non-AD
5368,2024-07-30,174,112,197.58,82.85,35.62,222.99,20.1,4.64,0,0,3.19,0,0,1,0,0,AD
6347,2024-06-29,175,102,171.35,99.28,58.11,225.49,21.1,4.63,0,0,9.67,0,0,0,0,0,Non-AD
5915,2023-02-16,90,71,218.6,149.42,79.97,308.13,3.5,0.16,1,0,3.8,0,1,0,0,1,AD
6089,2024-01-01,112,61,238.99,79.67,41.56,360.17,29.6,0.24,0,1,7.01,0,0,0,0,1,Non-AD
6821,2023-08-13,121,92,191.85,106.09,96.7,368.6,4.3,6.4,0,0,2.73,0,0,0,0,0,Non-AD
6742,03/11/2023,99,90,285.84,196.12,23.93,169.01,20.5,7.07,0,0,3.47,0,0,0,1,0,Non-AD
6504,2023-07-17,96,118,248.5,132.47,34.44,152.85,8.7,4.44,0,1,9.53,1,1,0,0,0,AD
5318,2023-10-11,154,70,168.5,102.41,34.94,74.15,27.6,1.55,1,0,3.66,1,0,0,0,0,Non-AD
6285,2023-04-16,144,86,271.06,65.25,82.21,245.13,19.2,7.82,0,0,9.3,0,0,0,0,1,Non-AD
6815,2023-10-22,68,133,176.43,163.64,64.93,280.28,22.8,1.28,0,0,5.08,1,1,1,0,1,AD
4986,2023-05-12,149,89,277.97,138.46,48.96,137.64,1.5,0.41,1,1,9.56,0,0,0,0,1,AD
5378,2023-01-01,120,79,196.25,95.93,74.81,206.13,27.7,4.64,0,1,6.44,0,0,1,0,0,Non-AD
5971,2023-12-13,108,71,237.25,88.41,23.97,357.56,,7.52,0,0,1.35,0,1,0,0,0,Non-AD
5182,2023-07-06,108,80,202.54,110.74,29.29,279.57,12.8,7.24,0,0,7.75,0,1,0,0,1,Non-AD
5764,2023-11-14,178,99,279.56,106.08,21.39,120.27,0.1,3.11,0,0,2.26,0,1,0,0,0,AD
6279,2024-04-29,177,104,225.51,75.61,51.03,109.77,,3.39,0,0,9.75,1,0,0,0,1,Non-AD
5729,2024-06-06,160,83,297.51,187.76,87.35,154.62,10.8,9.01,1,0,6.17,0,0,0,1,1,Non-AD
4943,2023-01-17,97,119,232.01,127.3,95.87,351.74,16.7,7.87,1,0,8.74,1,0,0,0,0,Non-AD
6782,2023-07-02,99,73,285.6,82.75,78.4,160.27,10.0,9.02,1,0,3.97,0,0,1,0,1,Non-AD
5932,2023-01-04,119,103,182.12,190.28,88.68,110.01,20.1,7.3,1,0,1.37,1,0,0,0,0,AD
6475,2024-05-16,101,116,208.38,100.08,69.99,384.49,17.8,3.93,1,0,6.1,0,0,0,0,1,AD
5187,2024-04-27,153,105,175.75,116.33,65.27,191.66,,1.25,0,0,7.49,0,0,0,1,0,Non-AD
5589,03/29/2024,131,109,188.35,138.26,42.88,219.01,13.3,3.3,0,0,3.84,0,0,0,0,0,AD
6678,2023-11-17,91,66,260.88,178.81,59.21,57.94,2.3,9.08,0,0,2.02,0,0,0,1,0,Non-AD
6450,2023-11-08,139,65,178.77,53.0,34.6,108.01,4.1,6.01,0,1,4.42,0,0,0,1,1,AD
6037,2023-02-15,116,61,296.64,178.34,87.66,233.31,10.2,7.16,0,0,0.91,1,0,0,0,0,Non-AD
6059,2023-11-09,147,72,175.48,194.57,75.61,358.01,22.5,2.11,0,0,0.99,0,0,0,0,0,AD
5943,2024-07-13,95,70,230.21,90.31,59.62,153.32,21.0,9.57,0,1,1.16,0,0,0,0,1,AD
5770,2023-02-09,136,71,296.16,72.32,42.84,52.39,5.7,0.92,0,0,7.55,1,0,0,0,1,Non-AD
4936,2023-06-05,142,91,193.43,148.96,70.58,223.7,5.7,3.67,1,1,3.92,0,0,1,1,0,AD
5439,2023-03-08,122,108,222.99,157.16,32.31,327.37,19.9,0.43,0,0,7.46,1,1,0,0,0,Non-AD
6325,2023-03-16,148,91,284.59,129.68,57.02,214.57,15.3,1.22,0,0,7.4,0,1,1,1,0,Non-AD
5390,2024-01-24,109,100,227.01,100.42,70.38,287.29,18.8,1.66,0,0,5.21,0,0,1,0,1,Non-AD
5321,2023-10-29,96,88,175.07,102.13,22.76,119.89,4.6,1.62,0,0,3.88,0,0,0,0,1,AD
6366,2023-08-01,141,119,224.44,161.81,73.9,109.82,9.9,0.85,0,0,8.35,0,1,0,0,1,Non-AD
5686,2024-07-15,141,102,193.06,157.04,71.55,210.47,27.5,2.97,1,0,4.88,0,0,0,0,0,Non-AD
6166,01/16/2024,147,111,153.05,195.09,69.46,119.32,16.7,6.06,0,0,0.85,0,1,0,1,1,Non-AD
5925,2024-04-19,109,86,164.01,169.45,88.36,330.2,7.1,7.0,0,1,6.68,0,0,0,0,0,Non-AD
6119,2024-04-06,96,72,150.4,135.01,69.79,316.11,22.5,6.85,1,0,0.15,0,1,0,1,0,AD
5999,2023-09-03,103,93,287.08,119.18,76.83,277.75,0.1,1.45,0,0,5.59,0,0,0,0,0,Non-AD
5285,2024-03-19,177,88,255.96,170.83,41.4,328.95,12.2,6.67,0,0,4.88,0,0,1,0,0,Non-AD
5996,2023-09-02,95,77,228.38,68.92,41.6,248.27,21.6,8.56,0,1,5.89,0,0,0,1,1,Non-AD
6173,2023-11-04,113,72,166.18,181.0,68.84,113.62,6.8,0.79,0,0,0.44,0,0,1,1,1,AD
5218,2023-05-27,159,111,208.39,74.57,59.34,98.14,22.0,8.55,0,1,6.25,0,0,0,0,1,Non-AD
6582,02/19/2024,171,75,155.35,159.9,39.03,269.12,21.3,5.78,0,1,0.24,0,1,0,1,0,AD
6651,2023-01-15,111,88,289.72,89.21,49.89,317.93,3.2,0.95,0,1,8.43,0,0,0,0,0,AD
5494,2024-04-17,132,69,192.53,184.52,50.34,363.63,2.2,0.55,0,1,8.68,0,0,1,0,1,AD
4948,2023-12-18,92,91,235.26,192.32,92.54,92.43,23.2,2.17,0,1,5.65,0,0,0,0,0,AD
5252,2024-03-26,143,115,227.98,95.41,93.15,126.36,1.0,8.5,1,1,2.04,0,0,0,0,0,AD
6562,2024-01-30,141,67,175.28,91.79,87.17,167.37,3.6,4.23,0,0,0.47,0,0,0,0,0,AD
5247,2023-01-27,101,83,282.52,124.89,86.66,85.41,13.8,2.1,0,0,2.26,0,0,0,0,0,AD
5343,2023-07-09,107,109,165.51,51.9,43.19,278.62,25.3,2.2,0,0,9.91,0,0,0,0,1,Non-AD
5689,2024-01-30,131,61,297.91,67.15,69.87,88.12,15.9,1.86,0,0,5.75,0,0,0,0,0,Non-AD
5795,2024-05-02,124,83,227.02,90.47,54.71,104.09,12.8,8.8,0,0,4.03,1,0,0,0,0,Non-AD
6497,2024-06-12,108,91,270.79,91.82,94.69,73.77,4.6,8.21,0,0,3.91,0,0,0,0,0,Non-AD
5732,2024-08-15,177,62,228.51,50.79,40.72,98.06,15.2,3.72,0,0,3.96,0,1,0,1,0,AD
5132,2024-07-17,134,68,198.08,158.72,55.38,211.19,6.2,0.7,0,0,6.2,0,0,1,0,1,Non-AD
4778,2023-03-28,134,77,189.98,73.93,24.06,95.42,28.7,6.05,1,0,6.17,0,0,0,0,0,Non-AD
6058,2023-05-15,99,117,224.14,96.51,93.81,57.39,0.0,8.44,0,0,7.3,0,0,0,0,0,Non-AD
6573,2024-06-14,176,116,290.2,106.74,96.23,361.64,14.2,3.17,0,0,7.39,0,0,0,0,1,Non-AD
6415,2024-05-13,125,118,176.61,134.44,41.57,226.1,9.4,9.63,1,0,8.06,0,0,0,0,0,Non-AD
5147,2024-04-18,93,91,291.58,177.49,26.62,202.84,11.1,5.54,0,0,1.64,0,0,0,0,0,Non-AD
6009,2024-01-16,132,75,175.16,156.08,42.06,314.28,23.7,4.49,0,0,8.37,1,1,0,0,1,Non-AD
5072,2023-09-13,174,104,212.11,125.24,69.47,301.74,2.1,2.35,0,0,7.52,1,0,0,0,0,Non-AD
6465,2024-04-02,130,92,182.24,186.25,97.32,343.37,12.6,3.1,0,0,6.67,0,0,0,0,1,Non-AD
4899,2023-07-28,145,71,215.31,142.41,41.55,221.77,5.9,9.5,0,0,8.9,0,0,0,1,0,Non-AD
5550,2023-04-27,121,61,235.09,158.67,67.53,261.45,5.4,7.69,0,0,6.43,0,0,0,0,0,Non-AD
6510,2024-02-06,90,64,152.48,120.44,36.57,304.95,,2.99,0,0,3.57,0,0,0,0,0,AD
5375,2023-11-22,137,109,161.26,141.58,34.36,88.32,4.0,1.18,0,0,4.6,0,0,0,0,0,AD
4990,2023-06-13,127,100,261.71,124.48,39.87,185.71,25.4,8.01,1,1,2.36,0,0,0,0,1,Non-AD
5763,2024-07-19,148,64,200.34,55.82,65.24,105.76,19.3,7.03,0,0,0.45,0,1,0,1,0,Non-AD
6278,2023-03-07,116,65,196.87,129.69,52.54,224.39,3.9,1.87,0,0,4.62,0,0,0,0,0,AD
5663,2023-02-07,114,70,287.79,140.76,58.62,305.26,6.8,9.73,0,0,3.69,0,0,0,0,0,Non-AD
6382,04/13/2023,105,69,240.88,142.93,35.26,145.19,6.7,2.14,0,0,1.27,1,0,0,0,0,AD
5648,2023-06-05,116,95,249.61,56.01,77.9,313.18,13.0,1.39,1,0,1.42,0,1,0,0,0,AD
6232,2024-04-21,154,104,277.0,128.2,78.54,352.48,20.2,7.17,0,0,8.0,0,0,0,0,1,Non-AD
6806,2023-06-24,165,92,183.97,193.11,22.8,230.18,10.8,3.21,0,1,5.68,0,0,0,0,1,AD
6120,01/28/2023,149,83,200.75,82.72,73.56,113.06,19.9,5.41,0,0,6.54,0,0,0,1,0,Non-AD
4857,11/05/2023,163,81,243.92,55.58,77.77,194.03,8.2,3.96,1,0,8.04,1,0,0,0,0,AD
5102,2024-04-03,112,69,236.99,59.34,63.9,68.95,8.3,0.27,0,0,1.1,1,0,1,0,0,AD
6307,2024-05-14,107,75,233.49,63.71,99.37,172.91,,6.37,1,0,9.57,0,0,0,1,0,Non-AD
5402,2024-07-01,114,79,295.62,94.61,25.42,378.05,13.9,2.01,0,0,4.71,0,1,0,0,0,AD
5141,2024-08-17,129,63,245.64,150.55,45.7,168.92,3.4,1.83,0,1,0.93,1,0,0,0,0,AD
5758,2023-09-12,95,82,174.91,196.01,63.78,248.68,18.9,4.59,0,0,1.98,0,0,0,0,0,AD
6231,2024-06-19,116,67,284.24,113.02,33.57,366.4,0.6,4.95,0,0,7.79,1,0,0,0,1,Non-AD
5873,2023-05-20,97,92,179.84,53.06,91.25,106.36,21.8,5.11,0,0,4.63,0,0,1,0,0,Non-AD
6040,2024-05-28,140,106,220.5,98.04,29.46,243.62,25.7,8.73,1,0,2.13,0,0,0,0,0,Non-AD
5306,03/16/2024,96,72,283.78,142.42,54.89,326.87,29.6,6.05,0,0,4.27,0,0,0,1,0,Non-AD
6459,2024-08-22,162,94,298.16,124.87,31.95,188.96,16.9,9.53,0,0,0.19,0,0,0,1,1,Non-AD
5051,03/21/2024,169,72,197.83,121.99,90.34,378.07,21.3,0.8,1,0,7.13,1,0,0,0,1,AD
4922,2023-12-30,119,104,169.44,183.9,90.44,99.76,18.6,4.32,1,0,0.42,0,0,1,0,0,AD
6035,2024-06-14,110,63,296.96,76.27,92.35,173.16,-1.0,4.4,0,1,8.35,0,0,1,0,1,AD
6515,2024-07-12,144,94,268.68,115.28,52.09,291.22,22.0,5.57,0,0,2.43,1,0,0,0,0,Non-AD
6675,07/25/2024,120,74,160.01,170.38,74.0,164.56,22.0,4.95,0,0,5.61,0,0,0,0,0,Non-AD
6386,2024-07-04,128,75,200.23,92.12,28.99,297.42,20.9,3.83,0,0,4.11,0,0,0,0,0,AD
6033,05/10/2023,100,82,278.75,52.51,97.07,177.47,14.1,1.98,0,1,2.96,0,0,0,0,0,AD
5058,2024-06-02,160,107,268.26,144.54,52.57,110.65,10.8,9.61,1,0,8.84,0,0,0,0,0,Non-AD
6331,2023-01-03,95,103,279.31,89.31,30.25,205.58,19.0,4.77,0,0,5.95,1,1,0,0,1,Non-AD
5167,2023-07-22,164,68,291.96,136.18,86.49,111.59,17.7,8.86,1,0,3.07,0,0,0,0,0,AD
5202,2024-06-24,118,67,205.02,75.79,87.01,310.27,14.0,1.27,0,0,2.01,0,0,0,0,1,AD
6746,08/11/2024,118,102,223.41,142.35,87.06,99.63,11.0,4.09,1,0,3.38,0,1,0,1,0,Non-AD
5180,2024-01-04,139,100,276.82,92.96,73.0,160.44,7.2,6.4,0,0,6.26,0,0,0,0,1,Non-AD
4938,2023-01-25,167,103,290.17,118.46,61.9,133.81,8.8,6.29,0,0,5.94,0,0,1,0,0,Non-AD
5759,09/30/2023,98,80,240.83,129.65,21.96,172.41,7.0,9.9,0,0,1.26,0,0,0,1,1,Non-AD
6635,2023-10-12,126,71,269.87,77.74,58.71,92.36,15.2,3.53,1,0,4.47,0,0,0,0,1,AD
6599,2024-06-14,112,165,290.16,179.17,63.92,398.67,16.9,9.52,1,0,5.64,0,0,0,0,1,Non-AD
5661,2023-07-29,102,91,272.88,154.84,49.42,61.18,10.4,8.79,0,0,5.86,1,0,1,0,0,Non-AD
5021,11/05/2023,105,119,171.05,82.86,82.82,393.13,21.1,5.26,0,0,9.78,0,1,0,0,0,Non-AD
5620,2024-01-25,140,116,180.81,110.62,84.05,217.8,18.6,1.12,1,0,8.0,0,0,0,0,0,AD
6649,2024-02-21,157,73,163.54,179.79,90.2,164.83,28.9,6.95,0,0,6.31,1,0,0,0,0,Non-AD
6483,06/24/2023,107,125,174.79,102.23,62.83,379.67,9.8,0.78,0,1,2.98,0,0,0,0,0,AD
5382,2023-09-19,175,65,222.55,188.85,81.25,60.54,23.3,8.01,0,0,5.47,0,0,0,0,0,Non-AD
5703,2024-07-10,169,105,185.63,138.97,96.03,67.02,,8.14,0,1,7.04,0,0,1,0,1,Non-AD
4914,2023-10-18,121,78,167.4,71.08,58.28,79.91,16.1,6.33,0,0,3.64,0,1,0,0,1,Non-AD
5165,07/25/2024,174,69,281.3,159.36,52.79,223.22,15.2,1.32,0,0,6.4,1,0,0,1,0,Non-AD
5828,2024-07-18,147,109,190.57,67.49,55.66,96.47,6.8,9.25,1,0,1.81,0,0,0,0,0,AD
4846,2023-07-29,100,116,178.11,138.96,63.68,378.22,26.1,1.27,0,0,4.68,0,0,1,0,0,Non-AD
4849,05/04/2023,95,87,188.62,192.82,38.12,281.35,7.8,1.71,1,0,2.44,0,0,0,0,0,AD
5784,2024-06-07,179,110,169.88,146.53,36.4,160.34,0.6,7.36,1,0,4.05,0,0,0,1,0,AD
5629,2023-04-06,115,77,223.36,135.45,30.85,119.23,-1.0,8.04,0,0,4.33,0,1,0,0,0,Non-AD
5570,2023-05-23,102,90,251.53,122.94,76.68,129.66,5.0,5.55,1,1,0.5,0,0,1,0,0,AD
5575,2023-10-23,109,72,172.8,60.76,76.04,364.65,5.7,1.83,0,0,8.98,0,0,0,0,0,Non-AD
4959,2023-12-31,154,118,259.56,94.48,56.65,279.39,29.1,6.89,0,0,7.44,1,0,1,1,0,Non-AD
5727,2023-09-02,178,61,237.62,194.84,56.77,309.62,0.8,6.41,0,0,3.85,1,0,0,0,0,Non-AD
6587,2023-12-14,130,69,249.16,182.92,59.34,268.12,28.5,5.04,0,0,7.1,1,0,0,0,0,Non-AD
5438,2023-12-24,112,92,266.57,138.65,41.9,246.28,8.3,5.83,0,0,8.57,0,0,1,0,1,Non-AD
5625,2024-08-07,101,106,198.59,83.25,69.24,236.89,29.3,8.75,0,0,6.05,0,0,0,0,0,Non-AD
4997,01/03/2023,139,91,189.55,184.64,94.5,208.01,18.3,9.19,0,1,4.63,1,1,1,0,1,AD
6395,2024-08-09,105,62,256.52,57.95,57.61,238.49,23.7,4.98,1,0,0.24,0,0,0,0,0,AD
4981,2024-07-26,155,76,272.93,142.03,60.68,127.91,25.3,0.46,1,0,2.86,0,1,0,1,1,Non-AD
6045,2024-04-19,161,76,165.71,143.63,85.62,340.89,6.2,5.54,0,0,3.46,0,0,0,0,0,Non-AD
5659,2024-07-25,90,73,262.08,70.2,96.49,90.43,7.7,6.17,0,0,3.01,0,1,0,0,0,Non-AD
6151,2023-12-29,94,60,172.76,95.3,89.44,116.36,22.5,8.94,0,1,9.72,0,0,0,0,0,Non-AD
4759,2023-08-26,117,119,233.61,144.05,43.08,151.16,25.8,7.4,0,1,0.76,0,0,1,0,0,Non-AD
5649,2023-08-20,151,89,293.05,101.9,92.33,128.28,14.9,3.21,1,0,7.25,0,0,0,0,0,AD
6857,2023-06-17,153,100,173.03,137.66,43.23,61.31,9.2,7.61,0,0,3.33,0,0,1,0,0,AD
6851,2024-06-14,140,91,186.75,191.53,78.94,144.72,27.7,9.67,1,0,9.01,0,0,0,0,0,AD
6513,2023-06-11,172,101,284.29,67.39,53.58,390.19,26.2,3.68,0,1,5.57,0,0,1,0,0,Non-AD
4832,2023-02-12,156,75,257.15,198.62,74.68,182.01,4.5,7.18,0,0,3.61,0,0,0,0,0,Non-AD
6583,2024-04-08,113,109,157.54,70.12,69.39,387.29,8.7,2.97,0,0,1.39,0,0,1,1,1,AD
5618,2023-02-13,114,87,228.31,77.22,95.69,370.32,2.3,0.51,0,0,2.27,1,0,0,0,0,AD
6186,2023-12-07,106,75,259.01,59.25,99.56,346.81,,8.84,1,0,7.44,0,1,0,0,0,Non-AD
6754,2024-06-26,136,88,283.27,165.41,24.89,52.34,2.3,1.01,0,1,5.02,1,0,0,0,0,AD
5544,2024-07-31,178,68,237.32,191.9,44.33,212.7,8.6,3.84,0,0,5.91,0,0,0,0,0,Non-AD
5776,2024-01-11,90,101,219.79,159.46,32.59,294.32,18.0,8.98,0,0,0.9,0,0,0,0,1,Non-AD
6394,2024-01-25,94,114,286.13,147.49,33.85,228.27,7.6,7.51,0,0,7.74,0,0,0,1,0,Non-AD
4941,02/11/2024,114,84,202.12,190.35,60.31,376.52,16.6,5.8,0,0,7.74,1,0,0,1,1,Non-AD
6670,2024-03-17,131,66,273.37,149.65,26.15,101.88,6.2,4.9,1,0,9.33,0,1,0,1,0,AD
6114,2024-07-12,171,114,183.65,96.09,92.07,227.9,5.3,1.43,0,0,2.34,0,0,0,1,0,AD
6085,2024-01-24,98,112,254.19,115.18,29.79,313.06,-1.0,2.57,0,0,4.94,1,0,0,0,0,Non-AD
5012,2023-12-03,103,119,221.5,157.04,35.03,123.12,9.0,6.34,0,0,0.8,0,1,0,0,0,Non-AD
4896,2023-05-25,136,62,275.14,104.15,70.93,128.96,8.8,9.04,0,0,4.04,0,0,1,0,1,Non-AD
5581,2024-05-04,94,116,195.86,58.54,97.91,272.7,10.7,1.31,1,1,4.24,1,0,0,0,0,AD
6411,2023-05-13,154,100,240.28,187.26,73.76,129.84,5.9,4.77,0,0,7.83,0,0,0,0,0,Non-AD
5450,2024-05-17,138,70,230.33,118.95,47.98,234.89,23.2,6.31,0,0,1.15,0,0,0,0,0,Non-AD
6064,2023-07-15,155,76,214.03,197.68,99.63,374.78,28.4,9.82,1,0,6.57,0,0,0,0,0,Non-AD
5672,2024-05-28,99,95,250.73,192.97,29.7,309.8,12.4,8.64,0,0,7.42,1,0,0,0,1,Non-AD
6854,2023-09-07,153,98,253.54,118.64,70.51,368.73,21.4,4.67,0,0,1.97,0,0,0,0,0,Non-AD
5690,2023-06-02,141,79,157.67,115.64,72.58,102.34,22.9,4.96,0,1,9.26,1,0,1,0,0,AD
5789,2024-01-23,166,81,185.67,172.22,95.82,84.97,28.0,5.87,0,0,7.13,0,0,0,0,1,Non-AD
5786,2023-01-27,102,96,283.97,185.34,30.57,362.02,13.1,7.35,0,0,2.99,1,0,0,0,0,Non-AD
5643,2024-02-01,140,76,226.24,57.2,61.82,179.7,,4.87,1,1,8.34,0,0,0,0,0,AD
5346,07/06/2024,159,86,224.78,57.72,29.13,159.97,6.6,6.69,0,0,8.67,0,1,0,0,0,Non-AD
6477,07/07/2024,140,61,194.04,177.58,51.52,381.31,24.0,9.21,0,0,1.47,0,0,0,0,0,Non-AD
5283,2023-11-18,95,104,165.34,173.02,49.52,324.12,25.8,6.92,0,1,3.51,0,0,0,0,0,Non-AD
5647,2023-12-14,144,61,277.0,85.25,28.8,109.76,20.6,6.72,0,0,0.12,1,0,1,0,0,Non-AD
5725,2024-05-08,178,79,217.56,159.69,83.02,76.57,22.9,3.69,0,0,4.22,0,0,0,0,1,AD
6253,2023-10-30,160,96,195.61,53.97,49.3,138.58,14.5,2.06,0,1,0.18,0,0,0,1,0,AD
5907,12/12/2023,120,91,198.01,148.95,99.96,284.24,3.0,4.38,0,0,0.2,1,0,0,0,0,AD
6520,2023-11-02,160,100,219.15,52.46,39.78,242.01,2.3,8.12,0,0,3.72,0,0,0,0,0,Non-AD
6205,2023-10-07,138,105,213.4,119.9,83.67,396.07,13.9,4.35,0,0,8.6,0,1,0,0,0,Non-AD
4808,2024-03-30,105,74,264.34,67.54,40.1,136.54,21.7,8.01,0,0,7.93,0,0,0,0,0,Non-AD
6682,2024-06-04,122,67,195.86,90.65,59.25,99.31,15.1,0.46,0,0,6.13,0,0,0,0,0,Non-AD
5812,2023-09-28,94,75,238.56,126.33,75.99,117.46,7.9,5.82,1,0,6.99,0,0,0,1,0,Non-AD
6018,2023-08-28,165,110,208.15,70.21,47.81,80.21,6.7,2.13,0,0,2.95,0,1,0,0,0,AD
6229,2023-09-20,91,108,216.07,123.62,50.78,316.78,24.0,0.99,0,0,9.11,0,0,0,1,0,Non-AD
5034,2024-07-26,90,63,202.83,78.14,80.56,189.64,0.0,7.88,0,0,8.59,0,0,0,0,1,Non-AD
6370,2023-10-08,118,110,253.24,123.43,32.46,90.05,-1.0,7.08,0,0,7.57,0,0,0,0,0,Non-AD
5687,2023-04-04,121,116,223.03,196.25,49.61,309.06,26.5,6.18,0,0,5.2,0,0,0,0,1,Non-AD
5114,01/08/2023,153,64,151.88,192.03,28.08,151.54,24.7,5.87,0,1,7.12,1,0,1,1,0,Non-AD
4995,2024-02-18,141,65,242.95,182.63,72.45,263.81,21.8,9.6,1,0,1.28,0,0,1,0,0,AD
6387,2023-07-23,169,74,249.12,110.3,74.13,244.23,7.1,2.57,0,0,4.62,0,1,0,0,1,AD
4843,02/09/2023,92,104,253.67,119.91,63.1,353.53,27.9,7.93,0,1,7.77,0,0,0,0,0,Non-AD
5991,2024-03-28,152,106,192.0,102.18,73.23,77.14,23.7,5.73,0,1,5.41,0,0,1,0,0,Non-AD
5089,2023-05-25,158,101,237.17,121.07,53.58,265.7,10.9,2.47,0,0,6.51,0,0,0,0,0,Non-AD
5767,2024-01-04,161,70,221.28,133.2,65.02,346.44,5.8,5.88,0,0,8.01,0,0,0,0,0,Non-AD
6460,2023-06-29,175,111,192.05,157.13,34.89,253.0,19.1,7.04,0,0,0.34,1,0,0,0,1,Non-AD
6575,2024-03-29,148,103,275.14,169.6,56.44,91.32,23.9,0.43,0,0,9.75,0,0,0,0,0,Non-AD
6452,09/01/2023,106,60,179.95,153.05,75.87,364.07,16.0,9.65,0,0,8.86,1,0,0,1,1,Non-AD
6083,11/15/2023,128,95,274.5,146.92,40.99,368.85,26.2,9.27,0,0,0.58,0,0,0,0,0,Non-AD
5700,2024-06-22,155,81,159.98,103.13,52.3,74.41,4.9,2.47,0,0,9.79,0,0,0,0,0,Non-AD
6553,2023-08-08,91,104,240.23,189.88,91.37,310.46,21.1,1.46,0,0,9.42,0,0,0,0,1,Non-AD
5865,2023-06-03,174,96,177.5,82.29,86.04,364.65,-1.0,3.08,1,0,1.76,0,1,1,0,0,AD
4942,02/20/2023,106,61,151.7,74.21,39.17,350.63,12.0,0.92,0,1,6.13,1,0,1,0,0,AD
4790,04/27/2024,143,74,187.23,175.59,44.48,155.15,15.7,4.8,0,0,2.41,0,1,0,0,0,AD
6284,2023-09-01,169,105,165.56,73.38,87.66,195.1,7.4,2.0,0,0,8.97,0,0,0,0,0,Non-AD
6407,07/10/2023,104,95,172.01,143.71,66.4,272.61,16.9,0.98,1,0,5.12,0,0,0,0,1,AD
5728,2023-05-05,171,115,202.3,128.56,67.65,119.33,5.0,3.18,0,0,4.43,0,0,0,1,1,AD
6551,2023-05-04,119,75,158.65,93.22,64.78,102.6,11.5,2.55,0,0,7.73,0,0,0,0,0,Non-AD
6291,2024-02-18,99,99,234.19,76.55,38.37,284.84,5.9,3.76,0,0,4.32,0,1,0,0,0,AD
5386,2024-04-18,145,108,175.34,154.62,34.45,91.82,19.3,6.28,0,0,5.33,0,0,0,1,0,Non-AD
6714,2023-01-07,130,72,246.32,107.99,38.64,167.53,9.7,4.48,0,0,4.87,1,0,0,1,0,AD
5517,2023-04-06,113,104,259.99,84.99,67.63,284.22,30.0,0.89,0,1,8.64,0,0,0,0,0,Non-AD
6606,08/07/2024,104,90,265.88,156.0,21.65,126.05,24.2,9.7,0,0,0.29,1,0,1,0,0,Non-AD
6300,2023-11-02,111,82,227.27,100.59,21.15,156.88,23.8,6.2,0,0,7.52,0,0,0,0,1,Non-AD
5475,2024-03-30,100,114,251.21,81.03,75.78,355.5,2.3,9.37,0,0,6.52,1,0,0,0,0,Non-AD
5884,2024-04-14,101,99,268.57,82.17,32.3,356.37,0.8,9.4,0,0,9.18,0,0,0,0,1,Non-AD
4814,2023-12-03,98,115,283.73,61.72,80.45,322.36,11.4,1.96,0,0,9.97,1,0,0,0,0,Non-AD
4985,2023-12-19,151,92,237.03,186.11,40.74,159.24,5.2,4.93,0,0,9.01,0,0,0,1,0,Non-AD
5428,06/12/2023,160,71,283.18,131.31,23.42,329.51,3.4,3.07,0,0,7.29,1,0,1,0,0,Non-AD
4856,2024-05-20,149,76,225.56,196.71,66.35,294.16,29.4,4.12,0,0,5.25,0,0,0,0,0,Non-AD
6124,2024-01-21,166,102,194.44,52.35,51.18,315.04,12.7,5.88,0,0,7.66,0,0,0,1,0,Non-AD
5505,2024-02-06,118,95,264.33,54.11,36.02,251.95,-1.0,3.04,0,0,3.89,0,0,0,1,1,AD
6701,05/18/2023,95,64,291.99,100.12,66.36,217.57,27.4,3.27,0,0,3.23,0,0,0,0,0,Non-AD
6895,2023-12-19,122,101,280.48,94.87,60.94,234.52,1.2,0.24,0,0,4.49,1,0,0,0,0,AD
6723,08/05/2024,98,103,212.2,158.2,82.92,66.67,13.3,7.45,0,0,5.1,0,0,1,0,0,Non-AD
5655,2024-07-01,113,105,165.13,61.82,95.01,208.49,23.3,7.21,0,0,1.36,0,0,0,0,0,Non-AD
5005,2024-01-04,129,79,175.19,125.1,52.13,231.39,19.7,6.93,0,0,1.93,0,0,0,0,0,Non-AD
6191,2023-03-15,117,104,168.19,148.68,33.36,184.54,8.4,5.91,0,0,3.08,1,1,0,1,1,Non-AD
5174,2024-04-14,101,119,246.11,58.4,84.44,359.94,26.3,2.89,0,0,4.8,0,0,0,0,1,Non-AD
5527,2023-03-09,98,116,237.87,192.11,59.24,306.22,18.5,2.27,0,0,7.81,0,0,0,0,0,Non-AD
5989,2023-12-09,155,112,231.44,72.75,45.0,104.13,21.0,2.69,0,0,1.48,1,0,0,0,1,AD
5611,11/21/2023,134,72,172.62,86.86,36.66,343.48,7.1,9.13,0,0,0.57,0,0,0,0,0,Non-AD
6187,2024-02-17,98,85,218.79,144.93,99.93,359.56,0.6,8.79,1,0,2.41,0,0,0,0,0,AD
5677,2023-09-23,171,81,198.14,137.89,23.47,117.43,10.7,2.74,0,0,6.73,0,0,0,1,0,Non-AD
4830,2023-02-17,108,62,152.35,113.07,46.69,282.32,5.8,1.55,0,0,1.95,0,0,0,0,0,AD
5743,2023-04-14,160,92,278.38,179.02,36.61,388.27,12.5,3.21,0,0,6.5,0,0,0,0,0,Non-AD
5862,2023-08-22,148,66,188.12,90.28,94.54,298.17,1.9,0.04,0,0,3.84,0,0,0,0,0,Non-AD
5249,2023-05-13,179,76,252.4,83.97,79.26,252.37,22.5,0.36,0,0,8.63,0,0,1,0,0,Non-AD
6890,2024-05-17,102,61,236.65,173.9,48.92,334.39,10.8,9.1,0,0,8.82,0,0,0,1,0,Non-AD
6367,2023-05-21,150,60,221.42,160.7,42.53,77.34,,2.42,1,0,7.31,1,0,0,0,1,AD
6141,2024-04-30,143,107,166.92,116.57,91.09,285.51,17.3,4.27,0,1,9.35,0,1,0,1,0,AD
6585,2023-10-23,111,102,152.56,141.16,74.33,297.24,13.1,2.18,1,0,3.06,0,0,0,0,0,AD
4838,2023-10-30,149,105,156.7,62.86,42.43,259.11,0.9,9.88,0,0,2.38,0,0,0,1,1,Non-AD
6749,2023-05-23,140,62,199.7,198.21,22.85,55.1,25.7,6.5,0,0,1.09,0,0,0,0,0,Non-AD
4815,2023-07-07,121,117,251.1,147.79,26.59,356.5,6.1,2.76,1,0,9.53,0,0,0,0,1,AD
6051,09/24/2023,165,62,164.72,162.09,98.03,274.44,28.4,9.46,0,0,8.97,0,0,0,0,0,Non-AD
5357,2024-07-15,105,77,222.08,81.4,30.09,168.92,10.6,8.17,0,0,6.68,0,0,0,0,1,Non-AD
6574,2023-11-11,106,70,165.61,86.03,21.44,388.99,10.4,0.02,0,0,6.8,0,0,0,0,0,Non-AD
5026,2023-12-18,107,92,239.6,127.04,83.23,251.58,28.7,4.14,1,1,9.6,0,0,0,0,0,Non-AD
5477,2024-03-24,132,61,278.81,167.87,21.48,302.79,,9.26,1,0,2.15,0,0,0,1,0,Non-AD
6439,2023-12-01,105,89,211.8,193.76,74.04,159.13,10.9,7.2,0,0,3.03,0,0,0,0,0,Non-AD
6820,10/21/2023,108,75,210.27,162.77,45.55,247.54,3.4,7.39,1,0,0.84,0,0,0,0,0,Non-AD
5905,2023-05-06,138,97,234.32,189.62,59.44,201.43,4.8,2.07,0,0,9.31,0,0,0,0,0,Non-AD
4905,2024-04-29,144,104,216.6,78.99,86.54,162.73,,0.49,0,0,5.74,1,0,0,1,1,Non-AD
5365,2024-01-01,135,66,214.93,101.82,81.33,108.48,28.4,3.06,0,0,7.65,1,0,0,0,0,Non-AD
6655,2023-03-31,92,84,210.62,126.66,57.52,204.53,1.7,6.31,0,0,1.39,0,1,0,0,0,Non-AD
6122,2023-08-09,130,116,276.22,92.9,40.5,394.79,18.2,2.33,0,0,6.34,0,0,0,0,1,Non-AD
5162,2024-01-08,169,88,158.71,116.58,26.4,234.02,7.5,2.2,0,0,5.08,0,0,1,1,1,Non-AD
5583,2023-09-25,101,76,248.79,166.02,93.99,369.2,8.0,9.91,1,0,3.66,0,0,0,0,1,AD
6672,2024-06-08,169,67,239.46,51.1,50.8,271.74,4.3,6.96,0,0,0.83,0,0,1,1,1,Non-AD
6604,09/24/2023,95,86,251.2,176.89,96.21,173.22,,7.27,1,0,1.76,1,0,1,0,0,AD
6493,2023-08-03,150,103,279.03,143.61,74.13,305.72,22.4,2.09,0,0,2.78,0,0,0,0,0,AD
5665,2024-07-03,133,114,289.89,105.1,89.78,160.72,0.4,1.32,0,0,9.89,0,0,0,0,0,Non-AD
5269,2024-01-26,130,61,228.93,108.73,87.23,57.18,3.5,3.73,0,0,5.32,1,1,0,0,1,Non-AD
4795,04/05/2023,147,100,228.6,184.11,73.76,331.43,6.2,4.87,0,0,5.3,0,0,0,0,1,Non-AD
6409,2023-11-24,136,64,296.38,187.79,65.2,193.46,9.0,5.79,0,0,0.24,1,0,0,0,1,Non-AD
5142,2024-07-03,107,104,151.26,174.99,25.76,374.45,-1.0,0.1,1,0,9.54,1,0,0,0,0,Non-AD
4972,2023-03-29,107,61,219.57,113.1,24.26,133.85,24.0,6.91,0,0,8.0,1,0,0,0,0,Non-AD
4892,2023-07-20,135,102,160.14,61.97,77.57,311.65,27.3,8.55,0,0,8.82,0,0,0,0,0,Non-AD
6132,2024-07-06,142,90,269.61,80.08,74.02,399.85,7.1,0.97,0,0,4.37,0,0,0,0,0,AD
5109,2024-06-26,124,94,276.41,85.84,87.77,399.73,5.4,7.39,0,0,6.52,0,0,0,0,0,Non-AD
5474,03/25/2024,172,85,185.97,155.07,86.69,225.41,25.7,8.11,0,0,0.78,0,0,0,0,0,Non-AD
5913,2023-12-15,111,70,231.55,131.35,39.79,349.55,21.7,8.26,1,0,7.56,1,0,0,0,0,Non-AD
5013,2023-05-24,172,90,271.17,160.07,73.2,178.17,16.8,5.44,0,0,8.35,0,0,0,0,1,Non-AD
5651,2023-11-10,114,101,255.61,66.76,84.79,133.34,3.6,5.27,0,0,8.66,0,0,0,0,0,Non-AD
5470,2023-05-05,171,108,155.9,134.65,94.4,347.67,13.4,4.54,0,0,9.1,0,0,0,0,1,Non-AD
6844,05/01/2023,162,62,293.8,121.19,41.48,255.77,16.2,8.54,0,0,0.07,0,0,0,0,0,Non-AD
5688,04/27/2023,155,99,161.7,112.3,81.54,316.72,9.3,0.29,0,0,1.31,0,0,0,0,1,AD
5172,2023-03-23,118,116,277.13,67.47,40.53,218.29,-1.0,6.59,0,0,9.32,0,0,0,0,0,Non-AD
4760,2024-07-05,130,78,281.63,130.5,74.29,144.18,28.4,1.15,0,1,4.55,0,0,0,0,0,Non-AD
6697,2024-07-04,105,115,189.18,83.91,41.18,81.17,11.4,5.97,0,0,2.71,0,0,1,0,0,Non-AD
5875,2023-06-14,116,67,156.71,93.1,35.63,335.62,13.8,4.5,0,0,4.26,0,1,0,0,0,AD
6879,09/13/2023,112,70,280.8,62.66,71.59,306.98,8.9,5.17,1,0,7.99,0,0,0,0,0,Non-AD
5286,2024-07-14,114,107,208.35,175.61,41.43,194.45,28.7,2.63,0,0,1.31,0,0,1,0,1,Non-AD
5300,2023-07-12,152,71,160.88,194.55,42.98,56.88,7.8,9.58,1,0,5.26,0,0,0,0,0,Non-AD
6344,2023-05-19,153,61,272.98,111.69,65.49,96.52,18.4,9.29,1,0,5.19,0,0,0,1,0,Non-AD
5050,08/16/2023,98,102,268.19,186.04,25.0,336.28,11.7,8.28,0,0,8.76,0,1,0,0,0,Non-AD
6144,2023-06-14,119,69,266.75,171.27,24.87,391.36,16.1,8.57,0,0,5.0,1,1,0,1,0,Non-AD
6835,2024-08-15,94,74,287.53,148.12,69.4,120.04,15.2,1.77,0,0,4.17,0,0,0,0,0,AD
6435,2023-04-18,153,64,268.19,104.89,76.28,312.39,28.4,5.39,0,0,1.35,0,0,1,1,0,Non-AD
6150,2023-09-24,167,71,244.63,99.77,57.35,392.58,-1.0,7.58,0,0,7.76,0,0,0,0,0,Non-AD
4839,2023-11-27,130,102,294.93,146.77,27.26,359.75,3.2,8.2,0,0,9.2,1,1,0,0,1,Non-AD
6403,2024-06-17,101,107,250.92,158.76,89.32,213.67,18.0,1.76,1,0,0.57,0,0,0,0,1,AD
4848,05/16/2024,133,96,201.35,192.99,23.44,355.76,11.8,9.01,0,0,7.62,0,0,0,0,0,Non-AD
5261,04/07/2023,164,103,203.35,137.03,46.67,112.21,6.4,8.42,0,1,6.06,0,0,0,0,0,Non-AD
5455,2023-09-19,160,83,215.32,122.48,73.25,185.97,27.8,6.1,0,0,2.71,0,0,1,1,0,Non-AD
6729,2024-02-21,133,69,161.79,140.28,36.71,395.39,6.9,3.41,0,0,2.33,0,0,0,0,1,AD
5800,2024-06-22,150,90,239.57,105.72,73.97,130.99,,0.88,0,0,7.81,0,0,0,0,0,Non-AD
6266,2024-03-22,176,74,267.36,107.87,33.04,297.15,27.7,7.5,0,0,2.17,0,0,0,1,0,Non-AD
5692,2023-03-10,113,74,286.69,105.25,57.52,287.97,9.6,4.21,0,0,4.67,0,0,1,1,0,AD
6188,2024-01-18,113,89,224.45,103.83,91.57,330.42,6.4,5.56,0,0,8.02,0,0,0,0,1,Non-AD
6568,2024-05-08,137,90,280.95,139.75,31.65,186.18,1.6,9.99,0,0,8.5,0,0,0,0,0,Non-AD
6671,2024-05-23,135,68,159.67,71.02,77.8,64.03,18.6,5.3,0,0,0.96,1,0,1,0,1,Non-AD
6888,2023-10-27,142,107,239.02,147.53,52.25,306.38,0.8,4.56,0,0,9.87,0,0,0,0,0,Non-AD
5359,2024-02-22,112,102,263.17,78.16,32.06,380.21,3.1,6.54,1,1,8.8,1,0,0,1,0,AD
5825,2024-03-28,154,98,233.53,112.75,47.48,100.9,1.7,6.87,0,0,4.72,0,0,0,0,0,Non-AD
5048,2024-04-21,156,100,171.94,191.04,28.12,375.26,1.7,4.11,0,0,9.31,0,0,0,0,0,Non-AD
4800,10/01/2023,114,106,283.28,91.74,61.97,107.77,,4.1,1,0,3.72,0,0,0,0,0,AD
6271,03/19/2023,84,139,182.15,56.47,72.95,116.47,20.9,3.76,0,0,0.52,0,0,0,0,0,AD
4976,2023-01-26,99,111,260.4,167.49,66.67,395.43,,3.38,0,0,0.21,0,1,0,0,1,AD
6534,2024-07-25,159,113,189.84,87.2,61.13,229.0,15.8,8.65,0,0,5.49,0,0,0,0,0,Non-AD
6000,2023-08-23,95,65,243.63,112.47,73.75,258.78,8.6,0.41,0,0,0.46,1,1,0,0,0,AD
6681,2024-06-07,160,61,159.85,169.58,44.48,337.66,6.2,7.24,1,1,8.01,0,0,0,0,0,AD
5603,2024-05-26,126,112,270.46,149.66,60.25,250.13,12.4,6.27,0,0,1.61,0,0,0,0,0,Non-AD
6545,2024-05-19,171,78,168.22,70.85,80.47,385.92,4.5,5.4,1,0,4.73,0,0,0,0,1,AD
5982,06/27/2024,117,92,293.39,164.76,87.93,398.19,20.4,2.65,0,0,2.11,0,1,0,0,0,AD
5314,2024-06-15,175,72,198.67,65.77,68.61,97.17,10.1,7.5,0,0,1.38,0,0,0,0,0,Non-AD
5356,2024-01-10,157,113,161.61,135.26,28.49,132.4,27.0,5.31,1,1,5.23,0,0,0,0,1,Non-AD
5194,2023-08-23,154,102,173.83,88.95,40.48,388.62,9.4,7.88,0,1,7.61,1,0,1,0,0,Non-AD
6358,2024-07-12,119,61,188.99,191.42,99.84,279.08,9.0,6.4,0,0,9.2,0,1,0,1,0,Non-AD
5778,2024-03-30,99,112,257.54,128.66,24.57,85.19,6.7,2.5,0,1,0.39,0,0,0,0,0,AD
4939,2023-11-10,134,69,214.99,108.01,43.29,393.96,22.9,4.63,0,0,7.55,0,1,0,0,0,Non-AD
5158,2023-11-07,106,91,206.65,134.23,49.37,239.03,4.0,6.12,0,0,3.54,0,0,0,0,1,Non-AD
5928,01/29/2023,126,116,150.58,123.27,85.51,132.67,16.0,0.45,1,0,3.97,0,0,0,0,1,AD
9006,2023-01-19,168,62,280.71,198.33,79.08,263.94,,5.51,0,0,9.02,1,0,0,0,0,Non-AD
5213,2023-04-15,133,117,273.55,102.46,70.84,67.33,13.5,7.37,0,1,5.08,0,1,0,0,0,Non-AD
5422,2023-04-14,117,102,249.95,107.88,58.92,229.4,1.4,3.85,0,0,0.72,0,0,0,0,0,AD
6717,2024-02-10,99,103,183.57,148.12,28.53,357.89,18.7,9.24,1,0,9.12,0,0,0,1,0,Non-AD
5466,2024-02-29,139,61,223.98,86.91,75.14,136.82,4.9,1.72,1,0,5.6,0,0,0,0,1,AD
6108,2024-02-09,138,79,254.71,93.38,23.68,274.73,21.3,5.56,0,0,6.56,1,0,1,0,0,Non-AD
5176,2024-04-15,178,87,239.16,124.59,98.6,160.45,23.8,8.08,0,0,2.37,1,0,0,0,0,Non-AD
6852,10/10/2023,110,101,184.67,114.26,81.09,371.13,25.9,0.17,0,0,0.46,0,1,1,0,0,AD
5387,2023-11-18,121,79,156.6,73.04,99.18,173.88,24.0,2.34,0,0,0.35,0,1,0,0,0,AD
5280,2023-11-11,95,99,176.21,66.55,80.16,121.82,13.0,9.78,0,0,0.06,0,0,0,1,0,Non-AD
6525,2023-07-20,106,69,274.95,53.26,77.14,368.41,8.1,2.47,0,0,4.69,0,0,0,0,1,AD
6898,2023-04-07,103,96,242.2,52.48,81.28,145.25,4.0,5.17,0,0,3.79,0,0,0,0,1,AD
6258,2023-08-15,152,115,287.31,125.81,51.67,288.73,,8.7,0,1,0.2,0,0,0,0,0,AD
5361,04/22/2023,102,117,246.4,98.52,90.63,315.76,21.9,7.38,0,0,4.13,0,0,1,0,0,Non-AD
5237,2024-07-11,146,93,163.56,124.95,36.84,214.33,6.6,0.82,0,0,4.63,0,0,0,0,0,AD
6237,2024-03-01,116,119,211.83,62.03,20.97,306.59,20.5,9.45,0,0,7.91,0,0,1,1,0,Non-AD
5840,2023-05-08,147,95,244.79,52.52,89.64,206.34,-1.0,2.19,0,1,5.49,0,0,0,0,0,AD
6464,2023-07-15,166,84,268.9,156.49,85.79,212.31,11.6,2.17,0,0,9.62,0,0,0,0,1,Non-AD
5076,2024-05-18,130,66,271.9,191.74,93.65,373.83,27.2,3.82,1,0,2.15,0,0,0,0,0,Non-AD
4770,2023-03-18,144,98,195.2,181.98,50.6,52.79,11.0,0.54,0,1,6.54,0,0,0,0,1,AD
5591,2023-03-11,166,107,223.26,135.66,86.72,236.72,7.9,8.28,0,0,3.92,0,0,0,0,0,Non-AD
6781,2024-04-12,106,83,203.29,132.45,55.22,264.31,24.3,9.49,0,0,9.15,0,1,0,0,1,Non-AD
6433,2023-12-04,135,86,208.85,69.52,93.03,378.41,20.3,6.17,0,0,7.03,0,0,1,0,0,Non-AD
6098,2023-04-06,107,104,273.43,127.42,37.08,150.03,11.1,3.67,0,0,8.32,0,0,1,1,0,Non-AD
6843,2024-06-29,91,95,186.88,104.3,26.03,173.08,0.8,0.14,0,0,2.16,0,0,0,0,1,AD
6550,2023-12-16,98,69,231.73,100.59,33.36,226.14,19.8,5.41,0,0,0.8,0,0,0,0,0,Non-AD
6372,2023-12-03,90,115,152.74,102.19,65.07,292.96,5.0,0.91,0,0,3.29,0,0,0,0,1,AD
6282,2023-07-01,60,138,282.27,79.33,65.27,248.3,27.2,1.98,0,0,4.03,0,0,0,0,0,Non-AD
5553,2023-07-18,94,62,273.62,165.14,47.26,280.15,10.4,7.56,0,0,1.06,1,0,0,0,0,Non-AD
6339,2023-10-02,132,90,253.39,132.7,60.14,145.33,25.0,9.39,1,0,8.28,1,1,0,0,1,Non-AD
4847,2023-01-31,106,75,251.03,167.38,50.23,171.54,,7.36,1,0,9.18,1,0,0,0,0,Non-AD
5226,2024-07-31,104,85,277.88,113.21,88.0,241.71,12.7,1.34,0,1,1.56,1,0,0,0,0,AD
6548,2024-04-01,140,71,193.77,160.17,31.93,111.15,10.3,5.26,0,0,7.65,0,0,0,0,1,Non-AD
5118,01/17/2024,142,100,173.75,83.0,63.71,141.97,,7.77,0,0,6.6,0,0,0,0,0,Non-AD
6657,06/05/2023,114,116,242.84,117.61,77.92,345.8,2.9,5.44,0,1,9.67,0,0,0,0,1,Non-AD
6481,2024-08-20,98,119,160.33,113.66,49.02,230.3,10.7,4.15,0,1,2.59,0,0,0,0,0,AD
6669,2023-11-04,137,67,186.88,75.0,42.8,288.08,10.6,3.75,0,1,9.44,0,0,0,0,0,AD
5513,2024-07-14,167,71,285.62,145.28,61.97,194.23,24.4,4.05,0,0,1.23,0,0,0,0,0,Non-AD
5671,2023-05-18,174,114,256.01,82.21,64.96,277.58,8.8,8.99,0,0,7.68,0,0,0,0,0,Non-AD
6184,2023-08-27,165,104,152.87,81.77,36.32,156.32,25.4,3.09,0,0,6.64,0,0,0,0,0,Non-AD
5144,2023-02-04,108,91,198.13,85.21,91.07,337.84,-1.0,6.62,1,0,1.54,0,0,0,0,1,AD
6529,2023-04-04,148,88,284.11,197.74,42.41,289.28,13.1,4.56,1,0,0.88,0,0,0,0,0,AD
5258,04/21/2023,95,103,156.54,87.49,22.96,80.96,21.7,3.76,0,1,0.56,0,0,0,0,0,AD
5186,2024-08-19,102,68,285.55,170.74,94.29,174.94,21.7,3.72,0,0,0.45,0,0,0,0,0,AD
6807,2024-08-06,68,173,191.63,194.2,31.93,303.86,0.7,7.58,0,0,9.28,0,0,1,0,0,AD
6591,2023-11-04,114,63,159.84,139.08,67.26,59.69,29.5,0.14,0,0,2.51,0,0,0,0,0,Non-AD
6345,2023-04-11,142,118,180.58,152.63,38.02,250.28,27.4,7.52,0,0,1.23,0,0,1,0,0,Non-AD
4884,12/25/2023,121,98,173.08,117.97,72.42,258.99,5.7,2.61,0,0,6.02,0,1,0,0,0,Non-AD
6348,2024-01-14,167,90,247.64,147.2,25.52,300.56,19.7,7.11,0,0,9.63,1,0,0,1,0,Non-AD
4782,2023-10-20,137,114,270.17,118.89,78.05,272.8,0.7,9.99,1,0,6.01,0,0,0,1,1,Non-AD
6134,2024-07-06,119,102,247.44,97.42,38.51,312.93,12.8,7.66,0,1,8.82,0,0,0,0,0,Non-AD
6084,2023-08-14,102,105,249.78,58.18,71.91,293.48,6.5,1.07,0,0,0.22,1,0,0,0,0,AD
5868,2024-08-21,148,99,164.54,70.06,61.2,142.66,1.8,4.02,1,0,0.64,1,0,0,0,0,AD
6107,2023-11-23,175,118,198.8,52.51,94.24,376.85,9.6,4.74,0,0,8.88,0,0,0,0,0,Non-AD
5007,2024-03-28,168,94,265.99,170.47,44.53,76.16,26.5,4.45,0,0,5.72,1,0,0,0,0,Non-AD
5645,06/22/2023,155,73,169.24,119.87,96.42,66.43,4.5,5.65,0,0,5.92,0,0,0,0,0,Non-AD
4802,2024-03-10,145,92,252.92,175.58,54.5,337.9,14.6,6.87,0,0,5.55,0,0,1,0,0,Non-AD
5628,2023-06-19,128,87,212.58,98.53,35.31,369.58,1.3,2.77,0,0,8.31,0,0,0,0,1,Non-AD
5691,2024-01-18,163,80,225.28,84.92,81.52,300.94,26.6,2.51,0,0,3.81,0,0,0,0,0,Non-AD
5882,2023-10-04,107,73,228.34,166.15,67.83,211.95,13.4,5.23,1,0,8.46,0,0,0,0,0,Non-AD
5976,2024-07-28,127,63,199.26,92.51,20.02,252.42,22.9,1.81,1,0,3.19,0,0,1,0,1,AD
4876,2023-12-06,141,75,158.85,72.35,79.97,93.31,,8.92,0,1,5.17,1,0,0,0,0,Non-AD
5826,2023-08-20,151,92,271.07,128.85,50.2,199.97,22.8,5.09,1,0,1.78,0,0,0,0,1,AD
5185,11/30/2023,149,92,290.6,75.93,44.71,150.36,14.2,3.75,0,0,2.44,0,0,0,0,0,AD
5426,2024-05-30,106,113,176.53,134.8,43.18,73.97,9.4,2.67,1,0,0.58,0,0,1,0,0,AD
5854,2024-06-11,163,107,230.66,50.28,96.1,238.18,21.3,6.08,0,0,2.61,0,1,1,0,0,Non-AD
6368,2024-02-05,155,118,207.02,52.17,42.9,164.32,26.4,9.6,0,0,6.48,0,0,0,1,0,Non-AD
