PatientID,Age,Gender,Ethnicity,EducationLevel,BMI,Smoking,AlcoholConsumption,PhysicalActivity,DietQuality,SleepQuality,FamilyHistoryAlzheimers,CardiovascularDisease,Diabetes,Depression,HeadInjury,Hypertension
5702,90,1,0,1.0,27.3 kg/m2,0,3.24,5.81,1.81,8.17,0,0,0,1,0,0
5953,73,0,0,2.0,28.3,0,16.78,7.44,3.48,4.91,0,0,0,0,0,0
5476,83,1,2,2.0,27.4,1,5.21,3.5,3.11,4.98,0,0,0,0,0,0
6502,61,1,0,1.0,23.5,1,19.67,5.36,6.62,9.42,0,0,0,0,0,0
6696,89,0,0,3.0,25.1,0,0.01,5.56,5.72,8.77,1,0,0,0,0,0
5119,82,0,0,0.0,19.7,0,4.21,0.45,8.27,9.75,0,0,0,0,0,0
5157,80,0,0,2.0,34.4 kg/m2,0,2.89,9.26,7.77,9.64,0,0,0,1,0,0
4952,65,1,2,2.0,,0,12.04,6.73,8.37,6.52,0,0,0,0,1,0
5420,83,0,0,2.0,20.3,No,3.59,3.52,7.68,6.58,0,1,1,0,0,0
6132,67,1,1,1.0,23.6 kg/m2,0,16.5,0.96,8.45,5.6,1,0,0,0,0,0
5544,63,0,1,2.0,,No,7.03,2.59,2.81,4.33,0,0,0,1,0,1
6142,65,0,1,2.0,34.2,0,14.66,2.51,2.39,9.21,1,1,0,0,0,0
6814,85,1,2,1.0,26.9,0,3.92,5.67,0.59,6.68,0,1,1,0,0,0
5204,60,0,0,2.0,29.4,0,2.21,1.19,6.02,9.84,1,1,0,0,0,0
5670,80,0,0,2.0,34.2 kg/m2,0,15.48,5.77,5.45,7.3,0,0,1,0,0,0
5608,89,0,0,0.0,23.6,0,1.94,1.32,8.76,9.26,0,0,0,0,0,0
4816,90,F,1,1.0,28.2,0,10.45,1.35,4.23,5.21,0,0,0,0,0,0
6474,62,M,0,2.0,35.2,0,7.45,7.43,4.49,5.58,0,0,0,0,0,0
5237,74,Female,2,2.0,23.4,0,19.99,1.27,3.51,9.71,0,0,0,1,0,0
5172,66,1,1,,18.0,0,0.4,4.61,5.53,8.65,0,0,0,0,0,0
4871,70,0,0,1.0,39.6,0,3.68,0.29,5.2,7.68,0,0,0,0,0,1
5328,67,1,0,1.0,29.2,0,0.17,9.85,9.88,9.83,0,0,0,0,0,0
6079,81,0,1,0.0,39.5,1,19.93,4.11,2.99,5.26,1,0,0,0,0,1
4885,66,0,0,2.0,37.7,0,6.24,1.9,4.32,8.79,1,0,0,0,0,1
5602,90,1,0,3.0,24.5,0,8.96,7.69,8.32,9.29,0,0,0,0,0,1
6827,60,1,0,2.0,34.2,1,11.26,8.56,3.34,6.41,0,1,0,1,0,0
5646,62,1,2,0.0,23.3,0,3.04,4.47,7.25,5.81,0,0,1,1,0,1
6305,80,Female,3,1.0,36.2,0,0.61,5.66,5.18,8.9,1,0,1,0,0,1
6085,81,0,0,0.0,15.7,1,17.6,4.36,9.07,7.71,1,0,0,0,0,0
6149,90,0,0,0.0,16.8,1,5.78,3.27,7.76,5.12,0,0,0,0,0,1
5276,60,1,0,2.0,32.5,0,18.83,4.49,6.67,9.83,0,0,0,0,0,0
6740,88,0,0,1.0,21.9,1,11.78,8.59,8.8,4.5,0,0,0,0,0,0
6406,90,0,0,0.0,38.8 kg/m2,0,7.61,1.98,1.78,8.56,1,0,0,0,0,1
5796,66,0,1,1.0,37.4,1,2.64,8.82,2.74,6.06,0,0,0,0,1,1
6261,89,0,3,1.0,26.5,0,5.92,1.86,1.28,8.88,1,0,0,0,0,0
5436,63,Male,0,0.0,30.6,0,14.24,9.8,1.62,5.9,0,0,1,0,1,0
6076,68,1,0,1.0,27.4,0,19.62,9.78,1.4,7.75,0,0,0,0,0,0
5054,61,0,0,1.0,33.6,0,11.49,6.79,6.41,9.08,0,0,0,0,0,0
6239,83,1,1,1.0,30.4,1,9.72,9.79,7.65,4.1,1,0,0,0,1,0
6800,72,0,0,1.0,,1,12.26,8.68,4.06,8.3,0,1,0,0,0,0
5475,73,1,0,1.0,15.7,0,9.02,6.43,4.98,9.97,0,0,0,0,0,0
4920,66,0,1,1.0,21.3,0,17.8,0.4,6.51,6.34,1,0,0,0,0,0
5998,74,1,1,3.0,15.4,0,17.14,4.73,6.17,5.15,0,0,0,1,0,0
5147,85,1,0,2.0,26.8,0,4.64,0.47,0.04,8.79,0,0,1,0,0,1
4951,83,1,0,1.0,25.0,0,19.97,4.24,8.9,5.02,0,0,0,0,0,0
6548,74,Female,0,0.0,16.8,1,4.6,4.71,3.67,5.82,0,0,0,0,0,0
4807,66,1,0,2.0,22.3,0,14.43,8.03,1.43,9.53,1,0,0,1,0,0
4916,63,0,1,0.0,37.3,1,6.14,2.52,9.18,8.05,0,0,0,0,1,0
6647,61,0,0,2.0,22.1,0,6.7,5.11,8.96,7.98,0,0,1,0,1,0
6496,80,1,3,0.0,22.5,0,19.55,4.15,4.93,7.6,1,1,1,0,0,0
6270,65,0,0,1.0,37.2,0,10.18,2.89,5.48,7.36,0,0,0,0,0,0
5768,60,0,0,2.0,28.6,1,11.44,4.88,3.45,4.89,0,0,0,0,0,1
6484,75,0,0,1.0,34.2,1,13.11,1.22,7.49,7.14,0,0,0,1,0,0
6869,70,0,0,1.0,37.1,1,12.8,3.52,6.79,5.92,0,0,1,0,0,0
6284,68,0,1,,15.8,0,7.12,1.54,9.33,6.92,1,0,0,0,0,0
6369,64,0,0,0.0,22.4,0,19.16,0.21,6.08,9.53,1,0,0,0,0,1
5019,66,1,0,0.0,24.0,0,18.04,7.07,7.3,8.85,0,0,0,0,1,0
6143,65,1,3,1.0,24.0,1,17.28,2.33,8.22,8.26,1,0,0,0,0,0
6578,86,1,2,0.0,15.5,1,9.38,4.49,2.48,6.59,0,0,0,0,0,0
6027,67,1,2,2.0,30.9,1,11.94,2.37,7.67,5.53,0,0,0,0,0,1
5444,62,0,3,2.0,38.5,0,2.64,1.45,6.47,8.26,1,0,0,0,1,0
5456,60,M,0,0.0,32.4,0,5.9,8.19,9.34,5.41,0,0,0,0,0,0
6836,83,1,3,0.0,38.9,1,11.44,1.27,4.53,5.44,0,0,0,0,0,0
5036,62,1,0,2.0,31.6,0,9.04,0.96,0.72,4.55,1,0,0,0,1,0
5802,90,0,0,1.0,21.5,0,9.86,1.24,1.49,9.07,0,1,0,1,0,0
6490,60,1,3,0.0,37.7,No,11.48,4.18,8.1,6.96,0,1,0,0,0,0
5323,62,0,0,1.0,24.6,0,9.62,9.37,1.19,4.98,1,0,0,1,0,0
5824,72,1,1,1.0,16.6,0,0.63,9.15,9.4,6.6,1,0,0,1,0,0
6384,75,0,3,0.0,36.1,0,1.24,6.39,1.26,4.2,0,0,0,0,0,0
6330,77,1,2,1.0,37.8,0,18.55,0.28,8.5,7.15,0,0,0,0,0,0
5743,80,Male,3,1.0,20.5,0,11.12,7.46,7.58,4.79,0,0,1,0,0,0
5215,66,0,0,2.0,35.7,No,7.89,0.12,1.87,6.81,0,0,0,1,0,0
6677,89,0,0,0.0,21.2,0,16.06,9.17,5.68,4.01,0,0,0,0,0,0
5856,83,0,0,1.0,34.8 kg/m2,1,12.42,5.44,6.31,6.25,0,0,0,0,0,0
4862,88,1,0,2.0,22.0,0,6.19,2.9,8.07,9.4,0,0,0,1,0,0
6725,79,1,0,0.0,39.1,0,19.4,2.09,8.25,8.66,0,1,0,0,0,0
5934,76,0,2,1.0,20.3,0,8.65,4.55,2.47,9.48,0,0,0,1,0,1
6868,89,1,1,1.0,26.5,0,19.44,3.85,9.53,5.2,1,0,0,0,0,0
6462,63,1,0,1.0,35.6,0,6.06,6.46,2.15,8.94,1,0,1,0,0,0
6695,85,1,0,1.0,18.6,0,12.15,0.96,3.31,8.53,0,0,1,0,0,0
6742,82,0,2,3.0,25.3,0,0.9,3.58,9.55,7.16,0,0,0,0,0,0
4768,65,1,0,1.0,16.3 kg/m2,1,4.16,1.31,2.89,5.44,0,0,0,0,0,1
5464,60,0,1,0.0,36.9,0,12.42,5.74,8.97,4.13,0,0,0,0,0,0
6702,87,0,0,1.0,30.6,1,6.25,9.11,8.12,7.09,0,1,0,0,0,1
5536,84,0,1,3.0,32.6,0,10.32,7.62,5.41,4.68,1,0,0,0,0,0
6298,66,0,2,3.0,39.5,0,2.48,0.41,3.32,8.77,1,0,0,0,0,0
6309,80,0,1,1.0,26.2 kg/m2,1,1.26,7.14,5.05,5.19,1,1,0,0,0,0
5487,87,1,2,1.0,32.1,0,6.29,9.31,7.79,5.5,0,0,0,0,0,1
6724,80,0,0,2.0,34.8,No,7.53,8.36,6.39,9.15,1,0,0,0,0,0
6586,88,0,3,2.0,37.6,1,15.23,3.49,4.25,7.55,0,0,1,0,0,0
5730,75,0,2,2.0,32.9,0,13.29,4.94,2.52,6.62,0,0,0,0,1,0
5395,80,1,3,2.0,25.9,0,8.56,5.1,9.11,7.9,0,0,0,1,0,0
5337,72,1,0,2.0,19.1,1,5.33,1.79,3.15,9.95,1,0,0,0,0,1
5165,88,F,3,1.0,26.6,1,13.73,1.66,5.71,9.09,1,0,0,0,0,0
6510,87,Female,1,0.0,23.8,0,3.36,2.25,0.45,5.56,0,0,0,0,0,1
5580,65,0,1,1.0,27.6,0,8.5,3.5,5.19,5.71,0,0,0,0,0,0
5448,68,Male,1,2.0,37.0,1,9.74,6.06,8.09,4.27,0,0,0,0,0,0
6567,80,1,0,1.0,25.3,0,9.27,6.31,5.1,9.59,0,0,1,0,0,0
5980,90,0,0,0.0,28.7,1,16.8,1.79,0.23,8.03,0,0,0,0,0,1
6662,76,1,0,1.0,26.5,0,4.33,0.13,7.85,7.47,0,0,0,0,0,0
5508,68,Female,0,0.0,25.6,1,3.33,7.25,2.28,4.88,1,1,0,0,0,0
4905,77,1,0,1.0,17.4,0,13.72,5.62,8.11,4.66,0,0,0,0,0,0
5778,80,1,2,1.0,32.4,0,19.3,3.58,9.48,5.96,0,0,1,0,0,0
6191,73,1,2,0.0,26.2,1,6.46,0.42,2.32,7.01,0,0,0,0,1,0
5710,85,0,0,,27.2,0,6.04,1.94,3.02,5.48,0,0,1,0,0,0
5854,77,1,1,1.0,33.9,0,8.68,0.5,1.71,8.58,1,0,0,0,0,0
6040,88,1,1,2.0,20.9,0,17.12,6.17,7.15,7.29,0,0,0,0,0,0
5278,76,F,2,3.0,22.8,0,19.2,2.14,8.3,6.21,0,0,0,0,0,0
6112,71,1,0,2.0,21.4,0,16.17,9.26,2.96,8.08,0,0,0,0,0,0
6458,71,0,0,2.0,17.5 kg/m2,1,3.78,6.17,5.59,6.75,0,0,0,0,0,0
5484,86,1,0,1.0,36.8,0,11.44,4.14,6.48,6.04,0,1,0,0,0,0
5644,63,Female,1,2.0,37.7,0,6.7,4.61,1.5,8.53,0,0,0,0,0,0
5092,73,0,0,2.0,24.0,0,10.54,0.17,1.22,8.5,0,0,0,0,0,0
5114,87,1,2,0.0,17.9,0,3.35,9.92,9.37,9.93,1,0,0,0,0,0
5311,71,1,0,0.0,33.4,0,3.08,2.82,3.36,5.56,0,0,0,0,0,0
5628,66,1,0,1.0,36.5,0,8.88,9.58,0.44,8.73,1,0,1,0,0,1
4858,74,Female,0,1.0,21.4,1,13.17,9.13,7.27,9.77,1,1,0,0,1,1
5719,89,1,3,1.0,38.9,0,8.62,9.87,4.37,6.9,0,1,1,0,0,0
4993,85,1,1,2.0,26.7,0,1.61,4.02,7.27,8.92,1,0,0,0,0,0
5190,63,Male,0,0.0,26.7,0,6.36,9.72,3.53,7.98,0,0,0,1,0,1
5286,65,1,0,2.0,24.9,1,17.21,7.28,6.51,6.43,1,0,1,0,0,0
5231,78,0,0,1.0,34.5,0,3.9,1.96,3.05,7.22,1,0,1,0,0,0
5385,89,0,0,1.0,37.8,0,4.32,6.1,3.67,9.72,0,0,0,0,0,0
6760,83,M,0,1.0,33.0,0,16.6,6.13,8.63,9.75,0,0,0,0,0,0
4877,64,0,0,2.0,29.8,No,13.22,8.38,1.56,6.28,1,0,0,0,0,0
4826,84,1,0,2.0,27.8,1,18.69,9.86,2.69,8.3,0,0,0,0,0,0
6743,77,0,1,2.0,29.3,0,12.01,4.56,3.03,4.28,0,0,1,0,1,0
5956,84,1,0,2.0,33.8 kg/m2,0,7.05,6.17,9.18,4.87,0,0,0,0,0,0
6066,90,Female,0,2.0,27.9,0,11.03,5.94,6.03,6.55,0,0,0,0,0,0
6414,78,1,1,1.0,35.6,1,13.25,3.22,4.32,5.64,0,0,0,1,0,0
5519,78,1,1,0.0,20.4,1,5.26,8.75,6.3,5.91,0,0,1,0,0,0
6351,75,1,0,2.0,19.5,0,17.63,1.1,4.44,8.35,0,0,0,1,0,0
5099,83,0,0,0.0,36.6,0,6.6,3.95,4.48,6.3,1,0,0,0,0,1
6774,71,0,2,3.0,27.3,0,19.69,0.2,2.49,7.71,1,0,1,0,0,0
5988,78,0,0,0.0,39.4,0,11.58,6.61,7.8,9.22,0,1,0,0,0,0
6538,65,0,0,2.0,17.9,0,13.42,9.72,1.44,7.72,0,0,0,0,0,0
5512,86,0,0,1.0,21.9,Yes,0.86,2.35,1.67,8.96,0,0,0,0,0,0
6615,69,0,1,1.0,31.4,1,10.43,3.67,3.89,6.01,0,1,1,0,0,0
4838,75,0,0,2.0,31.8,0,13.3,5.33,6.32,6.16,1,0,0,1,0,0
4827,68,1,0,1.0,24.5,0,14.06,8.11,9.86,5.95,0,0,1,0,0,0
4791,79,1,1,1.0,33.6,0,9.87,3.61,8.34,4.94,0,0,0,0,0,0
5405,66,0,3,2.0,16.2,1,7.36,3.14,0.93,9.16,0,0,0,0,0,0
5052,79,Male,3,2.0,19.0,1,15.68,1.24,8.58,8.66,0,0,0,0,0,0
5662,83,1,0,1.0,37.7,1,12.87,0.71,7.64,4.11,0,0,0,0,0,0
4992,76,Male,0,3.0,35.7,0,0.93,0.45,4.8,5.03,0,0,0,0,0,0
6802,70,0,0,1.0,16.6,0,3.21,7.47,4.1,5.36,0,0,0,0,0,0
5336,69,1,0,1.0,33.7,1,6.78,3.3,3.78,6.98,0,0,0,0,0,0
5631,67,0,1,,29.7,1,15.64,4.61,7.87,7.92,1,0,0,0,0,0
6124,80,1,0,2.0,16.8,No,11.94,9.73,6.6,5.48,0,0,0,0,0,0
4987,89,1,0,1.0,26.1,0,9.55,2.63,9.17,6.9,0,0,0,1,0,0
5984,77,0,2,1.0,18.9,0,9.15,5.1,3.19,8.75,1,0,0,1,0,1
5790,63,Male,0,2.0,18.3,0,16.8,5.77,0.16,5.54,0,0,0,0,0,0
5787,79,1,0,0.0,29.5 kg/m2,1,15.53,0.03,8.01,8.95,0,0,0,0,0,0
5771,63,0,0,1.0,19.1,0,18.79,6.27,7.28,8.44,0,0,0,0,1,0
6219,74,0,1,3.0,34.1,0,4.07,5.25,1.67,6.05,1,0,0,0,0,0
5977,83,1,0,0.0,27.7,0,1.84,1.14,9.95,9.41,0,0,0,0,0,0
5009,88,1,1,1.0,17.5,1,19.24,3.51,1.83,7.93,0,0,0,0,0,0
6720,80,1,2,2.0,26.4,0,2.88,2.11,4.07,4.25,0,0,0,0,0,0
5429,60,1,0,2.0,24.6,1,1.39,5.74,9.11,4.03,0,0,1,0,1,0
4798,69,1,3,0.0,16.5 kg/m2,1,17.95,0.31,8.95,5.72,0,0,0,0,0,0
5343,84,1,1,,19.1,0,13.05,8.7,1.48,7.2,1,0,0,0,0,0
6456,74,0,3,0.0,,0,6.14,2.54,7.9,6.09,0,0,1,0,0,0
5481,90,1,0,2.0,15.4,0,4.14,6.65,7.7,6.6,0,0,0,0,1,0
5055,69,1,0,,26.8,1,11.33,6.54,6.92,8.78,0,0,0,0,0,0
4757,68,0,3,2.0,38.4,1,0.65,9.26,5.9,5.48,0,0,0,0,1,0
6744,61,1,0,2.0,16.0,0,8.29,2.95,3.13,6.71,0,0,0,1,0,0
6735,86,1,0,0.0,32.1,0,15.24,8.59,2.48,8.79,0,1,0,1,1,0
4956,83,1,0,2.0,26.7,1,5.93,3.41,8.77,4.47,0,0,0,0,0,1
5198,60,0,1,1.0,17.2,1,7.41,2.02,6.72,7.41,0,0,1,0,0,0
6428,68,0,0,1.0,37.2,0,19.96,7.08,4.11,7.19,1,0,0,0,0,0
5021,81,0,0,2.0,18.4,0,13.42,0.47,6.86,8.98,0,0,0,1,0,0
6271,69,0,1,1.0,18.9,1,12.93,3.02,0.74,4.21,0,1,0,0,0,1
6300,65,1,0,0.0,35.1,1,17.11,6.65,1.11,7.57,0,0,0,1,0,0
5645,90,0,0,3.0,20.7,0,0.62,6.14,6.61,5.78,0,0,1,0,0,1
6366,77,0,1,1.0,22.7,0,0.49,5.27,5.62,7.33,0,0,0,1,0,0
5324,69,1,0,2.0,20.5,0,10.03,8.72,9.71,9.0,0,0,0,0,0,0
5585,84,0,2,0.0,21.6,0,0.6,4.12,5.08,7.33,0,1,0,1,0,0
5832,72,Male,0,1.0,39.8,0,2.22,7.18,6.94,8.74,1,0,1,1,1,0
6515,69,1,0,2.0,28.3,0,13.88,3.91,7.96,8.17,0,0,0,0,0,0
6282,64,1,0,1.0,39.2 kg/m2,0,10.05,1.01,9.01,6.77,0,0,0,0,0,0
6859,62,1,1,1.0,20.5,0,1.1,4.04,3.7,10.0,0,1,0,1,0,0
4853,71,1,0,2.0,21.9,0,0.96,8.59,7.64,6.06,0,0,0,0,0,0
6277,77,1,0,3.0,17.3,No,3.55,2.74,1.9,6.93,1,0,0,0,1,0
5816,76,F,1,1.0,20.5,0,15.29,8.44,0.85,8.16,1,0,1,0,0,1
6648,85,0,0,2.0,22.8,1,11.04,0.63,0.69,6.55,0,0,0,0,1,0
5327,84,0,1,2.0,33.7,1,6.07,0.13,3.97,9.83,0,0,0,0,0,0
5183,90,1,0,1.0,26.6,0,13.14,3.9,9.6,5.07,0,1,0,0,0,1
5496,86,0,0,3.0,22.5 kg/m2,0,0.64,8.14,4.49,9.06,1,0,0,0,0,0
5043,71,1,1,1.0,32.7,1,10.2,8.77,9.89,9.8,0,0,1,0,0,0
6147,89,1,0,1.0,29.8,0,9.33,0.09,0.25,5.35,0,0,0,1,0,0
4945,60,0,0,0.0,36.4,0,14.24,9.95,3.59,5.52,0,0,0,0,0,0
6632,84,0,3,1.0,22.0,1,10.8,5.54,5.29,8.4,1,0,1,0,0,0
5219,82,0,0,1.0,38.5 kg/m2,0,15.28,5.73,0.27,8.7,0,1,0,0,0,0
6113,78,1,0,0.0,28.8,0,4.62,2.35,3.56,7.48,0,0,0,0,0,0
5760,65,0,1,1.0,,0,18.67,3.21,3.33,4.0,0,0,0,0,0,0
6848,76,1,0,2.0,32.9,0,12.3,8.17,6.27,6.52,0,0,0,0,0,0
6286,64,0,1,2.0,36.8,0,14.13,8.39,8.06,4.05,0,0,0,0,0,0
5370,90,0,0,1.0,21.9,1,16.27,4.02,6.47,5.01,0,1,0,0,0,0
6402,61,0,1,0.0,19.3,0,4.48,6.71,7.11,4.33,0,0,1,0,0,0
5193,81,1,0,1.0,27.8,0,19.21,4.74,7.89,9.15,0,0,0,0,0,0
5744,89,0,0,0.0,21.4,0,8.85,9.55,4.75,9.21,0,1,1,0,0,0
6169,62,1,0,3.0,22.4,0,14.2,7.99,4.16,9.85,0,0,1,1,0,0
5865,87,0,0,1.0,23.5,0,19.95,4.94,4.69,7.65,0,0,0,0,0,1
5927,66,0,0,2.0,38.7,0,3.17,5.53,3.78,6.38,0,0,0,0,0,0
6572,89,Male,0,0.0,39.7,0,4.98,0.1,9.48,4.43,0,0,1,1,0,0
6377,69,0,3,1.0,36.6,0,7.35,9.63,5.1,6.23,0,0,0,0,0,0
5304,70,1,1,1.0,18.2,1,13.2,1.36,9.48,8.06,0,0,0,0,0,0
5777,66,1,0,0.0,28.7,1,7.54,3.08,2.01,8.46,0,0,0,0,0,1
5511,90,1,2,1.0,31.5,0,16.93,6.55,6.01,7.67,0,0,0,1,0,1
6166,85,1,0,1.0,16.7,0,13.91,4.35,2.38,5.28,0,0,0,0,0,0
5425,77,0,1,1.0,39.2,1,13.45,4.16,0.36,7.65,0,1,0,0,0,0
6084,71,1,0,0.0,29.7,0,12.79,4.2,7.36,5.67,0,0,0,1,0,0
4891,68,1,0,0.0,34.9,0,0.9,4.72,4.22,4.21,0,0,0,0,0,0
6013,75,0,0,0.0,21.7,0,19.33,3.86,1.07,6.11,0,0,0,0,0,0
5636,86,1,0,0.0,29.2,Yes,9.26,6.13,0.98,7.48,0,0,0,0,0,0
4932,62,1,0,3.0,24.3,0,18.02,4.87,2.54,9.22,1,0,0,0,0,0
6263,88,1,0,1.0,20.6,1,14.88,9.86,2.51,6.59,0,0,0,0,1,0
4912,63,1,0,2.0,39.8,0,6.5,0.66,7.56,5.86,0,0,1,0,0,0
5600,72,1,2,,20.6,0,1.02,8.11,8.67,7.34,0,1,0,0,0,0
6201,70,0,3,0.0,31.0,0,1.24,8.57,3.16,9.26,1,0,0,0,0,1
6822,78,M,3,0.0,36.5,0,16.4,5.22,1.12,8.35,0,0,1,0,0,0
6328,71,0,0,2.0,31.2,0,8.09,6.8,2.71,5.45,0,0,0,0,0,0
6750,83,1,1,2.0,39.8,1,11.98,9.32,4.64,6.21,0,0,0,0,0,0
6003,72,0,0,1.0,16.3,0,7.78,7.53,6.71,4.62,0,0,0,0,0,0
5676,72,0,1,1.0,19.1,1,1.17,2.87,6.24,7.74,0,0,0,0,0,0
6023,73,0,3,2.0,,0,2.21,8.91,6.7,4.42,0,0,0,0,0,0
5026,68,1,0,2.0,33.9,1,3.88,8.09,4.57,9.45,0,0,1,0,0,0
5412,65,1,1,1.0,36.4,0,4.14,0.53,0.92,4.53,0,0,0,0,0,0
5381,70,0,0,3.0,37.1,0,1.36,9.24,1.82,5.22,1,0,0,0,0,0
6650,61,1,0,2.0,31.0,1,5.14,2.29,5.29,4.42,0,0,0,0,0,0
5653,76,1,0,1.0,39.9,1,5.18,6.12,5.17,6.71,0,0,0,0,0,0
5969,86,1,0,1.0,35.6,0,8.42,7.87,9.97,4.26,1,0,0,0,0,0
6303,63,0,2,1.0,,1,14.06,4.04,5.38,8.37,0,0,0,0,0,0
6706,65,0,0,2.0,17.4,0,16.2,4.04,0.88,4.98,0,0,0,0,0,0
5687,77,M,0,1.0,19.4,1,12.42,4.07,2.31,6.43,0,0,0,0,0,1
6788,76,0,0,0.0,35.5,0,0.32,2.9,9.97,4.59,0,1,0,0,0,0
6307,76,0,1,0.0,24.0,0,5.29,3.54,9.87,8.6,0,0,0,0,0,0
5453,62,1,0,0.0,26.3,1,18.24,8.11,7.34,9.12,0,1,0,0,1,1
5894,66,1,1,1.0,21.4,0,0.72,1.05,8.32,6.17,0,0,0,0,0,0
5682,86,M,0,2.0,36.5,1,13.4,1.42,4.49,8.52,0,1,0,1,0,0
6745,86,1,0,3.0,33.2,0,15.14,3.11,2.87,6.93,1,0,0,0,0,0
6157,62,1,1,,28.2,No,19.27,6.79,5.22,6.17,0,0,0,0,0,0
5378,60,1,1,2.0,,1,9.14,5.16,8.44,7.65,0,0,0,0,0,0
5612,65,1,0,2.0,29.2,Yes,0.53,8.76,6.36,6.23,0,1,0,0,0,0
5928,75,0,1,1.0,37.8 kg/m2,0,16.3,9.37,9.27,5.98,0,0,0,0,0,1
5727,60,0,1,1.0,38.6,0,15.6,4.12,4.62,6.32,0,1,1,1,0,0
6043,83,1,0,0.0,36.0,0,1.65,9.16,3.61,6.41,0,0,0,0,0,0
4859,83,1,0,0.0,29.9,0,19.46,6.29,1.78,8.89,0,0,0,1,0,0
6207,64,1,3,1.0,33.5,0,10.66,5.85,4.46,4.34,1,0,0,1,1,0
6419,64,0,0,1.0,15.6,1,13.28,6.7,7.24,8.39,0,0,0,1,0,0
5333,72,0,0,1.0,28.2,0,17.2,7.45,3.42,6.1,0,0,0,0,0,0
6619,75,0,0,1.0,18.4,0,17.19,7.34,3.4,6.38,0,0,0,0,0,0
5675,77,Female,2,0.0,26.0,1,12.84,9.39,9.73,4.57,0,0,1,1,0,0
6629,83,0,0,0.0,23.0,1,7.8,0.38,2.89,7.11,0,0,0,0,0,1
5118,68,0,3,3.0,27.5,1,14.41,9.44,7.87,9.49,1,0,0,0,0,0
5340,72,0,2,0.0,18.5,0,17.68,7.3,5.25,6.72,0,0,1,0,0,0
5840,84,0,0,0.0,40.0,1,16.7,2.07,0.62,5.02,0,0,0,0,0,0
5500,74,Female,1,3.0,15.0,1,11.65,1.38,9.51,7.11,1,0,0,1,0,0
5989,88,1,0,0.0,17.1,1,2.86,1.28,2.99,7.77,0,1,0,0,0,0
4928,84,1,0,2.0,34.3,0,16.06,5.14,5.91,9.63,0,0,0,0,0,1
5264,84,1,0,1.0,27.9,No,0.91,3.55,5.77,8.7,1,0,1,0,1,0
5057,62,Female,3,2.0,29.2,1,3.96,3.35,7.08,7.07,0,0,0,0,0,0
4754,74,1,0,1.0,33.8,1,12.21,8.43,7.44,8.39,0,0,0,0,0,0
5364,61,1,1,0.0,29.3,0,14.78,7.32,2.98,7.42,1,1,0,0,0,0
6172,72,1,0,2.0,24.8,0,10.83,6.65,7.17,6.02,0,0,0,0,0,1
6726,71,1,0,1.0,20.7 kg/m2,0,13.41,7.6,8.38,6.99,0,1,0,0,0,0
6511,79,1,0,1.0,17.7,1,8.54,5.68,4.02,9.77,1,0,0,0,0,0
6609,70,0,0,1.0,37.3,0,14.06,3.75,8.82,5.48,0,0,0,0,0,0
5121,70,0,1,2.0,19.2,0,11.51,1.33,0.99,4.7,0,0,1,0,0,0
6592,80,0,0,0.0,28.2,No,13.82,3.52,7.16,7.32,0,0,0,0,0,0
5957,65,0,0,2.0,17.3,0,3.26,5.45,7.42,8.26,0,0,0,0,0,1
6533,70,1,0,2.0,,0,16.93,6.04,9.53,7.4,1,0,1,0,0,0
5733,85,1,0,2.0,34.0,0,8.94,0.58,1.85,6.37,0,1,0,0,0,0
6214,76,1,0,0.0,24.6,1,15.08,2.41,4.04,6.25,0,0,0,1,0,0
4759,72,1,1,0.0,27.8,0,12.17,1.53,6.74,5.75,0,0,0,0,0,1
5940,89,1,0,0.0,39.2,0,7.1,0.74,8.68,6.4,1,0,0,0,0,0
5166,69,1,0,1.0,32.4,0,16.65,1.87,6.24,6.92,0,0,1,0,0,0
4799,87,0,1,2.0,33.5,1,15.81,9.34,9.65,8.2,0,0,0,0,0,1
6751,90,0,2,1.0,22.2,0,11.49,8.31,2.3,7.86,0,0,0,0,1,1
5999,87,1,1,1.0,31.4,0,5.37,4.94,1.67,7.31,1,0,0,0,0,1
6245,84,0,0,,33.4,0,14.31,5.94,8.05,4.95,1,0,1,0,0,0
4937,90,0,0,3.0,39.7,1,6.96,5.6,7.17,9.51,0,0,0,0,0,0
5931,80,0,0,0.0,39.1,0,11.96,6.11,6.54,5.2,0,0,0,0,0,0
6624,76,0,2,1.0,25.0,0,13.4,8.49,6.43,7.81,0,0,0,0,0,0
5860,71,1,0,1.0,31.4,1,18.06,4.03,7.44,4.6,0,0,0,0,0,0
5454,76,1,0,2.0,17.8,0,8.44,5.63,4.6,8.91,0,0,0,0,0,0
5736,70,0,0,0.0,19.7 kg/m2,1,13.48,3.09,5.14,6.48,0,1,0,0,0,1
4870,83,M,2,3.0,16.6,0,9.71,8.27,7.12,9.74,0,0,1,0,0,0
6554,76,0,0,1.0,20.1,0,5.22,4.37,6.18,9.91,0,0,0,0,0,0
6480,68,1,0,2.0,36.0,0,11.82,3.32,8.29,5.54,1,0,1,0,0,0
5946,65,0,0,2.0,37.7,Yes,5.21,1.72,3.48,6.85,0,0,1,0,1,0
5978,84,1,0,1.0,33.7,0,9.46,1.16,4.15,4.83,1,0,0,1,0,0
5463,67,1,3,2.0,19.6,0,4.1,0.23,0.36,7.78,1,0,0,0,0,1
5571,75,0,0,0.0,25.4,0,8.45,9.55,1.77,7.95,0,1,1,1,0,0
6424,69,0,0,3.0,26.1,0,12.95,1.15,6.52,7.08,1,0,0,0,0,0
6388,66,1,0,1.0,22.3,0,1.88,6.89,1.66,7.71,1,1,0,0,0,0
5881,85,0,1,2.0,29.2,0,9.42,8.0,4.28,7.64,0,0,0,0,0,0
5737,76,1,0,2.0,37.4,1,6.7,8.21,7.71,6.27,0,0,0,0,0,1
6779,80,1,1,1.0,30.5,0,6.93,1.37,8.54,9.34,1,0,1,0,0,0
4974,72,0,0,2.0,39.5,0,14.65,2.62,9.51,4.01,1,0,0,0,1,0
6541,63,1,0,3.0,37.1,1,16.91,5.7,7.16,5.79,1,0,0,0,0,0
5288,84,F,3,2.0,37.0,0,1.65,5.26,3.86,5.31,1,0,0,0,0,0
6715,88,0,0,2.0,18.2,1,18.13,4.26,5.67,9.58,0,0,0,0,0,0
6041,82,1,1,1.0,29.2,0,10.28,8.53,1.76,4.48,0,0,0,0,0,0
6325,65,0,0,2.0,26.5,0,9.89,9.75,7.8,5.05,1,0,0,1,0,0
5413,61,1,3,2.0,17.6,0,4.6,6.2,6.99,6.88,1,0,0,0,0,0
6193,74,0,1,3.0,29.5,No,0.7,2.75,8.52,9.99,0,0,0,0,0,0
5086,68,1,2,2.0,37.4,0,10.85,0.36,0.23,9.76,0,0,0,0,0,0
5692,86,0,0,0.0,33.9,0,13.8,7.12,9.81,8.67,1,0,0,0,1,0
5080,62,0,0,1.0,39.9,0,17.41,6.61,9.68,9.15,0,0,0,0,0,0
6249,77,1,0,,25.5,0,8.15,1.7,7.13,5.52,0,0,0,1,0,0
6380,86,1,1,2.0,26.0,0,1.05,4.31,3.48,9.18,0,0,0,0,0,0
5154,72,1,1,0.0,15.2,0,12.01,6.05,9.44,4.56,0,0,0,1,0,0
5835,89,0,0,0.0,18.2,Yes,6.79,2.82,3.44,7.28,0,0,1,0,0,0
6497,73,0,1,2.0,37.1,0,16.03,7.93,3.73,7.07,0,0,0,0,0,0
5401,87,0,3,1.0,21.6,0,14.75,5.45,0.22,8.2,0,0,0,0,0,0
5795,90,0,0,2.0,18.4,0,9.84,5.92,6.34,4.27,0,0,0,0,0,0
6044,89,Female,0,1.0,18.4,1,15.57,7.77,2.63,4.13,0,1,0,0,0,0
6686,89,1,3,2.0,33.6,1,5.26,4.19,0.16,5.44,0,1,1,1,0,0
5451,68,1,0,3.0,30.5,0,4.41,7.78,9.97,6.73,0,0,1,1,0,0
6073,69,0,1,3.0,37.2,0,5.5,4.05,3.31,7.98,0,0,0,0,0,1
6693,72,0,2,1.0,26.7,0,0.52,8.6,8.04,7.34,0,1,0,0,0,0
5874,66,0,1,2.0,32.4,0,15.24,9.45,9.78,9.45,0,1,1,0,0,1
6432,82,1,0,1.0,35.1,0,16.2,2.08,3.09,8.48,0,0,1,0,0,1
6551,72,1,0,0.0,36.1,0,19.31,5.42,5.46,4.98,1,0,0,0,0,0
5104,62,1,0,1.0,36.8,0,1.25,1.94,5.13,4.57,1,0,0,0,0,0
5477,73,0,0,0.0,35.1,0,5.33,6.04,4.97,4.03,0,0,0,0,0,0
6732,61,0,0,1.0,20.7,1,8.4,0.05,4.11,8.95,0,0,0,0,0,0
6116,80,1,0,1.0,24.2,0,16.23,5.93,3.72,5.9,0,0,1,1,0,0
5819,62,0,1,3.0,29.7,1,15.64,4.86,6.98,9.42,0,0,0,0,0,0
5151,74,1,1,2.0,16.1,0,17.91,6.0,3.23,8.63,0,1,0,1,0,0
5371,63,0,1,0.0,17.4,1,4.61,3.23,5.36,7.13,1,0,1,0,0,0
5102,78,1,0,0.0,39.4,0,0.32,3.28,0.31,5.43,0,0,0,0,1,0
5876,79,1,0,2.0,29.7,0,11.1,3.95,5.38,4.14,0,0,0,1,0,0
6374,88,1,0,1.0,35.4,1,0.77,8.88,4.09,7.45,0,0,0,0,0,0
5853,83,0,0,0.0,,0,1.94,0.87,8.73,5.25,0,0,0,0,0,0
6888,86,0,3,0.0,24.2 kg/m2,0,10.89,2.94,5.53,6.97,1,0,0,0,0,0
5822,84,1,0,1.0,26.6,0,1.4,4.14,6.74,7.86,1,0,0,0,0,0
4982,71,0,0,1.0,22.5,No,18.16,6.29,0.05,8.37,1,0,0,0,1,1
5794,80,1,0,1.0,33.9,0,5.74,2.97,0.59,6.36,0,1,0,1,0,0
4888,60,1,0,1.0,35.8,1,15.3,6.94,3.93,9.51,0,0,0,0,0,0
6560,88,1,0,2.0,18.7 kg/m2,1,6.57,5.23,2.53,6.62,1,1,0,0,0,0
5076,88,1,0,1.0,18.2,1,18.42,0.97,3.67,8.67,0,0,1,0,0,0
5913,63,0,2,3.0,17.8,0,2.52,0.93,6.69,9.54,1,1,1,0,0,0
5821,71,0,0,1.0,29.6,0,3.57,1.35,4.1,9.81,0,0,1,1,0,0
6793,89,0,2,1.0,28.5,0,17.28,1.66,3.28,4.65,0,0,0,0,0,0
5609,64,0,0,2.0,29.0,0,12.06,1.78,2.98,5.35,0,1,0,0,0,0
6313,65,0,1,3.0,23.4,0,5.31,0.65,7.9,6.83,0,0,0,0,0,0
5306,63,1,0,1.0,25.4,1,10.68,2.72,0.82,6.91,0,0,0,0,0,0
5555,60,0,1,2.0,21.6,0,0.93,2.71,5.13,6.77,0,0,0,0,0,0
4943,89,0,0,2.0,30.2,0,5.44,3.96,1.32,8.66,0,0,1,0,0,0
5991,77,0,2,0.0,24.4,0,2.23,1.59,4.1,6.73,1,0,0,1,1,0
5443,78,Male,3,3.0,27.7,1,4.7,5.87,4.01,5.29,0,0,0,1,0,0
6130,86,Male,0,1.0,23.1,0,19.28,1.07,8.77,8.82,1,0,0,0,0,0
6531,80,Male,1,1.0,35.3,0,17.38,3.62,1.69,5.05,1,0,0,1,0,0
6058,83,0,0,1.0,37.5,0,0.75,8.59,0.9,9.71,0,0,0,0,0,0
6475,75,0,1,1.0,15.2,1,1.87,7.13,7.38,7.38,0,0,0,0,0,0
6205,67,1,1,0.0,19.7,1,17.02,6.23,5.56,4.11,0,0,0,0,0,0
5741,68,0,3,0.0,37.7,1,19.92,2.47,4.08,4.02,0,0,0,0,0,0
5603,80,1,1,1.0,16.8,No,19.05,4.35,3.43,7.36,0,0,0,0,0,0
6007,85,1,0,1.0,26.4,0,13.34,2.93,4.83,4.07,0,0,0,0,0,0
5990,83,M,0,2.0,33.6,0,18.93,0.66,9.13,9.44,0,0,1,0,0,0
6287,67,1,0,1.0,29.0,0,19.18,4.27,1.02,6.72,0,0,1,1,0,0
5947,90,0,1,1.0,35.6,1,12.6,0.81,2.31,8.35,0,0,0,0,0,0
6291,78,1,0,1.0,33.5,1,17.45,3.82,4.25,7.44,1,0,0,0,0,0
5564,68,Male,1,2.0,25.2,0,19.36,7.98,9.41,9.7,0,0,0,0,0,0
4818,63,1,2,2.0,22.0,0,13.22,8.73,5.43,4.23,1,0,0,0,0,0
5434,84,1,0,1.0,30.3,0,7.41,0.37,4.01,9.17,1,0,0,0,0,0
5140,86,1,0,3.0,38.1,1,14.57,4.32,8.52,4.74,0,0,0,1,0,1
6448,67,0,0,0.0,26.3,1,15.67,9.87,1.89,9.08,0,0,0,0,0,0
6775,66,1,2,2.0,34.7,0,15.78,7.74,7.81,5.34,1,0,0,1,0,0
5179,71,0,3,2.0,31.0,0,6.74,9.03,0.25,8.26,0,1,0,0,0,0
5082,84,0,0,0.0,21.1,0,14.03,0.7,9.29,9.74,0,1,0,0,0,0
4941,75,1,3,2.0,24.5,0,18.44,8.03,4.96,8.06,1,0,0,0,0,0
5060,88,0,0,0.0,19.4,0,6.54,5.61,0.72,4.84,0,0,1,0,0,0
6767,69,1,0,2.0,17.4,0,10.85,0.93,0.16,5.61,1,1,0,0,0,0
5314,73,1,0,0.0,30.6,0,0.62,6.34,8.05,9.1,0,0,1,0,0,0
6055,80,Female,3,0.0,15.4,0,1.39,5.27,4.11,7.97,0,0,0,0,0,0
5298,66,1,1,2.0,37.2,No,8.36,3.31,6.4,5.61,1,0,0,1,0,0
5261,90,0,1,1.0,33.0 kg/m2,1,16.68,6.68,5.53,5.34,0,0,0,0,1,0
5605,71,0,1,1.0,39.3,0,17.55,3.45,6.71,4.61,0,0,0,0,0,0
6691,89,0,0,3.0,15.7,No,5.67,9.3,6.9,7.16,1,0,0,0,0,0
6165,71,Female,1,1.0,23.3,1,11.79,2.79,4.27,5.73,1,0,0,0,0,0
6106,90,0,0,1.0,30.7,1,0.68,4.29,1.23,4.68,0,0,0,0,0,0
6509,62,0,0,2.0,23.6,0,1.24,0.67,3.36,9.59,1,1,0,0,0,0
4876,88,1,0,0.0,32.0,0,10.3,1.3,0.2,8.19,0,0,0,0,0,0
6588,87,1,0,2.0,33.0,0,0.27,9.64,8.23,9.68,0,0,0,0,0,0
6591,68,1,3,1.0,34.4,1,7.36,8.78,2.75,4.21,0,0,0,0,0,0
6688,89,0,0,1.0,20.0,0,12.83,4.14,5.84,6.78,0,0,0,0,0,0
4971,70,0,1,1.0,21.8,0,11.7,4.19,9.24,9.66,0,0,0,0,0,0
5072,83,1,1,1.0,27.5,0,9.06,0.57,1.61,9.55,1,1,0,1,0,0
6481,85,1,0,0.0,20.4,1,5.64,8.94,6.37,8.27,1,0,0,0,1,0
6817,61,0,1,2.0,39.4,1,6.39,4.54,5.52,7.06,0,1,0,0,0,0
6553,67,Female,0,0.0,34.3,0,17.03,8.56,3.49,7.75,0,0,0,0,0,0
5488,66,1,0,2.0,39.4,0,10.15,6.5,3.08,8.41,0,0,0,0,0,0
6754,73,0,0,0.0,19.8,0,8.94,8.77,0.36,4.53,0,0,0,0,0,0
6527,81,1,1,1.0,23.8,0,11.34,0.69,0.08,8.76,0,0,0,0,0,0
6673,80,0,3,2.0,21.8,0,14.86,2.65,3.55,9.87,0,0,0,1,0,0
5686,71,1,0,1.0,31.2,0,3.88,4.14,6.86,5.87,1,1,0,0,0,0
5126,68,0,0,0.0,15.4,0,15.45,7.88,9.76,4.02,0,0,0,0,1,0
4788,60,Female,0,2.0,31.6,0,3.48,4.77,8.86,5.54,0,1,0,0,1,0
5033,65,1,1,2.0,25.0,0,13.18,9.7,4.47,4.57,0,0,0,0,1,0
5117,76,1,0,,30.3,1,11.81,6.28,6.2,6.83,0,0,0,0,0,0
5379,69,1,0,1.0,36.1,0,17.08,7.11,1.45,8.37,0,0,0,1,0,1
6856,83,0,3,2.0,31.1,0,7.54,4.59,7.6,9.87,0,0,0,0,0,0
5347,61,0,0,0.0,39.4,0,0.89,0.73,3.96,4.92,1,0,1,0,0,0
6302,65,0,1,3.0,29.0,0,5.05,4.18,0.69,4.39,1,0,1,0,0,0
5756,84,1,1,1.0,19.2,No,1.3,6.32,8.62,7.85,0,0,0,0,1,0
5845,87,1,1,1.0,31.6,0,18.7,3.67,1.5,8.96,0,0,0,1,0,1
6894,66,1,2,1.0,32.0,1,9.31,4.35,5.43,9.62,1,0,0,0,0,1
6312,85,1,3,3.0,24.9,0,10.75,8.06,9.91,8.02,1,0,0,0,0,0
5123,67,0,0,0.0,27.4,0,14.55,2.83,0.71,7.6,0,0,0,0,0,0
5349,90,0,0,1.0,15.1,0,10.92,2.55,3.97,9.79,0,0,1,1,0,0
6186,65,0,0,1.0,28.7,0,0.96,9.16,3.81,6.31,1,0,0,1,0,0
6692,86,1,1,2.0,31.8,0,1.42,5.39,1.5,9.16,0,0,0,0,0,0
6813,76,1,3,2.0,32.6,0,7.03,7.67,8.86,9.66,0,0,0,0,0,0
5015,81,0,1,0.0,22.9,0,9.31,8.92,3.81,9.24,0,0,0,0,0,0
5235,62,0,0,1.0,17.5,No,3.55,1.7,0.85,6.1,0,0,0,0,0,0
5050,72,0,0,2.0,18.0,1,12.04,3.11,0.26,9.85,0,0,0,0,0,0
5259,78,0,0,1.0,34.0,0,16.89,5.95,6.11,8.5,0,0,1,1,0,0
6840,62,1,0,0.0,25.2,0,10.83,5.09,5.73,7.54,0,0,0,0,0,0
5422,75,1,3,2.0,24.4,1,15.98,6.61,5.48,6.48,1,0,0,0,0,0
5149,68,1,0,2.0,23.3,0,5.28,6.51,10.0,6.42,1,0,1,0,0,0
5903,72,M,1,2.0,16.6,1,15.91,3.05,5.75,4.65,0,1,0,1,0,0
5664,82,0,2,1.0,28.5,0,1.88,1.37,0.41,8.18,0,0,0,0,0,0
6665,88,1,2,0.0,15.1,1,15.73,3.09,3.62,4.82,0,1,0,1,0,0
6547,84,1,0,0.0,26.4,0,8.58,9.44,6.66,8.29,0,0,0,0,0,0
6826,68,0,0,3.0,17.9,0,18.49,6.3,6.07,7.92,0,0,0,0,0,1
5704,75,1,1,2.0,16.0,0,5.25,5.98,5.5,5.29,1,0,0,0,0,0
4953,85,0,0,2.0,35.7,1,19.81,7.18,0.27,5.43,0,0,0,1,0,1
5098,78,1,0,2.0,23.5,0,5.3,3.97,0.25,4.74,0,0,1,1,0,1
6280,64,1,0,0.0,34.4,1,13.59,0.34,1.72,4.23,0,0,0,0,1,0
6431,70,0,0,1.0,38.4,No,1.52,1.4,9.27,5.18,1,0,0,0,0,0
6034,72,1,0,1.0,31.4,0,14.23,5.17,1.43,4.85,0,0,0,0,0,0
4811,82,F,3,0.0,39.3,0,13.35,6.54,0.47,9.47,1,0,0,0,0,0
5657,66,0,1,2.0,25.8,0,11.14,7.78,6.03,5.85,0,0,0,0,1,0
5883,69,1,0,2.0,25.1,No,2.12,2.02,5.89,5.02,1,0,0,0,0,1
6049,77,0,0,0.0,38.2,0,15.67,8.6,7.45,6.01,1,0,0,0,0,0
5169,61,0,1,2.0,28.6,0,6.78,5.07,1.46,6.73,1,0,0,0,0,0
6461,71,1,1,0.0,20.6,0,19.5,5.52,0.31,5.46,0,0,1,0,0,0
6159,67,1,3,0.0,34.7,0,10.77,4.42,0.21,4.01,1,0,0,0,0,0
6315,77,0,0,0.0,20.0,No,10.24,9.69,3.31,7.81,0,0,0,0,0,0
5563,69,0,0,0.0,19.2,0,0.77,4.64,9.4,5.66,0,0,0,0,0,0
4900,66,0,0,2.0,29.6,0,5.09,7.02,8.29,8.55,0,0,0,0,0,0
5309,67,0,0,3.0,33.5,0,2.82,6.97,4.09,9.49,1,0,0,1,0,0
5541,78,1,3,1.0,36.2,0,9.39,4.88,9.92,4.11,0,0,0,0,0,0
6234,61,0,0,1.0,39.2,1,14.22,0.56,9.1,7.16,0,0,0,1,0,0
5018,67,0,3,2.0,36.2 kg/m2,0,11.61,6.93,6.62,9.62,1,0,0,0,0,1
6459,69,1,2,1.0,37.0,0,3.16,6.28,8.73,6.27,1,1,0,1,0,0
6365,82,0,0,1.0,33.3,Yes,12.9,4.6,4.69,8.3,0,0,1,0,0,0
5133,71,M,1,1.0,23.0,0,0.1,3.12,3.18,4.68,1,0,0,0,0,1
6133,67,1,0,,33.4,1,2.0,1.06,9.72,6.82,0,0,0,0,0,0
5914,86,Male,1,2.0,36.6,0,16.08,7.82,9.95,6.09,0,1,0,0,0,0
6617,80,0,0,0.0,30.7,0,13.28,4.25,5.65,9.13,1,0,0,1,0,0
5048,64,Female,2,2.0,27.9 kg/m2,0,12.94,4.06,3.49,7.75,0,1,0,0,0,0
4849,88,M,3,0.0,22.7,1,13.71,2.95,0.79,6.15,0,0,0,0,0,0
5799,86,0,1,1.0,18.1,0,16.74,5.28,7.09,4.12,0,0,0,1,0,0
6674,77,0,0,0.0,37.5,0,9.37,5.76,7.02,5.53,0,0,1,0,0,0
6180,76,1,1,1.0,24.8,1,5.3,2.45,7.73,5.92,0,0,0,0,0,0
5011,72,0,0,2.0,33.6,1,4.83,9.41,7.82,8.15,0,0,0,1,0,0
5910,88,1,1,0.0,26.3 kg/m2,0,17.79,1.02,5.71,9.33,0,0,0,0,0,0
4909,68,1,3,3.0,15.8,0,9.39,3.84,2.32,6.4,0,0,0,0,0,1
5452,89,1,0,2.0,35.6,No,2.06,6.35,9.86,7.9,0,0,0,0,0,0
5833,82,1,0,0.0,33.6,0,15.88,1.15,4.27,8.38,0,0,0,0,0,1
6103,63,0,3,1.0,23.4,1,17.57,8.57,8.23,8.77,0,0,0,0,0,0
5236,80,0,2,2.0,19.5,1,13.76,6.86,8.96,9.31,0,1,0,0,0,0
5572,69,0,2,1.0,21.4,0,7.25,2.98,8.95,8.51,0,0,1,0,0,0
5886,85,0,0,1.0,37.8,0,9.62,3.72,0.74,9.01,1,0,0,0,0,1
6251,77,0,0,2.0,19.5,0,3.43,1.53,9.92,9.61,0,1,0,1,0,0
5376,64,1,1,2.0,25.0,0,19.92,4.38,8.94,9.61,0,0,0,0,0,0
6358,79,0,0,0.0,35.8,0,8.55,6.58,7.71,9.91,1,0,1,0,0,0
5976,89,0,0,2.0,34.7 kg/m2,0,14.6,3.74,3.66,8.91,0,0,0,0,0,0
5738,84,0,1,1.0,19.1,0,8.21,1.29,5.54,6.1,0,0,0,1,0,0
6015,78,Male,0,1.0,29.8,1,8.52,3.4,4.15,5.05,1,1,0,1,0,0
6450,75,0,0,0.0,19.6,1,10.5,7.17,9.01,8.66,0,0,0,1,0,0
4833,68,0,1,0.0,38.4,0,4.85,6.44,7.63,9.21,1,0,0,0,1,0
6672,88,0,1,1.0,24.9,0,11.35,7.57,5.16,6.44,0,0,0,0,0,0
6267,66,Female,1,1.0,33.1,0,2.72,5.47,1.43,5.2,0,0,0,0,0,0
6438,62,0,0,1.0,37.8,0,4.06,4.13,8.03,6.14,0,0,0,0,0,0
5514,71,1,1,1.0,16.6,1,4.87,6.61,2.41,8.85,0,0,0,0,0,0
6121,76,0,0,2.0,23.7,0,18.3,3.15,8.85,6.94,0,0,1,0,1,0
6602,84,1,0,,35.4,0,18.26,4.25,3.07,5.37,1,1,0,0,0,0
4855,61,0,0,1.0,35.6,0,0.52,0.37,9.09,5.71,0,1,0,0,0,0
5966,74,0,0,2.0,18.3,0,16.53,3.46,1.3,8.57,0,0,1,0,0,1
6577,88,0,3,,32.3,1,4.8,0.39,5.9,9.93,0,0,0,0,0,0
6669,89,0,0,2.0,22.7,0,8.55,5.28,9.37,6.51,0,0,0,0,0,0
5530,77,1,0,2.0,30.0,0,4.77,0.33,7.86,4.15,0,0,0,0,0,0
6288,71,0,3,2.0,25.0,No,6.93,8.86,3.37,9.46,0,0,0,0,0,0
5365,64,1,3,2.0,39.4,1,5.7,3.13,6.17,6.22,0,0,0,0,0,0
5411,80,Female,0,1.0,18.3,1,13.17,0.38,1.03,9.85,0,0,0,0,0,0
5621,76,1,1,2.0,26.8,0,10.95,3.0,5.89,6.93,0,0,0,1,0,0
6355,89,1,0,1.0,21.4,0,15.13,5.32,8.09,9.99,0,0,0,1,0,1
5366,85,1,2,2.0,21.6,1,4.04,2.59,8.72,5.57,0,0,0,1,0,0
6019,88,1,3,0.0,27.9,0,6.48,6.38,5.85,8.33,0,0,0,0,0,1
5300,68,M,1,2.0,31.6,0,0.0,4.64,6.62,6.47,0,0,1,0,0,0
6158,60,1,0,1.0,34.9,0,0.92,2.72,5.58,6.38,0,1,0,0,1,1
5639,65,F,0,1.0,29.6,0,9.65,1.27,0.55,4.78,0,0,0,1,0,0
5423,80,1,0,0.0,38.9,0,7.06,9.89,1.77,4.92,1,0,0,0,0,0
6183,71,1,0,,28.3,0,13.34,3.34,7.8,7.79,0,1,0,0,0,0
5081,86,0,0,0.0,15.0,0,5.07,3.09,4.34,4.16,1,0,0,0,0,0
6433,88,1,0,2.0,18.2,1,11.88,8.43,4.92,7.3,1,0,0,0,0,0
6435,81,0,0,2.0,22.3,1,4.92,3.05,7.3,7.74,0,0,0,0,0,1
6208,75,F,0,2.0,25.0,1,11.27,0.56,6.86,9.56,1,0,0,0,0,0
6011,69,0,2,1.0,30.3,0,14.24,4.04,8.42,6.14,0,0,0,0,0,0
4884,73,0,3,1.0,16.2,0,17.83,8.48,8.33,4.92,0,0,0,0,0,0
6495,75,0,0,3.0,29.4,0,15.46,7.51,7.3,9.63,0,0,0,0,0,0
6689,71,1,0,0.0,20.9,0,18.11,5.37,8.37,7.26,0,0,0,0,1,1
4978,86,1,1,0.0,33.7,1,14.31,2.04,3.41,4.78,0,0,0,0,0,0
5889,77,0,2,1.0,25.2,0,1.54,3.72,0.9,4.32,1,0,0,1,0,0
5221,75,1,1,1.0,25.7,No,3.08,9.09,6.2,8.19,0,0,1,0,1,1
6558,89,0,3,1.0,39.8,0,1.7,4.86,8.88,6.34,1,0,0,0,0,0
5330,88,0,2,1.0,28.0,0,13.05,5.94,4.63,4.91,0,0,0,0,0,1
6024,60,0,0,1.0,34.0,0,8.4,8.53,1.27,4.34,0,0,0,1,0,1
4842,71,0,1,2.0,19.0,0,19.48,8.07,0.97,9.08,0,0,0,0,0,0
5186,71,1,0,2.0,24.1,0,1.31,2.64,4.0,6.97,0,0,0,1,0,0
5848,83,0,2,1.0,22.7,No,1.39,1.3,6.0,8.87,0,0,1,0,0,0
6163,66,Male,0,1.0,34.4,0,18.53,3.87,5.4,7.78,1,0,0,1,0,0
5979,85,0,0,1.0,24.3,0,15.77,7.97,0.4,9.21,0,0,0,0,0,0
6337,77,Female,0,2.0,30.5,0,12.38,1.7,8.64,9.58,0,0,1,0,0,1
4762,78,0,0,2.0,22.5,1,19.3,3.83,8.28,8.31,0,0,1,0,0,1
4961,69,0,0,2.0,17.9,0,7.72,7.61,6.18,9.27,0,0,0,0,0,0
4804,61,1,2,0.0,38.1,0,19.98,9.86,1.92,9.71,0,0,1,0,0,1
6850,79,1,3,3.0,,1,17.6,1.11,5.78,5.8,0,1,0,1,0,0
5137,77,0,1,3.0,20.2,0,0.56,5.99,6.35,9.5,0,1,1,0,0,1
6248,61,0,2,3.0,38.0,0,17.95,2.66,7.37,7.38,0,0,0,0,1,0
6371,87,1,0,3.0,27.0,0,3.43,5.32,5.14,6.54,0,0,1,1,0,0
5810,67,1,0,1.0,39.0,1,15.1,0.26,5.67,8.81,0,0,0,1,0,0
5831,79,0,3,1.0,16.6,1,12.39,6.34,2.68,8.97,0,0,1,0,0,0
5338,63,1,0,2.0,26.6,0,12.55,2.99,3.95,7.42,1,0,0,0,0,1
5896,85,1,2,2.0,17.5,0,18.58,1.43,1.54,7.25,0,0,0,0,0,0
6759,74,1,0,1.0,32.7,0,8.69,9.52,4.13,8.57,1,0,0,1,0,0
4918,87,1,1,3.0,39.1,0,17.16,5.14,3.89,8.05,0,0,1,1,0,0
6637,73,1,3,0.0,22.0,0,16.31,4.14,9.42,9.46,0,0,0,1,0,0
6485,69,1,3,3.0,37.2,1,12.96,9.44,9.83,4.38,0,0,0,1,1,0
6306,63,1,2,1.0,27.1,0,9.56,4.68,4.73,8.33,0,0,0,0,0,0
6334,66,0,3,1.0,38.9,1,5.74,9.78,7.56,8.74,0,0,0,1,0,0
6831,72,0,0,2.0,17.6,0,3.32,9.08,5.61,7.99,1,0,0,1,0,0
6566,83,Male,0,2.0,24.3,0,7.96,1.49,4.62,5.33,0,0,0,0,0,0
5992,78,1,0,2.0,39.2,0,12.83,4.49,8.09,5.89,1,0,0,1,0,0
6340,73,0,1,3.0,19.5,0,12.53,0.46,9.26,6.7,0,0,0,0,1,0
6423,72,0,0,1.0,19.1,1,6.82,7.57,3.4,4.69,0,0,0,1,0,1
6232,81,0,0,1.0,29.1,No,9.7,5.12,0.88,4.9,0,0,0,1,0,1
6052,81,1,1,2.0,37.4,0,5.47,2.74,7.31,8.14,1,1,0,1,0,0
6833,60,1,0,1.0,37.1,0,6.88,3.61,0.02,6.48,0,0,0,1,0,0
5431,76,0,0,0.0,23.0,1,7.53,3.05,6.9,5.83,0,1,0,1,0,0
5517,61,Female,1,1.0,31.4,0,14.25,9.25,0.94,4.98,1,0,0,1,1,0
4999,66,Female,1,0.0,35.2,0,17.59,8.64,8.72,5.22,0,0,0,0,0,0
6294,85,1,0,1.0,27.4,0,13.31,1.82,3.83,4.23,0,1,0,0,0,0
4810,68,0,0,3.0,36.5,1,3.29,9.67,7.79,7.62,0,1,0,0,0,0
5459,65,1,1,,26.3,0,8.06,8.62,4.03,6.73,0,0,0,0,0,1
6772,65,0,3,3.0,16.5,0,2.4,0.02,1.79,4.54,0,0,0,1,0,1
5032,68,0,0,3.0,33.8,0,7.52,2.74,8.31,9.83,0,0,0,0,0,0
5487,87,1,2,1.0,32.1,0,6.29,9.31,7.79,5.5,0,0,0,0,0,1
5525,76,0,0,1.0,35.9,1,16.29,7.12,0.38,4.24,0,0,1,0,0,0
6032,66,0,1,2.0,32.2,0,2.22,9.14,1.28,5.69,1,1,0,0,0,0
5192,84,0,0,2.0,32.4,1,5.64,6.96,7.85,5.37,0,0,0,0,0,0
5363,76,1,0,0.0,19.1,1,19.03,7.35,4.61,4.73,0,0,1,1,0,0
6516,89,0,3,0.0,37.8,1,4.81,4.0,3.3,9.69,0,0,0,0,0,0
6408,67,0,0,,29.3,0,0.86,0.5,3.04,6.89,0,0,0,0,0,1
6718,78,1,2,0.0,16.4,0,3.03,0.29,4.44,6.36,1,0,0,0,0,0
5869,65,0,1,0.0,21.0,1,15.45,7.08,6.79,8.22,0,0,0,0,0,1
5053,88,1,0,1.0,17.6,0,1.21,1.45,6.0,7.46,0,0,0,1,0,0
5755,80,0,0,2.0,20.3,0,17.75,2.45,8.65,8.19,0,0,0,0,0,0
5591,60,1,0,1.0,38.4,0,18.52,1.63,1.27,4.1,0,0,0,0,0,0
5016,82,1,2,2.0,26.1,1,15.17,2.39,9.2,9.3,0,0,0,0,0,0
5010,76,0,1,1.0,24.0,0,13.79,7.59,7.05,9.34,0,0,0,0,1,0
6504,60,0,0,2.0,27.4,0,12.57,2.72,2.09,8.76,0,0,0,1,1,0
5320,78,1,0,3.0,17.8,1,16.03,4.49,2.98,9.52,0,1,0,0,0,0
6640,72,0,1,3.0,26.1,0,11.32,0.14,9.43,4.15,0,0,0,0,0,0
6422,87,0,0,0.0,32.1,1,7.32,3.25,2.76,9.78,1,1,0,1,0,1
5523,81,0,0,1.0,31.5,0,11.9,9.22,7.42,9.31,0,0,0,0,0,0
4800,68,1,0,,32.0,0,3.06,3.6,3.0,5.12,0,0,0,0,0,0
5297,66,0,1,2.0,30.1,0,12.69,6.86,5.04,4.84,0,0,0,0,0,0
5285,86,1,1,0.0,23.1,0,17.27,4.44,4.3,4.64,0,0,0,1,0,0
5387,69,1,1,1.0,36.6,0,17.0,5.13,9.04,8.83,0,0,0,1,0,1
5677,88,0,0,2.0,17.1,0,10.45,1.33,1.33,9.02,0,1,0,0,0,0
5746,70,0,0,2.0,34.2,1,1.2,6.25,9.14,5.41,1,0,1,0,0,0
5584,78,F,3,2.0,16.8,0,19.87,3.04,5.72,6.42,0,0,0,0,0,0
5175,71,0,0,1.0,37.4,0,19.48,9.51,5.41,4.16,0,0,1,0,0,0
6705,78,Female,0,0.0,15.7,0,0.63,0.38,7.02,5.94,1,0,0,0,0,0
4751,73,0,0,2.0,22.9,0,13.3,6.33,1.35,9.03,0,0,1,1,0,0
6842,64,0,0,1.0,29.1 kg/m2,0,19.78,8.82,2.3,5.32,0,0,0,1,0,1
6771,62,1,0,2.0,37.2,1,14.58,7.64,0.5,9.21,0,0,0,1,0,1
5136,73,1,1,0.0,26.7,0,2.7,7.03,6.85,4.87,1,0,0,0,0,0
6074,69,1,0,1.0,38.5,1,3.48,8.93,2.56,6.95,1,0,0,1,0,0
6470,66,1,0,1.0,16.7,0,1.87,8.7,6.97,6.58,0,1,0,0,0,0
4927,60,0,0,2.0,32.9,0,0.61,4.19,5.99,9.07,1,0,0,0,0,0
6203,66,0,0,3.0,29.2,1,9.54,5.81,5.43,7.62,0,0,0,0,0,0
5263,66,0,1,,27.1,0,17.99,7.32,8.5,4.3,1,0,1,0,0,0
5287,78,0,0,2.0,39.1,No,14.75,2.97,1.94,4.32,0,0,0,0,0,0
6210,73,0,0,3.0,27.2,0,16.29,8.59,8.56,6.68,0,0,0,0,0,0
6652,72,1,0,2.0,33.8,0,7.9,8.84,0.32,5.35,1,1,0,0,0,0
5112,71,1,3,2.0,33.5,0,14.05,3.53,8.82,5.79,0,0,1,1,0,1
6392,67,1,0,0.0,37.4,1,14.86,4.05,9.44,6.7,1,0,0,0,0,0
4866,63,1,0,1.0,22.9,1,15.22,9.21,2.28,8.97,0,0,0,0,0,1
5908,90,1,0,2.0,22.1,1,10.07,4.68,9.69,7.5,0,0,1,0,1,0
5087,79,0,0,1.0,20.5,0,19.11,1.57,7.25,9.12,0,0,0,0,0,0
6661,64,1,0,2.0,24.5,0,12.44,5.13,8.75,8.91,0,0,0,0,0,0
5185,90,1,0,3.0,26.6,1,4.68,6.71,1.24,9.68,0,0,0,1,0,0
5358,71,1,0,0.0,26.5,0,9.17,1.59,3.58,5.13,1,0,0,0,0,0
4781,73,Female,0,1.0,30.5,0,9.26,8.17,7.88,7.69,1,1,0,0,0,1
5553,67,Female,0,2.0,17.0,0,6.07,3.61,4.93,4.52,0,0,0,1,0,0
5430,68,1,2,1.0,22.8,0,13.24,7.78,9.81,9.8,1,0,0,0,0,0
6047,66,1,0,0.0,27.8,1,5.01,0.9,9.95,7.95,0,0,0,0,0,0
5158,83,1,0,1.0,39.8,0,3.86,4.67,7.14,7.8,0,0,1,0,0,0
6649,67,0,0,0.0,34.1,0,1.88,1.56,9.77,9.02,0,1,0,1,0,0
6539,76,0,1,2.0,22.9,0,0.99,6.67,2.8,4.76,1,0,1,0,0,0
5649,83,1,0,2.0,33.7 kg/m2,0,5.33,2.88,5.32,4.68,0,0,0,0,0,1
6843,79,1,2,2.0,17.1,0,12.07,9.6,5.95,7.29,1,0,0,0,0,0
5044,82,0,0,0.0,25.0,0,9.86,7.78,2.14,4.89,0,0,0,0,0,0
5056,89,1,0,2.0,21.9,No,4.65,7.75,0.52,4.03,0,0,0,0,0,0
4897,69,1,0,1.0,32.4,Yes,19.17,4.86,1.11,8.84,1,0,0,0,0,0
5892,65,1,1,3.0,20.6,1,18.95,1.03,9.36,9.55,1,0,0,0,0,0
5374,88,0,1,1.0,16.8,1,1.83,0.8,2.6,5.69,1,0,0,0,0,0
5522,62,0,0,2.0,27.8,No,12.73,5.53,9.9,8.03,0,0,0,0,0,0
6131,79,1,2,2.0,16.5,1,10.22,6.18,0.79,5.32,0,0,0,0,0,0
5229,87,1,0,2.0,22.5,0,10.38,7.08,3.64,9.34,0,0,0,1,0,0
6855,65,1,0,1.0,35.7,0,0.13,7.69,4.79,9.58,0,0,0,0,0,0
5694,60,1,2,2.0,34.2,1,17.28,2.27,5.42,9.29,0,0,0,0,1,0
6150,72,1,0,1.0,18.2,1,6.92,2.43,0.7,4.77,0,0,0,1,0,0
4790,62,1,1,3.0,24.9,No,12.64,3.83,4.55,8.83,0,0,0,0,1,1
5518,62,1,0,1.0,20.4,0,1.57,7.45,0.17,5.16,0,0,0,0,0,1
5207,76,0,0,1.0,36.9,0,16.86,8.51,2.44,8.43,1,0,0,0,0,0
6589,76,0,0,2.0,29.4,0,5.73,7.5,7.52,8.74,0,0,0,1,0,0
6022,62,0,0,2.0,21.6,0,14.89,7.76,0.61,7.89,0,0,0,0,0,0
4831,77,1,3,2.0,39.1 kg/m2,1,18.72,8.78,9.31,5.53,0,0,0,0,0,0
5669,65,1,0,1.0,24.9,0,15.23,7.19,5.37,5.11,0,0,0,0,0,0
4852,79,1,1,2.0,18.6,0,19.27,0.41,3.5,7.67,0,0,0,0,0,0
5307,71,1,0,2.0,38.4,0,5.95,8.24,0.01,7.19,1,0,0,1,0,0
6194,83,Male,0,1.0,38.4,1,18.9,7.56,3.12,8.09,1,0,0,0,0,0
4979,84,0,1,1.0,17.6,0,16.36,1.32,6.07,4.27,1,0,0,0,0,1
6252,62,Female,3,0.0,28.6,0,1.02,3.36,5.25,4.21,1,0,0,1,0,1
5404,72,0,1,0.0,35.2,1,5.9,9.27,1.2,8.16,0,0,1,0,0,0
6820,75,1,0,2.0,31.3,0,16.09,1.73,2.8,7.53,0,0,0,0,1,0
5579,71,1,0,,39.7,1,11.34,8.86,2.11,9.36,0,0,0,0,1,0
5292,72,0,1,3.0,24.1,1,1.4,3.63,3.34,6.71,0,0,0,0,0,1
5922,79,1,0,1.0,22.4,Yes,5.58,0.96,6.69,9.26,0,0,0,0,0,0
5258,74,0,0,1.0,22.3,0,11.28,4.08,5.49,4.78,0,0,0,0,0,0
6352,70,Male,0,1.0,35.4,1,5.37,5.73,6.09,5.13,1,0,0,0,0,0
6000,62,1,0,1.0,22.1,1,14.27,2.12,5.87,4.99,1,0,0,0,0,0
6209,88,0,0,2.0,28.1,0,8.49,4.03,7.01,9.5,0,0,0,0,0,1
6501,67,1,0,0.0,23.2,0,15.51,4.24,2.89,7.31,0,0,1,1,0,0
4984,85,F,0,0.0,29.9,1,3.9,8.49,2.03,8.82,1,0,0,0,0,0
6387,72,0,0,0.0,22.4,1,16.22,4.22,0.25,8.84,0,0,0,0,0,0
5970,79,0,0,2.0,27.5,1,12.68,9.45,1.21,8.09,0,1,1,0,0,0
6864,60,1,2,1.0,22.7,0,12.12,5.7,8.21,4.3,0,1,0,0,0,0
6319,90,1,0,0.0,29.5,0,16.88,4.96,1.61,8.39,0,0,0,0,0,0
5596,87,1,0,,19.7,0,13.09,7.09,4.9,9.91,0,0,0,0,0,0
5480,76,1,0,1.0,24.9 kg/m2,0,2.24,0.01,3.27,6.0,0,0,0,0,0,0
5617,66,0,0,2.0,24.3,1,14.02,6.32,5.23,8.45,0,0,0,1,1,0
5213,88,0,0,1.0,29.9,0,14.11,2.48,5.65,5.17,0,0,1,0,0,1
5721,83,0,3,,29.0,1,8.48,3.73,2.32,6.54,0,0,0,0,0,0
5932,88,0,1,2.0,33.4,1,4.27,8.46,4.55,9.73,0,0,0,0,0,0
6160,71,1,0,1.0,31.0,0,1.29,3.07,7.66,4.17,0,1,0,0,0,0
5745,90,1,3,2.0,,1,0.68,2.57,4.43,7.69,1,1,0,0,0,0
5034,86,0,0,2.0,19.4,0,16.12,3.86,3.71,8.92,0,0,1,1,0,0
5197,80,0,0,1.0,33.4 kg/m2,Yes,7.56,8.5,6.65,6.99,0,0,1,0,0,0
5559,83,M,0,1.0,17.5,No,8.13,7.85,5.05,5.2,0,0,0,1,0,0
6436,70,1,1,0.0,24.5,0,8.91,5.35,5.5,6.56,0,0,0,0,0,0
6361,77,1,3,2.0,15.3,0,5.32,8.75,2.54,5.29,0,0,1,0,0,0
6254,80,0,2,1.0,29.7 kg/m2,0,13.52,8.43,4.21,7.3,0,0,0,0,0,0
4815,83,1,0,1.0,29.9,0,5.35,3.69,6.08,8.56,0,0,0,0,0,0
4809,83,1,1,2.0,29.0,0,14.85,6.03,9.54,5.91,0,1,0,0,0,0
6413,68,0,3,1.0,15.6,Yes,7.96,8.38,2.09,5.43,0,0,0,1,0,0
5006,82,0,3,2.0,35.4,0,15.39,8.15,8.72,8.21,0,0,0,0,0,0
6025,68,0,2,2.0,16.5,1,19.88,3.32,4.71,5.71,1,0,0,0,0,0
6777,999,1,0,0.0,18.4,0,16.51,1.74,1.46,9.39,1,0,0,0,0,0
5987,67,0,0,1.0,25.7,1,7.4,7.09,4.05,5.03,0,0,0,0,0,0
5851,86,1,0,0.0,19.0,0,14.46,5.08,9.83,8.02,0,0,0,0,0,1
6628,77,0,1,3.0,28.2,1,2.3,9.86,7.73,8.69,1,0,0,0,0,0
5923,90,M,2,2.0,26.7,0,19.43,6.65,2.21,7.45,0,0,0,1,0,0
5394,84,0,1,0.0,23.4,1,8.01,3.32,9.79,6.27,0,0,1,0,0,0
6782,78,0,0,2.0,33.9,0,5.89,0.43,2.62,8.08,0,0,1,0,0,0
5973,67,1,1,2.0,30.0,0,5.95,4.78,8.97,9.6,0,0,0,0,1,1
5703,81,1,2,2.0,36.7,0,13.95,2.61,0.49,4.06,0,0,0,0,1,0
5867,62,0,0,3.0,23.2,1,18.6,4.79,8.23,4.71,1,0,0,1,0,0
5382,72,1,0,2.0,39.2,0,17.04,7.85,2.63,6.17,0,0,0,0,1,1
6633,62,0,1,2.0,36.2 kg/m2,0,14.15,6.43,5.07,5.05,1,1,1,0,0,0
4785,66,1,1,1.0,17.6,1,19.97,5.01,3.19,6.16,0,1,1,0,0,0
5552,79,1,0,0.0,31.9,0,6.39,8.93,4.16,7.51,0,0,0,0,1,0
6204,87,1,0,0.0,36.1,0,9.33,1.46,4.85,5.26,0,0,0,0,1,0
6616,87,1,1,2.0,30.5,0,17.7,3.76,3.55,9.4,0,0,0,1,0,0
5426,61,1,1,1.0,28.3,1,8.38,6.23,6.68,9.42,0,0,0,0,0,1
6858,88,0,1,1.0,39.8,0,11.14,4.13,4.57,7.9,0,0,0,0,0,0
5406,87,0,1,2.0,30.2,No,1.12,6.8,3.37,5.19,1,0,0,0,0,0
4770,68,0,0,3.0,20.0,0,18.43,4.06,3.36,7.39,0,0,0,0,0,0
5373,81,0,3,2.0,37.5,1,11.44,1.46,5.51,5.37,0,0,0,0,0,1
6796,63,0,0,2.0,32.0,0,6.95,2.01,5.71,6.37,0,1,0,0,0,0
5001,70,0,0,0.0,37.4,1,16.12,7.89,7.36,5.21,0,0,0,0,0,0
5751,74,1,1,0.0,31.5,1,14.55,6.73,4.88,9.6,0,0,0,0,0,1
6187,90,Male,0,0.0,27.9,0,14.28,3.47,7.95,6.5,1,0,0,0,0,0
6353,83,Male,3,1.0,39.7,1,3.39,7.96,3.76,9.11,0,0,0,0,0,0
6565,65,0,1,3.0,23.3,0,14.28,6.02,7.74,9.41,0,0,0,0,0,0
6537,75,1,1,0.0,30.1,1,6.15,9.5,2.52,4.36,1,0,0,0,0,0
5576,66,1,0,1.0,24.8,1,1.47,3.48,0.89,9.1,0,0,0,1,0,0
4959,72,1,0,3.0,23.8,0,3.26,5.17,8.74,9.38,0,0,0,0,0,0
5039,61,1,0,1.0,21.4,0,12.38,1.58,5.24,5.22,0,1,0,0,0,0
5918,70,M,0,2.0,24.9,1,11.19,8.94,0.66,6.44,0,0,0,0,0,0
5650,72,0,0,1.0,15.6,0,8.7,3.04,5.08,9.49,0,0,0,0,1,1
6512,89,1,0,3.0,34.1,0,8.49,9.26,8.4,5.04,0,0,0,0,1,0
5159,87,F,1,3.0,39.2,0,3.03,7.37,1.38,8.98,0,0,0,1,0,0
5567,85,0,3,3.0,23.1,0,11.72,7.99,0.7,9.97,0,0,0,0,0,1
4773,82,1,0,3.0,37.6,0,5.84,7.68,9.77,9.25,0,0,0,0,0,0
4955,67,1,0,1.0,38.5,0,13.11,0.18,7.86,9.39,1,0,0,0,0,0
4939,67,1,1,0.0,29.3,0,13.6,9.3,3.5,5.07,1,0,0,0,0,0
5091,83,1,0,2.0,27.5,1,2.74,4.26,8.8,8.57,0,0,0,1,0,0
5392,86,1,0,1.0,31.7 kg/m2,0,9.58,9.53,8.02,7.61,1,0,0,0,0,0
6600,61,0,0,2.0,15.3,0,2.2,3.17,0.72,4.35,0,0,0,0,0,0
6529,64,1,1,3.0,21.0,1,0.44,0.31,2.73,8.14,0,0,0,1,0,0
6153,67,1,0,1.0,27.8,0,19.03,5.28,9.52,4.74,0,0,0,0,1,0
6268,64,1,2,0.0,27.4,0,18.09,4.21,8.87,6.08,1,1,0,0,0,0
6519,84,0,3,1.0,30.8,0,6.5,4.05,0.82,7.56,0,0,0,0,1,0
6659,68,1,0,2.0,21.9,Yes,10.04,6.59,4.25,9.11,0,0,1,0,0,0
5282,65,0,0,1.0,28.6 kg/m2,0,2.22,1.99,1.31,4.61,0,0,0,1,0,0
6110,72,1,0,2.0,33.9,0,11.17,3.52,3.91,7.68,0,0,0,0,0,0
4832,71,0,2,1.0,32.6,0,3.32,0.95,1.16,8.07,0,0,0,0,0,1
5720,64,0,0,0.0,31.1,0,1.5,5.16,7.73,8.74,1,0,0,0,0,0
6716,84,0,0,1.0,23.6,0,7.09,1.28,8.17,6.99,0,0,0,0,0,0
4802,72,1,3,1.0,37.8,1,13.66,1.23,3.59,8.23,0,0,0,1,0,0
6061,62,0,0,2.0,17.9,1,13.8,4.13,5.96,9.85,1,0,0,1,0,0
5470,84,1,0,1.0,35.7,0,16.01,8.34,3.53,7.43,0,0,0,0,0,0
5706,72,0,3,2.0,31.4,0,10.32,8.09,6.25,6.43,1,0,0,0,0,0
5141,64,1,0,1.0,29.5,0,15.51,4.29,2.69,4.53,0,0,0,0,0,0
6173,68,1,1,1.0,33.1,0,18.49,3.57,2.84,9.78,1,0,0,0,0,0
6663,88,0,0,1.0,26.9,0,14.35,5.58,3.8,5.99,1,0,0,0,0,0
6404,190,1,1,2.0,21.0,1,19.58,6.07,3.38,4.25,0,0,1,0,0,0
5312,74,1,0,2.0,18.1,0,13.78,7.73,0.61,4.33,0,0,0,0,0,0
4845,64,0,0,1.0,18.1,0,2.57,8.15,4.64,8.2,1,0,0,0,0,1
6825,77,Female,0,2.0,21.3,0,10.54,3.61,6.5,6.52,0,0,0,0,0,0
6379,64,1,2,2.0,37.2,1,11.28,9.38,0.41,9.49,0,1,0,0,0,0
5415,69,1,0,2.0,38.0,0,5.41,8.66,8.26,7.04,0,0,0,0,0,0
6611,79,1,2,0.0,37.2,0,19.35,6.82,8.9,4.07,0,0,0,1,0,0
5841,62,1,0,3.0,18.7,1,7.16,7.19,6.12,4.56,1,0,0,0,0,0
5788,89,1,0,1.0,20.1,1,13.26,4.9,3.8,4.61,0,1,0,1,0,0
5359,67,0,0,1.0,,0,6.16,4.82,2.59,5.34,0,0,0,0,0,0
6523,79,0,0,,35.2,0,12.21,8.6,7.71,4.89,1,0,0,0,0,0
6612,71,1,0,1.0,27.6,0,12.04,8.73,2.19,5.52,0,0,0,0,0,0
5955,67,1,0,2.0,16.0,0,5.71,5.18,6.59,9.52,0,0,0,0,0,0
6262,79,0,0,0.0,25.7,1,0.2,1.67,9.95,7.35,0,1,1,0,0,0
5855,89,1,2,0.0,39.5,0,4.25,3.22,4.47,4.13,1,1,0,0,1,0
5499,60,1,0,1.0,16.2,0,8.05,9.8,3.2,6.22,0,0,0,0,0,0
6556,68,1,0,1.0,26.6,0,1.76,8.73,4.66,4.68,0,1,0,1,0,1
6683,70,0,3,1.0,30.4,1,14.74,2.62,6.68,7.76,0,0,0,0,0,0
5590,82,1,0,0.0,20.6,0,17.35,1.17,3.15,8.75,0,0,0,1,1,0
6256,73,1,1,1.0,37.6,0,7.99,2.34,6.47,6.11,0,0,1,0,0,0
5972,81,1,0,1.0,37.6,1,19.59,5.52,4.7,8.2,0,0,0,1,0,1
4911,85,1,0,2.0,22.9,0,17.59,5.11,5.11,8.63,1,0,0,1,0,0
6727,63,0,0,3.0,24.9,1,1.98,1.68,9.16,8.13,0,1,0,1,0,0
6883,65,1,0,1.0,18.5,No,8.26,5.24,8.46,6.68,0,0,1,0,0,0
5897,62,0,0,1.0,,0,19.92,1.64,8.91,4.04,0,0,0,1,0,0
5804,85,1,3,2.0,38.6,0,13.84,3.51,8.25,4.33,0,0,0,0,0,0
6753,64,M,1,3.0,21.9 kg/m2,0,8.38,3.31,9.47,6.52,0,0,1,1,0,1
5171,69,1,0,1.0,28.9,0,13.67,7.6,6.95,5.86,0,0,0,0,0,0
6316,90,1,1,3.0,15.3,1,11.95,6.91,2.75,8.7,0,0,0,0,0,0
5037,82,1,3,2.0,23.0,1,15.51,1.39,8.44,8.16,0,0,0,0,1,0
5882,67,1,0,2.0,15.5,1,14.01,0.9,5.74,4.56,0,0,0,0,0,0
5651,84,0,0,1.0,31.8,1,11.58,0.49,1.71,6.6,0,0,0,0,0,0
4767,63,1,1,2.0,22.8,1,4.43,7.18,7.93,4.65,0,1,0,0,0,0
6385,84,1,0,0.0,34.9,0,7.07,5.89,8.6,6.32,0,0,0,0,0,0
6528,77,1,0,1.0,28.1,0,8.22,2.76,9.23,8.58,0,0,0,0,0,0
5678,77,1,3,0.0,17.4,0,16.79,8.35,5.65,7.13,0,0,0,0,0,0
4881,76,Male,3,0.0,22.4,0,7.64,9.5,5.79,7.98,0,0,0,0,0,0
5994,84,1,3,0.0,37.8,0,10.59,7.4,1.85,9.27,1,0,0,0,0,1
5759,73,0,0,1.0,38.3,0,9.87,8.74,5.15,7.77,0,0,0,1,0,0
4886,78,1,0,1.0,16.9,No,9.6,7.9,6.63,7.12,0,0,1,0,0,0
5808,63,0,0,0.0,30.6,0,8.28,4.76,2.5,6.73,0,0,0,1,0,0
5968,78,0,1,2.0,34.2,0,19.01,6.47,0.11,5.56,0,0,0,0,0,0
6644,68,0,0,2.0,,1,16.96,8.89,7.8,8.97,1,0,0,0,0,0
4962,73,0,0,1.0,33.0,1,14.05,3.69,6.05,4.1,0,0,0,0,0,0
6425,71,1,0,0.0,21.8,0,3.91,7.57,2.29,7.36,0,0,0,0,0,1
5642,90,1,0,2.0,24.6,0,9.71,2.14,3.74,4.3,0,0,0,0,0,0
5025,82,0,0,1.0,40.0,0,5.76,1.68,4.85,4.55,1,0,0,0,0,0
4839,87,1,3,2.0,,0,14.23,0.83,9.8,8.47,0,0,1,0,0,0
5623,63,0,0,1.0,38.9,0,0.9,2.12,5.06,7.42,0,0,0,0,0,0
6089,89,0,2,3.0,15.8,0,1.43,0.09,2.67,6.11,1,0,0,1,0,1
5049,66,1,0,0.0,20.6,0,2.06,8.45,6.59,5.46,0,0,0,0,0,0
6886,60,1,0,2.0,15.4,No,15.61,3.43,3.35,8.41,0,0,0,1,1,0
6095,61,1,0,2.0,23.4,1,4.76,3.31,4.0,4.26,0,0,0,1,0,0
5353,70,1,3,2.0,37.0,0,14.54,3.8,9.58,7.43,0,0,0,0,0,0
6329,65,1,0,1.0,15.0,0,2.42,1.3,3.84,8.77,0,0,0,1,0,0
5542,61,1,0,2.0,26.2,0,15.67,3.63,9.03,5.14,0,1,0,0,0,0
6728,66,0,0,2.0,26.8,0,9.17,4.57,2.78,8.77,0,0,0,1,0,0
5971,61,0,1,0.0,15.4,No,10.34,4.43,7.12,6.95,0,0,0,0,0,0
4854,88,1,0,1.0,16.5,0,16.32,1.01,4.71,9.38,1,0,1,0,0,0
6472,77,1,0,1.0,28.5,Yes,19.6,0.41,2.93,6.64,1,0,0,0,0,0
4967,69,0,0,1.0,23.1,Yes,19.75,0.97,6.91,4.14,0,0,0,0,1,0
4796,68,1,0,1.0,26.8,0,19.69,1.23,7.7,6.72,1,1,0,0,0,0
6453,72,1,0,1.0,24.1,0,10.31,7.84,1.3,5.36,1,1,1,0,0,0
5699,70,1,0,1.0,25.5,1,19.02,4.46,5.94,4.44,0,0,0,0,0,0
6757,60,0,0,1.0,19.9,1,6.38,4.61,7.43,9.71,0,0,0,0,0,0
6568,81,F,2,3.0,25.0,0,7.29,2.27,1.73,9.33,1,0,0,1,0,0
6459,69,1,2,1.0,37.0,0,3.16,6.28,8.73,6.27,1,1,0,1,0,0
5279,89,0,0,,34.9 kg/m2,0,10.92,3.99,1.26,4.83,0,0,0,1,1,0
6741,69,1,0,0.0,25.0,0,18.65,1.22,4.66,7.97,0,1,0,0,0,0
5558,79,1,2,1.0,25.1,0,4.58,8.48,2.09,5.69,0,0,0,1,0,0
5232,88,1,3,1.0,15.4,0,7.78,8.83,6.3,4.72,0,0,0,0,0,0
6646,82,1,2,1.0,23.1,0,19.97,7.3,2.17,4.34,0,0,0,0,0,0
5199,83,0,2,0.0,26.8,0,13.24,9.07,7.24,4.62,0,0,0,0,0,0
5723,81,0,0,0.0,34.0,0,4.87,1.89,7.64,4.59,0,0,0,0,0,0
5322,78,1,0,0.0,23.8,0,13.41,2.55,3.98,9.23,0,0,0,0,0,0
4861,76,1,0,1.0,34.6,1,6.86,6.22,2.3,5.85,0,1,0,0,0,0
6053,90,1,0,0.0,24.8,0,17.43,6.33,0.96,8.01,0,0,0,1,0,0
6816,88,0,1,0.0,23.7,0,7.99,4.19,1.7,4.47,0,1,1,0,0,0
5779,60,Male,0,2.0,20.9,0,4.51,7.1,0.69,4.32,0,0,0,1,0,0
6218,69,1,3,2.0,30.7,1,15.32,9.8,5.86,7.81,0,1,0,1,0,0
5597,74,1,0,1.0,34.8,0,18.07,1.86,1.34,4.53,0,1,0,0,0,1
5916,83,1,0,3.0,35.0,1,3.23,1.92,5.52,4.48,0,1,0,0,0,0
5837,61,1,0,2.0,19.0,0,15.21,1.96,7.58,7.97,0,0,0,0,1,0
4813,80,Female,0,3.0,26.3,0,15.32,2.31,9.09,4.07,1,1,0,0,0,0
6010,81,1,0,0.0,18.4,1,7.1,3.1,1.58,8.4,0,0,1,0,0,0
6016,70,1,0,2.0,32.4,1,1.54,4.43,5.05,5.16,0,0,0,0,0,0
5083,65,Male,0,1.0,24.9,0,1.17,6.71,8.11,6.37,0,0,1,0,0,1
6517,89,Female,0,1.0,29.6,1,11.3,8.14,9.98,8.13,0,1,0,0,0,0
4752,89,0,0,0.0,26.8,0,4.54,7.62,0.52,7.15,0,0,0,0,0,0
6711,76,1,0,1.0,17.0,1,6.58,8.56,0.45,9.96,0,1,0,0,0,1
6179,82,1,0,1.0,37.0,0,12.32,2.45,7.01,5.3,0,0,1,0,0,0
4893,82,0,1,2.0,35.0,0,19.68,7.73,8.57,9.37,1,1,0,0,0,0
5380,71,1,0,0.0,36.8,0,5.51,4.9,1.96,5.6,0,1,0,0,0,0
5671,76,0,3,0.0,21.9,1,8.78,5.96,4.36,6.97,1,0,0,0,0,0
5838,76,1,0,0.0,26.2,0,3.0,3.8,6.63,7.56,0,0,0,0,0,0
6654,79,1,2,3.0,20.7,0,6.83,7.73,1.03,7.61,0,0,0,0,0,0
6824,67,1,1,1.0,23.4,0,18.64,2.75,6.55,9.12,0,0,0,1,0,1
6535,90,0,2,1.0,34.6,0,12.47,7.89,7.69,6.71,0,0,1,0,0,0
6794,77,1,0,2.0,23.7,1,12.82,9.72,3.82,8.31,0,0,0,0,1,0
5830,81,1,0,0.0,25.9,0,3.81,5.2,9.81,6.76,1,0,0,0,0,0
4949,76,1,1,2.0,18.1,0,3.88,2.04,1.42,8.54,0,1,0,0,0,0
5211,62,0,1,1.0,17.9,0,13.53,9.59,4.27,8.25,0,0,1,0,0,0
4910,63,1,0,1.0,26.0,0,17.37,6.07,1.74,9.3,1,0,0,0,0,0
6729,68,1,0,0.0,30.6,1,2.11,1.94,4.66,9.02,0,0,1,0,0,1
5961,86,1,3,1.0,29.1,1,12.34,2.97,0.49,9.47,0,0,0,0,1,0
5929,69,0,0,2.0,16.2,Yes,18.57,2.02,9.9,5.46,0,0,0,1,0,0
6189,83,F,1,3.0,28.4,0,9.99,9.89,9.58,8.35,0,0,0,0,0,0
6599,83,1,2,1.0,32.2,0,8.7,1.51,0.09,4.86,1,0,0,1,0,0
4834,76,1,0,1.0,39.3,0,19.68,7.64,3.42,4.21,1,0,0,0,0,1
5708,68,1,0,1.0,34.1,0,4.11,4.71,2.26,7.76,1,1,0,0,0,0
6426,83,1,0,,36.7,1,0.43,6.56,3.78,7.81,0,0,0,0,0,0
6520,79,1,0,1.0,24.7,1,10.94,7.46,3.95,4.06,0,0,0,0,0,0
5930,82,0,3,0.0,18.8,0,2.94,0.73,5.88,7.55,1,0,0,1,0,1
5178,71,1,0,,,0,16.15,2.87,5.81,8.63,0,0,0,1,0,1
5040,66,0,0,1.0,23.4,0,8.33,6.48,3.94,7.99,0,1,0,0,0,0
6610,77,1,0,2.0,16.8,1,5.25,6.51,4.29,4.11,0,0,0,0,0,0
5280,75,0,1,0.0,30.7,0,5.68,7.39,1.78,7.16,0,0,0,0,0,0
6115,78,Male,1,2.0,36.6,0,9.04,7.12,0.95,8.24,1,0,0,0,0,0
6412,77,0,0,3.0,15.2,0,13.14,9.21,7.07,9.96,0,0,0,0,0,0
6257,61,0,1,2.0,20.2,0,10.48,0.46,4.34,4.31,0,0,0,0,0,0
5520,61,0,1,0.0,19.4,No,7.0,1.28,7.26,8.41,0,0,1,0,0,0
5350,79,0,0,1.0,31.3 kg/m2,0,10.8,0.69,2.69,7.1,0,0,0,0,0,1
5152,85,1,0,0.0,17.1 kg/m2,1,15.27,2.43,9.19,6.61,1,0,1,1,0,0
5390,86,0,0,0.0,39.2,0,9.22,1.48,6.04,9.48,0,0,0,1,0,0
6464,85,1,2,1.0,21.2,1,6.51,7.29,7.46,4.65,1,0,1,0,0,1
4905,77,1,0,1.0,17.4,0,13.72,5.62,8.11,4.66,0,0,0,0,0,0
6555,77,1,0,0.0,35.6,1,18.94,6.31,7.16,9.48,0,0,0,0,0,0
6564,85,0,0,2.0,35.1,0,15.45,7.13,9.59,5.57,0,0,0,0,0,0
6213,72,0,0,,21.8,0,0.18,8.12,1.58,4.14,1,1,0,0,0,0
5046,7,0,1,1.0,25.8,0,7.31,6.93,6.28,8.97,0,1,1,0,0,0
6818,79,M,0,1.0,30.7,1,8.54,2.97,3.17,4.4,0,0,0,0,0,0
5610,82,1,0,0.0,22.5,0,4.25,5.78,8.08,9.38,0,0,1,0,1,0
5203,60,1,3,2.0,24.3,0,13.81,9.55,9.48,4.15,1,1,0,0,0,0
5332,79,0,0,1.0,18.8,0,13.31,9.12,7.2,6.94,1,0,0,0,0,0
5030,64,1,1,0.0,34.8,0,3.38,8.64,6.89,5.6,0,0,0,0,0,1
6342,81,0,1,0.0,38.2,1,13.44,1.54,4.02,5.83,0,0,0,1,0,0
6228,80,1,0,1.0,21.8,0,2.66,9.78,6.01,4.99,1,0,0,0,0,0
5469,84,1,2,0.0,33.8,0,0.49,4.72,2.0,9.74,0,0,0,0,0,1
5574,64,0,2,1.0,30.4,0,2.4,3.97,3.05,8.28,1,0,0,0,0,0
5383,65,0,0,0.0,31.1,0,19.01,7.8,9.01,7.95,1,0,1,0,0,0
6399,88,0,1,1.0,15.3,0,10.49,9.26,2.25,4.5,1,0,0,1,0,0
6895,61,0,0,1.0,39.1,0,1.56,4.05,6.56,7.54,0,0,0,0,0,0
5346,65,1,0,2.0,32.2,0,10.85,2.05,0.2,8.05,0,1,0,1,0,0
5326,70,0,0,2.0,30.3,0,1.26,2.49,5.26,8.75,1,0,0,0,0,0
5785,70,0,1,1.0,22.4,1,0.88,4.24,0.48,8.14,0,0,0,0,0,1
5449,74,1,0,1.0,27.0,0,0.02,4.64,7.91,6.85,0,0,0,0,0,0
5632,67,1,0,1.0,16.8,0,3.62,6.11,1.04,7.84,1,0,1,1,0,0
5501,70,0,1,0.0,38.8,0,8.33,4.31,1.18,8.27,0,0,0,0,0,1
5065,61,Male,0,1.0,37.7,1,2.48,3.04,7.18,6.86,0,0,0,0,0,0
5875,79,1,0,0.0,34.8,0,18.8,1.2,7.5,5.63,0,0,0,0,0,0
6872,61,0,0,3.0,25.5,0,4.23,2.8,4.22,4.51,0,0,1,0,1,0
6434,88,0,3,2.0,19.0,1,6.05,0.36,6.51,9.83,0,1,0,0,0,0
6449,82,0,0,1.0,26.2,1,11.95,4.96,6.66,7.27,0,1,0,0,0,0
5177,72,1,0,1.0,23.3,0,2.35,3.19,8.75,4.29,1,0,0,0,0,1
6359,78,0,0,1.0,39.0,1,8.65,7.23,7.42,4.11,0,0,0,0,0,0
4926,89,0,3,0.0,34.1,0,10.37,4.04,6.92,4.68,0,0,0,0,0,0
6709,61,0,0,,35.2,0,3.74,6.42,1.54,4.96,1,0,0,0,0,1
5344,76,1,0,2.0,38.8,1,9.01,8.3,7.89,5.93,0,0,1,0,0,1
5895,76,0,1,2.0,20.6,1,10.41,5.48,1.73,9.56,0,0,0,0,0,0
5241,77,1,0,0.0,27.7,0,9.78,5.08,5.15,4.56,0,0,1,0,0,0
5272,77,1,1,3.0,31.0,1,4.26,2.98,5.72,9.76,0,0,0,1,0,0
5667,65,0,0,1.0,29.0,0,7.24,8.59,9.87,5.11,1,0,0,0,0,0
5242,71,0,0,3.0,17.5,0,2.5,0.66,7.38,9.01,0,0,0,0,1,0
5173,74,M,0,0.0,16.3,0,4.61,6.41,7.76,7.01,0,0,0,0,0,0
5757,84,1,0,1.0,29.5,0,11.63,8.01,8.73,8.34,0,0,0,0,1,0
5959,61,1,0,1.0,28.1 kg/m2,0,12.69,2.42,4.06,4.28,0,0,0,0,0,0
5575,85,0,0,1.0,32.0,1,17.44,9.1,8.93,6.46,0,0,0,0,0,1
5734,68,0,0,0.0,33.9,1,3.68,5.82,7.6,8.44,0,0,1,1,0,1
5550,63,0,2,1.0,24.1,0,4.89,8.6,6.18,9.39,1,1,0,1,1,0
6264,78,0,0,2.0,28.1,1,10.59,5.7,7.91,9.92,0,0,0,0,0,0
5598,75,0,0,1.0,15.4,0,10.99,9.22,5.19,7.83,0,0,1,0,0,0
6137,72,1,0,1.0,35.4,1,16.98,4.19,5.48,7.21,1,0,0,0,0,0
5194,65,0,2,2.0,29.6,0,5.39,0.97,8.84,6.57,0,0,0,0,0,1
5747,83,0,3,1.0,33.0,0,18.8,7.43,2.28,9.82,0,0,0,0,0,0
5638,84,1,0,1.0,34.2,0,18.35,2.97,2.8,9.01,1,0,0,0,0,0
6853,62,1,3,1.0,26.1,0,6.13,7.04,1.22,4.18,0,0,1,0,0,0
6712,69,0,0,2.0,16.7,No,10.67,7.96,0.97,6.55,1,0,0,0,0,0
6540,77,0,0,1.0,34.9,0,12.41,0.12,6.76,5.8,1,0,0,0,0,0
5515,71,1,0,2.0,18.6,0,16.47,0.17,8.94,6.93,0,0,0,0,0,0
6120,86,1,1,1.0,32.5,0,13.53,3.24,4.32,8.74,0,0,1,0,0,0
4805,80,0,0,0.0,28.2,0,4.99,8.19,4.43,8.55,1,0,0,0,0,0
6865,84,Male,0,2.0,21.1,0,16.06,1.66,7.5,4.57,0,0,0,0,0,0
5672,63,1,0,0.0,,0,16.64,4.91,7.67,9.86,1,0,0,1,0,0
6344,79,Male,0,1.0,17.1,0,13.62,9.96,4.06,6.45,0,0,0,0,0,0
6505,76,Male,0,2.0,19.7,0,11.48,9.91,1.79,8.64,1,0,0,1,0,0
4977,70,1,0,2.0,28.9,0,6.43,1.12,8.24,6.03,0,0,0,1,0,0
5728,61,0,0,0.0,19.1,0,3.73,0.37,4.13,5.11,0,0,1,0,0,0
5391,68,1,1,1.0,34.4,0,15.74,0.98,2.82,7.56,1,0,1,0,0,0
5160,84,0,3,2.0,26.3,0,6.11,7.03,1.14,6.34,0,0,0,0,0,0
4763,84,1,0,1.0,26.8,0,10.98,3.98,7.02,8.25,1,0,0,1,0,0
5960,72,0,1,2.0,,0,4.45,0.77,4.98,7.72,0,1,1,0,0,0
5155,68,0,0,0.0,19.1,0,4.29,2.29,5.79,6.72,0,1,0,0,0,0
5783,69,1,2,0.0,30.7,0,0.44,2.07,7.21,4.82,0,0,0,0,0,0
4824,75,1,0,1.0,23.6,Yes,9.66,0.12,0.3,5.4,0,0,0,0,0,0
4946,87,1,1,2.0,39.7,1,8.25,8.85,7.0,6.92,0,0,0,0,1,0
5150,80,F,2,1.0,37.3,0,18.13,9.72,3.53,6.22,0,0,0,0,0,0
6411,73,0,0,3.0,34.9,0,0.85,7.81,3.04,9.56,0,0,1,0,0,0
5059,69,0,1,1.0,17.7,0,13.45,4.01,2.53,5.63,1,0,0,0,0,0
6122,79,1,3,1.0,30.1,0,10.39,6.61,3.6,8.07,0,0,0,0,0,0
6346,87,1,2,2.0,30.5,1,11.88,3.13,9.1,7.2,1,1,0,0,0,0
6108,81,Female,1,1.0,26.9,0,14.52,8.14,1.4,4.64,0,0,1,1,0,0
6500,77,0,0,1.0,23.6,0,0.43,1.15,1.9,5.27,1,0,0,1,0,0
5952,77,0,0,1.0,18.1,1,1.81,4.55,3.08,8.41,0,0,1,1,0,0
5844,67,0,0,1.0,28.2,0,12.7,8.32,5.88,8.51,0,0,0,0,0,0
4966,78,1,3,2.0,31.6,1,4.36,4.07,9.35,8.55,1,0,0,0,0,0
6789,72,0,0,3.0,24.7,0,15.14,6.74,2.02,9.14,0,0,1,0,0,0
6898,78,1,3,1.0,15.3,0,8.67,6.35,1.26,8.32,0,1,0,0,0,0
4914,69,0,0,3.0,25.1,1,19.79,1.46,3.9,5.25,1,0,1,1,0,1
6506,87,1,2,0.0,22.7,0,14.91,8.79,1.29,9.01,1,0,0,0,0,0
5222,68,0,0,1.0,20.6,1,14.61,8.48,7.92,5.09,0,0,0,0,1,0
5310,66,0,3,0.0,28.3,1,16.11,9.59,6.99,8.96,0,0,0,1,0,0
6749,63,1,3,0.0,32.3,0,18.13,9.5,0.92,4.56,0,0,1,1,1,0
6594,69,1,3,2.0,33.7,0,14.18,0.87,8.35,4.18,0,0,0,1,0,0
5289,89,1,0,2.0,37.6,0,11.02,6.05,1.12,7.43,0,0,0,0,0,0
5811,72,1,0,2.0,21.6,0,0.94,5.81,9.35,7.88,1,0,0,0,0,0
6154,88,M,3,2.0,19.4,1,9.83,7.93,1.83,7.25,0,0,0,0,0,0
6634,75,1,3,0.0,15.4,0,16.82,5.4,0.67,6.29,1,1,0,0,0,1
5031,83,1,0,1.0,39.2,1,5.4,3.0,8.01,8.59,0,0,1,0,0,0
6880,75,1,1,0.0,36.6,0,0.59,5.29,7.54,8.34,0,0,0,0,0,1
5625,71,0,1,0.0,39.3,1,18.15,0.08,0.89,7.8,1,0,0,1,0,1
5247,79,1,0,1.0,36.7,No,2.0,0.74,5.02,4.52,0,0,0,0,0,1
5062,71,1,2,3.0,17.1,0,18.05,0.47,6.89,9.8,0,0,1,0,0,0
4882,60,0,1,1.0,16.2,0,4.72,3.76,3.39,9.64,0,0,0,0,0,0
5002,88,F,0,1.0,39.0,0,17.86,9.75,9.78,4.97,0,0,0,0,1,0
6723,72,Female,0,1.0,38.6,0,5.37,2.88,4.06,7.01,1,0,0,1,0,0
5245,64,1,1,1.0,23.9,0,12.51,8.48,9.68,8.46,0,1,0,0,0,0
6139,66,0,0,2.0,36.9 kg/m2,0,19.71,8.72,3.32,9.53,0,0,0,0,0,0
6704,70,0,1,0.0,19.0,0,11.11,7.61,4.64,4.42,0,0,0,1,1,0
4887,76,0,0,1.0,31.6,0,6.26,3.7,7.99,5.18,0,0,1,0,0,0
6823,68,0,0,3.0,34.2,Yes,3.45,0.48,4.62,8.09,0,1,0,0,0,0
5398,68,0,3,0.0,35.5,0,9.01,1.87,9.62,7.75,0,0,0,0,0,0
5345,85,0,3,1.0,23.7 kg/m2,0,9.41,0.07,0.48,7.44,0,0,0,0,0,0
6545,76,1,1,2.0,36.2,1,11.03,9.53,7.25,4.36,0,1,0,0,0,0
5866,68,0,0,2.0,,0,11.04,8.15,8.72,5.9,0,0,1,0,0,0
5335,90,F,1,1.0,19.1,0,3.1,3.03,0.81,7.46,0,0,0,1,0,0
5561,87,0,0,2.0,30.2,0,1.65,7.28,5.16,6.22,0,0,0,1,0,0
5529,88,1,3,1.0,17.5,0,0.69,7.9,2.91,7.54,1,0,1,0,0,0
6231,86,0,0,2.0,23.7,0,2.93,5.04,1.97,9.44,0,0,0,1,0,0
6653,84,0,0,2.0,18.0,1,3.78,4.52,7.42,8.71,0,0,0,0,0,0
5029,80,0,1,1.0,23.9 kg/m2,No,17.94,9.84,4.18,5.34,0,0,0,1,0,1
5110,61,0,0,2.0,37.8,1,12.31,3.35,1.79,5.12,0,1,0,0,0,0
5863,72,1,1,0.0,16.9,0,8.47,1.68,7.52,9.62,0,0,0,0,0,0
5917,89,0,0,1.0,19.7,0,9.9,7.07,4.98,6.23,0,0,0,0,0,1
6364,87,0,0,0.0,26.6,0,1.56,5.31,2.4,7.92,1,1,0,0,0,0
5458,80,0,0,2.0,21.3,0,2.36,1.99,9.38,4.45,0,0,1,0,0,1
6714,68,0,0,0.0,25.3,0,15.0,9.33,0.08,6.98,0,0,0,0,0,0
4990,67,1,1,2.0,28.0,0,13.89,7.01,8.86,7.25,0,1,0,1,0,0
5101,77,1,0,1.0,36.3,0,15.18,9.41,4.38,5.22,0,0,0,0,0,0
6048,88,1,0,1.0,39.4,0,4.68,4.26,2.26,7.46,0,0,0,0,0,0
6290,86,0,1,1.0,24.3,0,16.03,5.9,6.99,6.14,0,0,0,0,0,0
6065,89,0,2,2.0,30.8,0,5.53,1.0,7.59,8.0,1,0,0,0,1,0
5868,80,0,3,0.0,27.3,0,5.49,3.88,0.79,6.92,0,0,0,0,0,0
6081,86,1,1,0.0,29.3,0,9.69,2.62,6.98,7.41,0,0,0,0,0,0
6321,90,1,3,3.0,23.1,1,16.69,2.53,1.81,6.32,0,0,1,1,0,0
6790,62,1,0,0.0,16.9,0,5.14,2.62,7.52,7.16,0,0,0,0,0,0
6301,80,0,0,3.0,,1,18.53,5.63,6.28,7.2,0,1,0,0,0,0
5410,65,0,2,0.0,39.3,0,5.58,3.07,1.88,6.46,0,1,0,0,0,0
6318,67,0,0,0.0,28.6,0,11.61,4.63,9.06,7.07,0,0,1,0,0,0
5701,71,0,0,1.0,39.6,0,10.85,8.13,4.2,4.42,0,0,0,0,0,0
5898,90,1,3,0.0,24.3,1,12.06,5.98,9.32,4.21,0,0,0,0,0,0
5321,67,0,3,1.0,31.8,1,18.36,6.73,6.51,5.6,1,0,1,0,1,0
6532,87,0,0,3.0,25.2,0,13.18,0.34,6.84,8.0,0,0,0,0,0,0
6197,63,1,0,1.0,28.1,1,12.63,8.03,0.26,4.16,0,1,0,0,0,1
5735,87,1,0,1.0,15.4,0,7.55,1.81,5.9,6.49,0,0,0,0,0,0
6233,89,1,0,3.0,19.6,0,12.03,2.15,0.11,8.91,1,0,0,0,0,0
5400,90,Female,0,,39.6,0,15.99,6.46,5.53,8.18,0,0,0,0,0,0
5798,70,1,0,1.0,22.1,0,3.6,8.84,5.42,6.66,0,0,1,0,0,0
5308,72,0,0,1.0,37.6,0,13.85,2.8,7.25,5.02,0,0,0,0,0,0
5619,68,0,3,1.0,15.1,0,5.55,0.07,6.83,5.11,1,0,0,0,0,0
5762,69,1,3,0.0,33.5,0,19.91,2.03,9.15,9.25,0,0,0,0,0,0
5641,88,0,2,,39.9,1,2.31,2.25,9.42,7.89,0,0,0,1,0,0
6482,80,0,0,2.0,16.8,1,18.96,8.44,6.37,5.64,0,1,0,1,0,0
6114,73,1,3,0.0,30.7,0,0.91,5.13,4.28,4.61,0,0,0,0,0,0
4778,71,0,0,2.0,18.4 kg/m2,0,15.92,9.99,2.03,6.09,1,0,0,0,0,0
5176,76,1,2,1.0,33.7,1,11.03,9.09,0.68,5.44,0,0,1,0,1,0
5578,75,Male,1,3.0,36.7,0,0.08,4.64,6.81,7.5,0,0,0,0,0,0
6476,70,1,0,2.0,32.7,1,10.17,4.68,1.19,8.84,1,0,0,0,0,0
6296,69,0,0,1.0,21.2,0,18.18,3.88,0.32,6.96,0,1,0,0,0,0
6099,62,1,1,3.0,16.8,0,11.56,0.44,2.72,7.57,0,0,1,0,0,0
5389,70,0,0,0.0,39.2,0,14.76,6.01,8.2,8.89,0,0,0,0,0,0
6651,75,0,3,2.0,26.4,0,2.49,8.76,4.9,4.49,0,1,0,0,0,0
5763,82,0,1,1.0,23.5,0,9.36,4.84,7.36,9.65,0,0,1,1,0,1
6891,89,0,1,2.0,34.4,0,7.77,0.95,5.73,4.92,0,1,0,0,0,1
5238,70,0,0,0.0,16.3,1,15.43,8.13,6.01,5.92,1,0,1,0,0,0
5879,72,0,0,1.0,39.2,0,16.84,9.15,3.3,8.51,1,0,1,0,0,1
6125,75,1,0,0.0,26.9,0,0.68,9.11,6.74,4.5,0,0,1,1,0,0
5996,86,1,0,0.0,16.7,0,1.95,5.8,6.07,9.6,0,0,0,0,0,0
6643,72,1,0,1.0,20.0,No,17.39,2.39,1.36,5.59,1,1,0,0,0,0
5246,85,0,0,2.0,34.0,0,10.74,4.25,0.34,6.23,1,0,0,0,1,0
5348,66,1,0,2.0,17.2,0,0.91,2.18,2.14,9.33,0,0,1,0,0,0
5761,60,0,1,0.0,18.2,No,9.68,7.76,9.24,9.31,0,1,0,0,0,0
5982,84,1,3,1.0,36.2,0,16.23,1.15,8.02,9.7,1,0,0,0,0,0
5611,71,Male,2,2.0,16.1,1,19.9,9.97,6.02,8.18,0,0,0,0,0,0
6129,77,1,0,1.0,32.6,0,4.0,0.51,4.78,5.4,0,0,0,0,0,0
5909,88,0,0,1.0,15.6,0,13.97,4.58,8.36,6.9,0,0,0,0,0,1
4841,74,Male,3,1.0,26.4,0,16.68,5.37,9.67,7.09,0,0,0,0,0,1
4801,81,0,2,2.0,15.6,No,15.65,6.85,0.16,8.35,0,0,1,0,0,0
6446,78,1,0,1.0,20.7,1,2.04,2.8,8.12,6.67,1,0,0,0,0,1
5540,69,Female,0,1.0,34.5,0,19.08,1.39,7.96,9.12,0,0,0,0,0,1
5013,61,1,0,2.0,31.0,1,2.67,2.58,8.09,8.29,0,1,0,1,0,0
5462,60,0,0,0.0,20.4,0,16.79,3.38,1.74,7.63,0,0,0,1,0,0
6100,76,Male,0,1.0,31.4,0,8.25,5.28,9.77,7.82,0,0,0,0,0,0
6845,85,Male,0,0.0,24.4,0,2.89,3.49,9.32,5.3,0,0,0,1,0,0
4899,64,0,0,2.0,25.3 kg/m2,1,19.7,6.89,5.97,5.19,1,0,0,0,0,0
6544,66,0,3,1.0,18.1,0,16.27,1.68,2.45,8.02,0,0,0,0,0,0
6675,83,1,0,1.0,34.1,1,5.79,4.92,9.82,8.18,0,0,1,0,0,1
4829,82,1,3,2.0,15.9,0,16.33,1.92,6.61,6.15,0,1,1,0,0,0
6375,89,1,3,2.0,15.0 kg/m2,0,4.68,8.8,2.16,8.3,1,0,0,1,0,0
6221,73,1,0,1.0,31.2,0,15.97,4.12,3.05,5.67,0,0,1,0,0,0
5748,60,0,2,2.0,23.1 kg/m2,0,16.41,8.74,4.94,9.88,0,0,0,0,0,0
4786,70,M,0,2.0,22.8,1,17.82,3.77,6.63,4.87,0,0,0,0,0,0
4985,70,1,1,2.0,35.5,0,10.15,4.24,4.13,6.64,0,0,0,0,0,1
6863,66,F,1,2.0,31.2 kg/m2,0,13.71,4.07,6.15,8.77,0,0,0,0,0,1
5074,70,1,1,,17.7,0,7.05,0.5,0.95,5.43,1,1,0,1,0,1
6001,72,1,1,1.0,20.8,0,10.07,3.48,8.64,9.25,0,1,0,0,1,1
5781,83,1,0,1.0,17.2,0,18.38,5.08,1.96,6.12,1,0,1,0,1,0
6178,70,1,0,1.0,34.9,0,2.21,9.45,0.18,9.72,0,0,0,0,0,0
6893,88,0,0,0.0,20.1 kg/m2,0,4.09,7.39,2.88,6.27,0,0,0,0,0,1
5566,78,1,0,2.0,39.0,0,0.86,2.55,4.41,4.51,1,0,0,1,0,0
6188,89,Male,0,3.0,38.0,0,14.32,8.24,0.91,7.57,0,0,1,0,0,0
5146,68,0,2,1.0,28.0,1,3.75,1.89,6.64,4.99,0,0,0,0,0,0
6583,71,0,0,3.0,22.8,0,15.25,0.26,9.94,6.42,1,0,0,0,0,0
6269,78,0,0,0.0,24.5,1,17.08,0.23,3.12,5.44,0,0,0,0,0,0
6703,72,1,1,2.0,23.0,0,14.07,7.53,8.51,6.63,1,0,0,0,1,0
5254,80,0,1,2.0,21.2,0,19.07,4.54,1.32,6.55,0,0,0,1,0,0
6524,72,0,1,3.0,30.4,0,7.73,9.42,9.71,5.84,0,0,0,1,0,0
5134,90,1,3,1.0,25.5,1,3.04,9.92,0.73,5.4,0,0,0,0,1,0
5061,72,1,2,2.0,16.0,0,16.78,5.19,2.28,9.67,1,0,1,0,1,0
5655,73,0,0,2.0,26.8,0,17.36,2.64,1.82,7.03,0,0,0,0,1,0
5271,78,F,3,1.0,31.9,0,5.71,6.59,8.07,6.52,0,0,0,1,0,0
6276,81,Male,0,0.0,38.2,0,1.78,5.88,5.31,9.35,0,0,0,0,1,1
5510,77,1,0,3.0,36.4,1,0.5,7.62,8.65,8.64,0,0,1,0,0,0
4940,90,0,0,0.0,38.8 kg/m2,No,13.76,7.44,1.48,6.1,0,1,0,0,0,0
6258,82,1,0,0.0,32.9,0,7.86,7.5,7.52,5.97,0,0,0,1,1,0
5414,63,1,0,1.0,24.7,0,15.59,0.83,4.99,8.15,0,0,0,0,0,1
5766,69,1,0,0.0,20.8,0,5.61,5.68,1.36,7.39,1,0,0,1,0,0
5325,68,0,1,0.0,25.3,1,4.89,6.24,7.66,4.95,1,1,0,1,0,0
5066,80,1,0,1.0,29.1,0,10.33,2.42,9.72,9.57,0,0,0,0,0,1
5493,84,1,3,1.0,32.7,1,1.85,0.57,2.64,7.22,0,0,0,0,0,0
6017,63,1,2,1.0,26.8,0,2.16,6.47,0.01,9.51,1,0,0,0,0,0
6766,66,0,2,1.0,24.4,0,6.54,2.37,6.66,9.16,0,0,0,0,0,0
6343,71,M,0,1.0,20.6,0,3.42,5.08,8.55,6.24,0,1,0,0,0,0
5537,67,0,0,0.0,39.4,1,0.79,5.09,3.86,7.56,1,0,0,0,1,0
6521,69,0,0,1.0,17.6,0,2.95,3.79,8.79,7.48,0,0,0,1,0,1
5712,90,0,0,1.0,16.4,0,10.35,5.19,7.81,4.12,0,0,0,0,1,0
4777,72,1,0,3.0,34.9,0,10.43,6.51,0.41,5.8,0,0,1,0,0,0
6682,70,1,0,1.0,34.9,0,8.89,8.75,5.06,7.08,0,0,0,0,0,0
5880,62,1,0,3.0,38.9,0,16.94,3.87,4.23,4.11,1,0,0,0,0,1
6733,71,Male,1,1.0,15.1,0,3.57,0.33,3.38,7.11,0,0,0,0,0,0
5007,70,1,0,3.0,29.3,0,7.59,3.36,6.59,5.43,0,1,1,0,0,0
6118,81,0,2,1.0,29.8,1,10.27,0.31,1.49,8.61,1,0,0,0,0,1
5717,72,0,2,2.0,32.3,0,5.05,2.41,3.82,7.78,0,0,0,0,0,0
5433,62,0,2,1.0,32.9,0,2.0,8.11,5.91,4.39,0,0,0,0,0,0
5439,71,1,0,3.0,28.2,1,15.71,6.86,9.46,4.96,0,0,0,0,0,0
5614,82,1,3,1.0,35.3,0,7.43,4.64,2.56,9.37,1,0,0,0,0,1
5249,81,0,0,3.0,28.0,1,10.87,0.99,9.15,8.19,0,0,0,0,1,0
4792,78,F,1,2.0,33.7,0,8.92,3.69,2.87,7.26,0,0,0,1,0,0
5742,81,F,1,0.0,18.5,0,17.0,2.38,4.42,4.46,0,0,0,1,0,0
6420,62,0,0,2.0,23.4,0,19.16,2.22,1.73,7.77,1,0,0,1,0,0
4850,81,1,0,1.0,15.1,0,9.86,3.75,1.99,9.8,0,0,1,0,0,0
6390,78,1,0,2.0,34.6,Yes,17.46,6.52,0.48,5.09,0,0,0,0,0,0
5673,67,1,0,2.0,18.6,0,9.74,4.39,6.12,5.0,0,0,0,0,0,0
5907,72,0,1,2.0,33.8,0,18.04,8.6,2.42,5.6,0,0,0,0,0,0
6014,60,0,0,2.0,21.8,1,5.69,0.53,6.45,7.91,1,0,0,0,0,0
5471,75,0,0,0.0,39.3,0,1.32,3.29,4.81,4.03,0,0,0,0,0,0
5187,75,1,0,1.0,34.1,0,16.56,9.61,6.34,9.6,0,1,0,0,0,1
6534,65,0,0,2.0,38.7,0,12.55,3.92,1.84,6.06,0,0,1,0,0,0
6326,60,1,1,2.0,34.2,No,0.46,7.36,6.72,8.7,1,0,0,0,0,0
6488,87,1,0,2.0,23.8,0,4.31,9.77,1.85,8.29,0,0,0,0,0,0
5267,84,0,2,1.0,36.3,1,7.03,1.56,3.17,7.84,0,0,0,1,0,1
5570,89,0,0,1.0,18.9,0,3.85,9.93,6.48,8.87,1,1,0,0,0,0
4907,87,1,1,3.0,37.3,0,16.86,2.72,3.98,8.58,0,0,1,0,0,0
6037,87,1,0,3.0,24.8,0,1.37,8.56,7.9,5.87,0,1,0,0,0,0
5170,73,1,0,1.0,36.9,0,15.84,5.27,0.04,9.89,0,0,0,0,0,0
5582,60,0,0,1.0,38.2,0,16.92,0.64,9.19,7.71,1,0,0,1,0,0
6446,78,1,0,1.0,20.7,1,2.04,2.8,8.12,6.67,1,0,0,0,0,1
5528,90,1,2,2.0,15.4,0,15.82,0.33,2.24,6.25,0,0,0,0,0,0
5253,81,Female,0,2.0,24.4,0,18.39,6.75,2.63,4.33,1,0,0,0,0,0
6897,77,0,0,1.0,15.5,0,4.59,9.89,8.12,5.77,0,0,0,0,0,0
6087,76,1,2,0.0,33.8,0,19.83,9.4,4.79,4.98,0,1,1,1,0,0
6030,63,0,3,1.0,32.2,1,12.75,8.84,9.96,6.79,0,0,0,0,0,0
6847,64,0,0,1.0,15.2,0,10.51,9.46,9.36,7.3,0,0,0,0,0,0
6198,75,0,2,2.0,18.0,1,17.16,5.0,1.16,5.89,1,0,0,0,0,0
5100,81,Male,0,3.0,29.3,0,5.8,9.84,2.62,6.5,0,0,0,0,0,0
6192,80,1,3,2.0,23.7,1,12.34,5.97,1.63,8.94,0,0,0,1,0,1
6755,72,Female,0,3.0,33.8,1,12.26,0.86,5.46,4.65,0,0,0,0,0,0
5386,61,1,0,1.0,24.6,0,0.89,4.08,9.54,8.83,1,0,0,0,0,1
6347,89,1,1,0.0,31.2,0,10.55,1.52,6.57,8.87,0,0,0,0,0,0
5069,81,1,1,1.0,32.1,1,17.95,8.33,5.8,9.57,0,0,0,0,0,0
5975,71,1,1,1.0,33.6,0,4.6,1.2,2.63,9.02,0,0,0,0,0,1
5294,72,0,1,1.0,35.5,0,10.63,1.28,6.75,5.99,0,0,1,0,0,0
5106,85,0,2,2.0,,0,0.41,8.74,5.07,5.99,0,0,1,0,0,0
6170,66,0,0,3.0,20.0,1,17.13,0.26,2.13,4.97,0,0,0,0,0,0
6810,76,0,1,1.0,16.3,No,15.22,6.82,2.7,9.42,0,0,1,0,0,0
5244,62,0,0,1.0,39.8,0,16.77,4.31,6.33,4.25,0,0,0,0,0,1
6839,64,1,0,2.0,39.2,1,0.84,5.48,9.03,4.14,0,0,1,0,0,0
6259,90,1,0,0.0,30.8,0,4.19,8.05,2.75,9.94,1,0,0,0,0,0
5474,66,1,0,1.0,24.7,0,18.5,6.4,9.79,7.84,0,0,0,0,0,0
4931,84,1,0,1.0,29.9,1,7.12,5.96,0.9,7.71,0,0,0,0,0,1
6471,90,1,1,1.0,17.2,0,6.95,1.77,8.65,7.12,0,0,0,0,0,0
4995,90,Male,0,0.0,31.0,0,8.86,9.55,2.6,8.56,0,0,0,0,0,0
6713,68,0,0,0.0,18.2,1,4.81,5.65,3.7,8.39,1,0,0,0,0,0
6645,77,1,0,2.0,31.5,0,12.05,0.55,9.55,4.17,0,1,0,0,1,1
5143,87,1,1,2.0,39.8,0,0.61,7.59,8.78,7.53,0,0,0,0,0,0
6094,64,0,2,2.0,34.6,0,0.79,4.89,7.76,8.61,0,0,0,0,0,1
5691,78,0,3,0.0,27.0,0,8.02,4.06,2.88,4.02,0,0,0,0,0,1
5809,65,1,1,1.0,33.9,No,3.92,2.02,2.4,6.75,0,0,0,0,0,1
4836,71,1,0,2.0,22.6,0,5.44,4.01,1.44,7.04,1,1,0,0,0,0
5497,75,1,0,1.0,32.3,No,14.45,2.91,2.8,7.33,0,0,0,1,1,0
6400,88,Female,1,1.0,20.4,1,1.06,8.51,6.01,5.84,0,0,0,0,0,0
5995,63,1,0,0.0,25.4 kg/m2,0,7.4,6.73,9.07,8.68,1,0,0,0,0,0
5663,71,0,2,1.0,28.0,0,10.24,5.6,2.0,8.88,0,0,0,0,1,0
5948,73,0,0,1.0,29.1,0,17.34,1.02,1.67,5.54,1,0,0,1,0,0
6479,82,0,1,1.0,30.1,0,4.03,5.32,4.8,5.43,0,0,0,0,0,0
6338,84,1,0,0.0,32.1,0,19.99,1.97,3.84,4.42,0,0,0,0,0,0
6638,71,1,1,0.0,36.6,0,19.36,4.0,0.73,4.31,0,0,0,0,0,0
5131,80,0,0,0.0,33.0,0,6.13,5.34,0.4,9.43,0,0,0,1,0,0
5945,83,1,0,0.0,26.3,1,14.11,1.4,3.52,4.57,0,0,1,0,0,0
6819,73,1,1,0.0,23.0,0,4.59,8.34,1.35,9.69,0,0,0,0,1,0
5789,67,0,0,1.0,36.7,0,9.19,2.92,4.61,5.05,0,0,0,0,0,0
5260,62,0,0,2.0,34.8,0,12.7,5.99,9.58,9.82,1,0,0,1,0,0
6403,66,1,0,1.0,22.2,0,3.64,3.29,6.75,7.66,0,0,0,1,0,0
4772,65,0,1,2.0,37.5,1,12.06,9.13,3.53,9.57,0,0,0,0,0,0
6138,72,0,1,0.0,18.4,1,6.87,9.22,1.48,6.33,0,0,0,0,0,0
6104,80,1,1,1.0,19.2,0,12.64,1.62,1.87,8.53,1,1,0,0,1,0
4938,75,1,0,,19.0,0,18.79,6.42,2.27,5.92,0,0,0,0,0,0
5765,78,1,1,1.0,36.3,0,4.34,0.36,3.75,5.13,1,0,0,1,0,0
6069,65,1,0,0.0,22.4,0,19.76,0.75,7.13,4.57,0,1,1,0,0,0
5144,75,0,0,2.0,37.5,1,3.64,7.9,1.73,8.59,0,1,0,1,0,1
4921,81,1,0,1.0,30.0,1,4.61,5.23,7.75,7.91,0,0,0,0,0,0
6226,64,0,0,1.0,37.7,0,18.77,9.77,1.7,4.4,0,0,0,0,0,0
4825,71,1,0,1.0,18.5,0,9.79,4.81,3.43,8.37,0,0,0,0,0,0
6145,67,0,3,1.0,36.3 kg/m2,1,11.67,5.75,5.23,7.05,1,0,0,0,0,0
4760,87,0,0,0.0,35.5,1,16.03,6.44,8.09,7.55,0,1,0,0,0,0
4761,89,0,3,1.0,39.5,0,9.81,8.82,0.43,7.64,0,0,0,0,0,0
5997,88,1,0,1.0,25.7,0,10.38,8.04,2.35,4.76,0,0,0,0,1,0
6569,85,0,0,1.0,31.2,0,4.37,3.24,2.68,4.8,0,0,0,0,0,1
5577,62,0,0,1.0,20.4,1,7.44,6.92,5.5,6.37,1,0,1,0,0,1
6238,67,0,0,1.0,37.5,1,19.95,1.95,6.8,7.67,0,1,1,1,0,0
6033,75,1,1,2.0,18.0,0,5.36,5.61,2.43,5.68,0,1,0,0,0,0
5035,88,1,0,3.0,34.6,0,16.5,3.73,7.07,5.64,1,0,1,0,0,0
6038,62,1,0,1.0,39.4,0,14.51,6.5,2.6,8.2,0,0,0,0,0,0
5367,82,M,0,3.0,35.2,1,13.07,1.16,6.03,9.58,1,0,0,0,0,0
6146,73,1,0,0.0,20.4,1,13.21,3.32,9.71,7.97,0,1,0,1,0,0
6622,83,0,0,2.0,24.4 kg/m2,0,19.09,6.75,2.27,9.13,1,0,0,1,0,1
6606,70,0,3,2.0,15.7,1,10.26,2.51,7.14,5.43,1,0,0,0,0,0
5900,76,0,0,1.0,28.2,0,9.09,5.22,3.25,9.89,1,1,0,0,0,0
6829,90,0,1,1.0,35.4,0,10.47,9.37,2.86,8.8,0,0,1,0,0,0
6614,66,1,0,2.0,25.4 kg/m2,0,19.45,1.41,5.27,7.58,0,0,0,0,0,0
5224,66,1,0,1.0,15.9,1,13.96,4.59,6.4,6.84,0,0,0,0,0,0
4890,79,1,3,1.0,35.2,Yes,17.61,4.08,8.14,8.95,0,0,0,0,0,0
6561,76,0,0,2.0,33.5,0,1.6,9.3,7.2,5.97,0,0,1,0,0,0
4942,75,1,3,2.0,18.8,1,8.52,1.93,0.14,7.69,0,0,0,0,0,1
6764,69,1,0,2.0,27.5,0,8.56,0.49,8.16,9.99,1,1,0,0,0,0
5233,61,1,1,1.0,21.3,No,18.8,5.36,3.16,5.16,1,0,1,0,0,0
6604,79,0,2,1.0,38.0,0,18.22,6.81,4.35,8.95,0,0,0,1,0,0
6349,83,0,3,1.0,27.4,0,13.98,4.59,8.23,4.32,0,1,0,1,0,0
5071,72,0,0,0.0,26.2,0,18.85,6.15,4.48,5.5,1,0,0,0,0,0
6731,65,0,2,2.0,17.9,0,8.2,9.85,7.35,8.34,0,0,0,0,0,0
5505,72,0,3,1.0,36.9,1,9.32,3.24,5.41,7.71,0,1,1,0,1,0
5792,79,M,2,,16.4,1,15.65,5.42,2.94,7.02,0,0,1,0,0,0
6894,66,1,2,1.0,32.0,1,9.31,4.35,5.43,9.62,1,0,0,0,0,1
5181,73,F,1,0.0,32.4,0,17.2,4.11,9.37,4.93,1,0,0,1,0,0
4960,90,0,0,0.0,18.2,0,16.82,1.14,9.1,9.63,0,0,0,0,0,0
6348,83,0,1,1.0,18.0,0,17.2,0.9,1.5,4.68,0,0,0,0,0,0
6240,76,0,3,1.0,29.9,0,6.28,5.03,1.31,4.17,0,0,1,0,0,0
6356,79,1,3,1.0,32.4,0,4.25,2.65,5.34,8.45,0,0,0,0,0,0
4958,86,1,1,2.0,27.8,1,13.84,6.41,2.09,9.29,0,0,0,0,0,0
4988,76,0,0,2.0,25.0,0,3.05,2.83,7.88,8.06,1,0,0,0,0,0
5754,70,0,0,0.0,35.4,1,14.54,8.36,5.27,8.48,1,0,0,0,0,0
6452,62,1,3,2.0,23.2,0,5.61,7.57,1.66,5.31,0,1,0,0,0,0
5096,85,M,2,3.0,29.8,0,14.78,6.36,2.46,6.13,0,0,0,0,0,0
5713,70,1,0,,21.7,0,19.33,4.24,0.62,8.19,0,0,0,0,0,0
6098,69,1,1,0.0,29.1,1,10.15,9.37,1.03,7.63,0,0,0,0,1,0
6357,81,0,1,2.0,26.0,0,2.66,9.72,6.84,7.58,0,0,0,0,0,1
6086,73,0,0,2.0,21.9,0,6.77,7.17,4.73,9.71,1,0,0,0,1,0
5964,77,0,2,0.0,39.7,0,2.66,9.51,2.28,6.6,1,0,1,0,0,1
5208,68,0,0,3.0,26.6,0,1.51,3.02,3.05,5.62,0,0,0,1,0,0
5950,77,0,3,0.0,26.4,0,4.97,9.99,8.92,7.31,0,0,1,1,0,0
5051,70,1,0,2.0,25.4,0,4.78,6.08,1.05,5.27,0,0,1,0,0,0
6621,87,0,0,1.0,23.6,0,10.36,3.7,2.01,4.73,0,0,1,1,1,0
5210,68,0,1,0.0,28.8,1,2.5,1.23,0.33,4.51,0,1,0,0,0,1
5693,85,1,2,1.0,25.4,1,18.84,4.2,0.35,9.55,0,0,0,0,0,1
6368,63,1,2,,19.4,0,3.17,1.04,6.24,6.76,0,1,0,0,1,1
6746,67,1,2,0.0,22.3,0,16.55,3.46,3.22,9.46,0,0,0,0,0,0
6762,73,0,0,2.0,38.9,0,18.5,7.46,1.13,5.86,0,0,0,0,0,1
5225,89,0,0,0.0,37.6,0,19.9,6.28,0.76,5.15,1,1,0,0,0,0
5981,89,1,2,1.0,32.6,1,15.82,7.13,6.69,4.53,1,0,0,0,0,0
6036,68,1,3,0.0,20.3,1,0.99,7.05,5.32,9.11,0,0,0,0,0,1
5859,75,1,0,1.0,18.7,1,15.91,1.6,7.33,5.12,1,1,0,0,0,0
5214,74,1,1,0.0,36.3,0,10.14,8.71,5.93,7.67,0,0,0,0,0,0
4756,86,1,1,1.0,30.6,0,4.14,0.21,1.58,7.26,0,0,1,0,0,0
5592,74,0,1,2.0,35.6,0,3.11,3.01,6.61,4.65,0,0,0,0,0,0
5077,82,Male,0,0.0,32.4,0,18.01,3.98,3.03,6.62,0,0,0,0,0,1
6042,84,1,0,3.0,31.9,1,9.69,6.15,9.28,7.14,0,0,0,0,0,0
6795,66,Female,2,,20.9,0,2.02,9.62,5.6,7.65,0,0,0,0,0,0
6148,68,0,0,3.0,21.5,0,8.9,3.8,2.17,6.79,0,0,0,0,1,0
6442,88,1,1,2.0,29.4,1,8.58,2.23,5.66,6.43,0,0,0,1,0,0
5643,63,1,1,1.0,15.7,0,14.34,4.16,3.01,4.81,0,1,0,0,0,1
5834,72,0,0,1.0,16.6,1,18.86,0.98,2.77,9.09,0,0,1,0,0,0
4764,78,1,0,1.0,,1,10.19,0.63,1.65,7.33,1,0,0,0,0,0
5904,70,0,0,3.0,31.9,0,17.63,2.42,3.31,8.11,1,0,0,0,0,0
5445,61,M,1,0.0,26.3,1,17.03,5.38,7.95,6.71,0,0,0,0,0,0
5138,88,1,0,3.0,16.8,0,7.45,0.45,2.29,6.66,0,0,0,0,0,0
5274,88,0,0,2.0,18.3,0,14.27,1.05,5.05,4.0,0,0,0,1,0,0
6215,77,1,0,2.0,32.8,Yes,0.75,9.1,4.47,7.16,0,0,0,0,0,0
6266,60,1,1,1.0,17.8,0,18.04,2.33,8.07,6.27,0,0,0,0,0,0
6694,74,0,0,1.0,17.9,0,7.34,7.01,8.37,7.13,0,1,0,0,0,0
5354,70,1,1,2.0,26.5,0,4.4,3.97,7.1,9.79,0,0,0,0,0,0
5593,63,1,1,2.0,33.8,0,13.72,8.63,1.81,8.97,0,0,0,0,0,0
5073,80,1,0,3.0,33.5,0,2.02,5.67,4.6,9.06,0,1,0,0,1,0
6574,88,0,1,1.0,25.3,1,8.76,1.64,6.69,9.93,0,1,0,0,0,0
6828,65,1,3,0.0,28.5,1,9.86,4.87,4.86,6.31,0,0,1,1,0,1
5764,60,0,0,1.0,36.6,1,1.87,3.46,2.08,9.53,0,0,1,0,0,0
6376,76,0,2,0.0,26.7,1,16.5,1.49,4.71,7.29,1,0,0,0,1,0
6573,76,0,1,2.0,31.0,1,4.85,0.38,3.37,7.87,0,0,1,1,0,0
6887,83,1,2,2.0,19.0,0,13.98,8.15,8.37,4.57,1,1,1,0,0,0
5305,87,0,0,2.0,38.1,0,18.39,6.36,2.9,7.81,1,0,0,0,0,0
5581,61,1,1,1.0,31.4,1,15.5,7.86,3.13,6.17,1,0,1,0,0,0
6618,89,0,0,2.0,29.6,1,3.09,7.01,0.37,4.26,1,0,0,0,0,0
5206,86,1,1,3.0,19.1,0,18.72,8.81,0.38,6.47,1,1,0,0,0,0
5058,82,1,0,2.0,23.6,0,4.26,0.6,6.56,4.04,1,0,0,0,0,0
4823,89,1,1,1.0,28.4,No,4.38,9.99,4.29,7.56,0,0,0,0,0,0
5008,63,1,0,2.0,20.7,0,15.08,0.31,2.4,6.63,1,0,0,0,0,0
6297,76,1,0,0.0,23.7,1,10.72,3.64,2.24,8.04,0,0,0,0,0,0
4753,73,Male,3,1.0,17.8,0,19.56,7.84,1.83,9.67,1,0,0,0,0,0
6542,80,1,1,2.0,34.4,0,12.24,8.77,2.64,4.81,0,0,0,0,0,0
6797,74,0,3,2.0,36.4,1,8.27,1.1,0.77,4.52,0,0,0,0,0,0
6020,63,1,1,2.0,37.8,0,4.74,8.76,9.89,9.68,0,0,0,1,0,0
6737,74,0,1,1.0,16.4,0,4.93,2.82,5.44,5.52,0,0,0,0,0,0
5680,78,Female,2,2.0,38.9 kg/m2,0,14.41,7.13,2.18,5.97,0,1,1,0,0,0
6483,67,0,0,1.0,24.3,0,9.91,1.45,3.42,8.71,0,0,0,0,0,0
5230,83,0,0,2.0,32.9,1,1.75,0.71,8.59,9.49,0,0,0,0,0,0
6860,68,0,0,2.0,39.9,0,9.24,0.53,1.09,8.87,0,0,0,0,0,0
6354,73,0,0,2.0,37.2,0,18.47,0.75,2.51,4.25,0,0,0,0,0,0
5660,71,Male,0,2.0,37.5,0,6.09,5.02,8.7,6.84,0,0,1,0,0,0
4868,60,0,0,0.0,33.1,0,0.72,4.38,1.61,5.01,1,0,0,0,1,0
6878,89,1,2,1.0,35.8,Yes,13.08,6.52,8.59,6.07,0,0,0,0,0,0
6664,64,0,0,1.0,24.3,0,19.53,6.45,5.48,9.42,0,0,0,0,0,0
5780,87,Female,0,2.0,18.4,0,4.6,2.02,8.84,7.99,0,0,0,0,0,0
5985,84,0,0,2.0,38.5,1,13.31,0.45,0.79,7.96,0,0,0,0,0,0
5217,67,Female,1,1.0,26.3,0,14.3,1.74,3.29,9.85,1,1,0,1,1,0
6636,88,1,1,0.0,18.4,0,19.99,7.63,5.69,9.58,0,0,0,0,0,0
6896,75,0,0,2.0,17.9,No,18.77,1.36,2.9,8.56,0,0,0,0,0,0
5196,62,0,0,3.0,24.7,0,14.82,3.89,5.94,4.36,0,1,0,1,0,0
6466,73,0,0,2.0,36.3,0,1.92,3.65,1.65,9.19,0,0,1,1,0,0
5786,81,0,1,0.0,26.4,0,2.15,0.15,1.61,8.68,0,0,0,0,0,0
5949,66,1,0,2.0,36.2 kg/m2,0,9.9,6.37,2.18,4.53,0,0,0,1,0,1
5527,69,1,0,2.0,24.0,0,15.21,2.66,7.48,7.16,0,0,0,0,0,0
5355,60,Female,0,2.0,19.1,0,18.32,7.62,5.46,6.16,0,0,0,0,0,0
5319,61,0,0,1.0,28.2,0,19.41,2.03,8.9,6.51,1,0,0,0,0,1
6579,76,1,1,1.0,15.2,0,6.07,0.72,6.49,5.69,1,1,0,0,0,1
6879,61,0,0,1.0,39.5,No,3.21,3.3,4.37,7.12,0,0,0,0,0,0
5829,84,0,0,2.0,16.0,0,2.68,2.58,3.81,6.09,0,0,0,0,0,0
5843,79,0,1,0.0,28.5,0,4.72,2.72,8.48,5.09,1,0,0,0,0,0
6008,71,1,1,2.0,27.2,0,0.24,1.94,4.35,7.58,0,1,0,0,0,0
4835,70,0,1,2.0,29.9,0,0.83,5.53,9.14,9.77,0,0,0,1,0,0
6642,65,0,0,1.0,23.2,0,18.67,7.98,9.84,9.8,0,1,0,0,0,1
6623,74,1,0,0.0,36.9,1,4.41,2.01,5.53,8.91,0,1,0,1,0,0
6783,88,1,1,2.0,26.5 kg/m2,0,18.97,5.42,9.5,9.91,0,0,0,0,0,0
5962,62,0,3,1.0,18.7,0,9.04,4.15,1.18,6.55,0,0,0,0,0,1
5506,82,0,1,,23.5,1,1.57,8.71,8.84,8.38,0,0,0,0,0,0
6327,80,0,0,1.0,16.5,0,11.11,2.54,3.74,8.45,0,0,0,0,0,0
4902,68,1,0,0.0,28.7,0,17.62,6.99,5.67,6.46,0,0,0,0,0,0
6522,70,1,0,2.0,21.0,0,2.57,2.24,9.1,8.96,0,0,0,0,1,0
6109,66,0,0,2.0,32.6,0,10.38,4.07,7.88,9.66,0,0,0,0,0,0
5139,77,1,1,2.0,30.2,1,9.73,8.31,5.62,9.7,0,0,0,0,0,0
5912,79,1,0,3.0,21.8,0,11.36,4.79,5.79,5.21,0,0,0,0,0,1
5482,64,Female,0,1.0,39.6,1,7.43,2.31,7.25,8.1,1,0,0,0,0,0
4923,88,1,1,2.0,31.3,0,9.0,8.31,7.25,6.49,0,0,0,0,0,0
6809,71,1,3,3.0,27.9,0,4.92,3.66,8.64,9.6,1,0,0,1,0,0
5281,85,0,0,2.0,,1,11.61,1.91,7.41,9.26,0,1,0,0,0,0
6151,78,1,2,,,1,5.37,1.75,1.12,9.74,1,0,0,0,0,0
5516,68,1,3,1.0,36.0,1,13.9,0.83,2.11,9.85,1,0,0,1,0,0
5486,60,0,1,0.0,27.6,0,0.04,8.76,4.58,4.07,0,0,1,1,0,0
6494,75,1,0,2.0,32.5,0,15.29,7.37,9.79,9.2,0,0,1,0,0,0
6635,74,1,0,1.0,23.0,No,15.55,5.11,7.34,5.04,0,0,0,0,0,0
6786,62,Female,3,2.0,22.8,1,8.0,9.56,9.9,4.66,0,0,0,0,0,0
5125,80,0,1,,17.1,1,14.99,3.12,7.49,8.4,1,0,0,0,0,0
6314,61,M,0,0.0,23.3,0,10.08,4.03,8.82,5.5,1,0,1,0,0,0
5460,62,0,1,1.0,28.2,0,10.65,6.88,3.96,9.3,1,0,0,0,0,0
5688,89,0,1,3.0,39.6,0,1.58,5.71,1.03,4.67,0,0,0,0,0,0
6807,63,0,2,,32.7,0,16.97,8.57,8.74,9.23,0,0,0,0,0,0
5935,63,1,2,2.0,29.8,1,14.57,0.11,1.13,6.04,0,0,1,0,0,0
5825,60,Male,0,1.0,16.2,0,8.87,7.99,1.64,5.37,0,0,0,0,0,0
6559,64,0,1,3.0,24.0,0,4.84,2.04,9.24,7.96,0,0,0,1,0,0
6756,73,Female,1,3.0,25.6,1,4.27,8.11,2.34,9.69,1,0,0,0,0,1
5421,71,1,0,1.0,17.9,0,7.66,1.87,4.47,4.81,0,0,1,1,0,0
4783,84,1,0,1.0,34.8,1,4.9,7.73,6.24,5.62,0,0,1,0,0,0
4989,69,0,0,1.0,26.5,0,4.63,5.56,1.42,8.2,0,0,0,0,0,0
4878,60,1,2,0.0,33.0,0,18.92,4.55,2.91,6.89,0,0,0,0,0,0
5105,85,0,0,0.0,15.3,0,7.89,3.55,8.27,4.19,0,0,0,1,0,0
4915,70,1,3,2.0,20.2,0,15.28,3.65,0.56,9.78,0,0,0,1,0,0
6587,74,1,0,3.0,17.7,1,9.61,8.63,2.62,4.14,0,0,0,0,0,0
6293,78,0,0,1.0,39.8,0,3.22,2.4,5.16,5.94,1,0,0,0,1,0
6177,67,0,0,1.0,20.9,1,19.07,9.17,8.54,4.93,0,0,0,0,0,0
6590,85,1,0,0.0,16.7,0,4.07,9.06,8.46,5.69,1,0,0,0,0,0
5243,64,1,2,1.0,23.4,1,0.48,3.98,2.53,5.57,0,0,0,0,0,0
5223,78,1,0,0.0,25.2,0,15.45,3.41,1.46,8.16,0,0,1,1,0,0
6752,65,0,1,1.0,30.6,1,14.01,0.18,7.58,4.31,0,0,0,1,0,0
6467,86,0,3,1.0,24.1,0,12.01,7.92,3.63,9.82,1,0,1,0,0,0
6421,90,1,1,2.0,30.7,0,1.88,8.17,8.07,5.58,1,0,0,1,0,0
6227,64,1,0,1.0,29.7,0,4.09,6.36,6.74,7.1,0,0,0,0,0,0
4840,79,1,1,2.0,23.0,0,3.58,8.6,4.53,9.62,0,0,0,0,0,0
6230,66,0,1,2.0,17.1,0,0.44,3.12,1.02,4.67,0,0,0,0,0,0
4848,67,Female,0,2.0,23.0,0,11.07,5.14,7.69,8.11,0,0,1,0,0,0
5817,67,F,1,2.0,35.9,0,3.56,2.38,7.33,5.45,1,0,0,0,0,0
5774,69,0,0,2.0,20.6,0,14.08,2.9,3.17,7.61,0,0,0,0,0,0
6681,84,0,0,2.0,16.6,1,18.2,4.5,0.29,5.69,0,0,0,0,1,0
6255,84,1,0,1.0,29.6,0,7.32,1.27,6.92,5.23,1,0,0,0,0,0
5200,70,0,0,3.0,37.9,0,5.36,2.73,6.1,8.63,0,0,0,1,0,1
5301,76,1,0,3.0,26.3,0,14.87,4.56,6.88,5.77,0,0,0,0,1,0
6607,65,0,0,1.0,,No,13.23,5.65,2.42,5.92,0,0,0,0,0,0
6161,76,0,3,3.0,25.0,0,13.89,3.44,2.59,4.04,0,0,0,0,0,0
4969,81,0,0,2.0,,0,2.44,9.92,7.26,7.05,1,0,0,0,0,0
4929,74,Female,1,1.0,32.1,1,14.8,3.7,7.39,9.78,0,1,0,0,0,1
5184,73,0,0,2.0,15.4,0,8.49,8.68,5.85,9.1,0,1,1,0,0,0
6091,66,1,1,1.0,23.9,0,11.41,5.27,1.21,9.75,0,0,0,0,0,1
6071,81,0,0,1.0,29.2,0,9.5,0.09,7.09,4.23,1,0,0,0,1,0
5318,60,Male,2,3.0,29.1,0,14.8,1.63,1.08,8.87,0,0,0,1,0,0
6571,82,0,1,1.0,35.4,1,17.89,1.71,8.51,4.52,0,0,0,0,0,0
5492,86,0,0,0.0,37.0,1,6.92,2.93,6.49,6.69,0,0,0,0,0,0
6056,86,0,1,1.0,28.8,0,14.67,6.71,5.66,6.78,0,0,0,0,0,0
6570,76,0,0,0.0,32.4,1,18.66,0.45,4.18,4.42,0,0,1,0,0,0
5234,61,0,2,1.0,25.8,0,7.03,5.49,0.62,8.55,1,0,0,0,0,0
6455,80,0,1,1.0,24.5,0,14.37,4.02,3.7,7.39,0,0,0,0,0,0
6563,84,0,0,1.0,34.0,1,18.53,9.38,1.83,7.18,0,0,0,1,0,1
6876,70,1,2,,35.6,1,17.11,4.55,1.26,8.2,0,0,0,0,0,0
5188,90,1,2,1.0,19.2,1,8.7,2.22,5.03,7.95,0,1,0,0,0,0
5531,86,0,2,1.0,28.2,0,18.63,6.54,1.32,9.62,1,0,0,0,0,0
5299,73,Male,0,0.0,20.9,1,10.78,9.85,7.71,6.41,0,0,0,0,0,0
5604,75,0,1,0.0,33.3,0,11.3,8.45,1.79,9.84,0,0,0,0,0,0
5836,88,1,0,2.0,33.5,0,15.08,3.86,4.21,8.84,0,0,1,0,0,0
6799,73,1,0,3.0,22.8,0,16.76,5.14,4.29,8.82,0,0,1,1,0,1
5533,82,1,3,2.0,24.8,0,1.63,5.8,1.47,7.06,0,0,0,0,0,0
6410,71,0,0,1.0,19.4,0,4.33,7.6,3.98,6.91,0,0,0,0,0,0
6857,70,0,0,1.0,15.8,0,2.01,5.11,0.03,9.45,0,0,0,0,0,0
6339,76,1,1,1.0,37.2,0,17.64,6.0,3.79,8.38,0,0,1,0,0,0
5758,73,1,1,1.0,34.1,No,4.39,6.15,0.29,8.17,0,1,1,0,0,0
6212,87,1,0,1.0,27.8,0,18.01,6.55,4.41,8.18,1,0,0,0,0,0
6405,79,Male,0,0.0,32.5,0,15.06,2.86,7.89,9.49,0,0,0,0,0,0
5424,77,1,0,1.0,26.9,0,7.46,0.74,5.23,5.24,1,0,1,1,0,0
6870,70,1,0,2.0,30.7,0,7.28,4.15,9.11,8.49,0,0,0,0,0,0
5437,65,0,3,0.0,16.7,0,0.6,5.77,5.7,7.95,0,0,0,0,0,0
6747,61,Male,0,2.0,24.6,1,2.27,9.98,2.06,4.72,0,0,0,0,0,0
6684,80,0,0,2.0,20.8,Yes,9.45,7.08,7.72,9.83,0,0,0,0,0,0
5568,80,1,0,0.0,21.3,1,9.83,9.32,0.94,4.23,0,0,0,0,0,0
6018,76,1,0,1.0,25.9,0,8.37,4.12,6.4,4.1,0,0,0,0,0,0
5503,87,0,0,0.0,31.6,0,5.55,3.35,5.48,5.48,0,0,1,0,0,0
4872,84,1,0,1.0,18.5,1,11.75,2.68,9.31,8.94,0,0,0,0,0,0
5450,76,1,0,1.0,25.8 kg/m2,0,8.36,6.38,6.71,5.91,1,0,0,0,0,0
5627,81,1,2,1.0,17.1,0,16.23,8.26,8.42,9.93,0,0,0,1,0,1
6168,68,0,1,2.0,27.4,1,3.22,7.64,5.31,9.91,0,0,0,0,0,0
5791,71,M,0,2.0,16.8,0,10.01,3.07,2.34,5.53,1,0,0,0,0,0
5647,64,F,0,1.0,35.7,1,16.67,3.12,7.81,7.01,1,0,1,0,1,0
5329,70,Male,0,1.0,36.2,0,12.85,8.48,1.19,4.58,0,0,1,0,0,0
5606,70,1,1,1.0,28.1,1,8.69,1.22,0.28,7.15,0,0,0,0,0,0
6336,85,0,0,1.0,20.0,0,7.15,7.89,9.73,6.58,0,0,0,0,0,0
4789,88,0,0,1.0,33.8,0,13.44,4.01,4.27,6.05,0,0,0,0,1,0
6068,60,0,0,1.0,31.4,0,1.74,2.69,3.27,5.88,0,1,0,0,0,0
4782,67,0,3,0.0,37.2,0,12.22,7.78,6.43,6.74,0,0,0,0,0,0
6708,60,Female,0,1.0,24.2,1,12.59,5.31,1.88,5.6,0,0,0,0,0,0
4857,89,0,0,0.0,34.9,0,7.01,0.22,0.15,7.97,1,0,0,0,0,1
4774,82,1,2,1.0,22.0,0,3.29,6.93,3.24,4.41,0,0,0,0,0,0
5461,81,0,1,2.0,37.0,0,10.96,3.56,9.82,8.1,0,0,0,1,0,0
4820,72,0,1,2.0,23.9,0,6.15,3.88,0.64,6.06,1,0,0,0,0,0
4950,75,F,3,1.0,20.6,1,5.96,9.87,1.48,9.44,0,0,0,0,0,0
5870,77,0,2,2.0,34.9,0,15.16,5.79,7.28,5.58,0,0,0,1,0,0
6773,61,0,0,2.0,18.7 kg/m2,No,5.7,5.16,0.27,5.14,0,0,0,0,0,1
5878,63,1,0,1.0,31.2,0,2.42,3.31,4.58,7.33,0,0,0,0,0,0
5941,90,0,0,0.0,32.0,0,11.23,3.4,7.05,5.6,0,0,0,0,1,0
6454,73,1,0,1.0,30.3,1,12.04,8.9,5.0,9.34,0,0,0,0,0,0
6021,82,0,0,1.0,27.3,0,6.76,5.81,6.1,9.48,0,0,0,0,0,0
5924,83,1,0,0.0,27.9,1,14.22,2.34,7.68,7.02,0,0,0,0,0,0
5849,88,0,0,,33.1,0,3.21,3.18,8.61,6.59,0,0,0,1,0,0
6812,68,1,0,1.0,25.4,0,0.84,5.77,0.38,5.71,0,0,0,0,0,0
5993,89,0,0,0.0,25.6,0,11.84,8.13,8.35,4.62,0,0,1,0,0,0
6780,76,0,1,0.0,27.9,0,7.3,8.2,0.99,6.5,0,0,0,0,0,0
5899,76,0,0,0.0,37.8,0,9.14,7.85,9.5,4.13,0,0,0,0,0,0
5016,82,1,2,2.0,26.1,1,15.17,2.39,9.2,9.3,0,0,0,0,0,0
6247,63,0,0,1.0,30.6,1,0.41,6.8,5.09,6.79,0,0,0,0,0,0
5767,74,1,0,0.0,30.2,0,15.76,1.31,1.7,4.92,1,0,1,0,0,0
5885,76,0,1,0.0,38.7,1,8.21,8.39,7.92,8.94,0,1,0,0,0,0
5815,78,1,0,1.0,22.3,0,9.77,7.55,8.43,9.99,0,0,0,1,0,0
5255,68,1,0,,39.7,1,3.37,0.76,2.8,6.5,0,0,0,0,0,0
5027,75,0,2,2.0,27.0,0,9.57,0.01,4.6,4.08,0,0,0,1,0,0
5560,75,1,0,0.0,18.0,0,18.63,3.6,6.32,6.45,0,1,0,0,0,0
5090,88,1,3,2.0,36.8,0,6.84,3.26,7.6,6.53,1,0,0,1,0,1
6477,66,1,0,3.0,38.8,0,8.21,2.61,8.83,8.51,1,0,0,1,1,0
5696,88,1,1,0.0,17.6,0,14.26,3.47,9.95,8.1,0,0,1,1,0,0
6701,74,1,0,3.0,21.9,1,8.28,6.32,5.65,4.38,1,0,0,1,0,0
4936,69,0,0,1.0,35.3,0,12.47,4.29,9.73,6.78,1,1,0,0,0,0
5549,82,0,1,2.0,22.6,0,1.81,7.08,9.54,9.99,0,0,0,0,0,0
5681,85,1,1,0.0,19.1,0,7.62,9.93,6.71,4.47,1,0,0,0,0,1
5495,73,1,1,1.0,30.0,No,12.54,5.84,4.35,8.49,1,0,0,1,0,0
5729,73,0,0,1.0,19.1,0,19.58,9.29,6.16,8.47,0,0,0,0,0,0
5871,79,0,0,1.0,27.3,0,1.97,2.59,5.91,7.86,0,0,0,0,0,0
4812,82,0,0,1.0,25.8,0,18.6,8.15,9.27,6.55,0,0,0,0,0,0
5548,72,0,2,1.0,19.5,1,7.45,8.32,2.62,9.54,0,0,0,0,0,0
6304,67,0,1,1.0,26.4,0,16.02,2.37,1.0,7.75,1,0,0,0,0,1
6890,68,0,1,0.0,17.8,0,2.98,8.39,0.32,5.74,0,0,0,1,1,0
6601,83,1,1,0.0,25.7,0,15.19,1.02,7.67,6.62,0,0,0,1,0,1
4892,74,0,0,0.0,38.2,No,9.33,4.35,7.58,9.98,0,0,1,1,1,0
6734,69,Male,3,,32.2,0,7.33,7.6,3.72,8.32,0,0,0,0,0,0
6804,89,1,1,2.0,39.0,0,1.73,0.93,2.52,7.27,0,0,0,0,0,0
6082,84,0,2,1.0,26.4,1,2.89,3.6,3.64,5.3,0,0,0,0,0,0
4944,85,1,0,2.0,17.5,0,7.07,3.25,2.73,7.35,1,0,0,1,0,1
5397,88,0,1,1.0,27.3,1,15.75,8.76,8.0,7.24,0,0,0,1,0,0
4784,67,0,0,1.0,16.3,0,17.91,7.91,7.77,9.02,0,0,0,0,0,0
6815,74,F,1,0.0,38.9,1,0.92,9.66,9.61,8.31,0,1,0,1,0,0
5551,84,0,0,0.0,18.9,0,9.85,3.52,8.38,4.53,0,0,0,0,0,0
4808,90,1,0,3.0,33.4,0,14.25,0.79,2.17,4.58,1,1,0,0,0,0
5689,72,1,2,0.0,29.7,0,6.87,7.98,7.99,7.71,0,0,0,0,0,1
6292,73,1,0,1.0,16.4,1,0.6,0.29,1.71,7.39,0,1,0,0,0,1
5109,83,0,0,0.0,27.6,0,8.88,6.84,0.78,9.55,1,0,0,0,0,0
5820,68,1,2,2.0,38.4,1,5.19,1.68,2.81,9.76,0,0,0,0,0,0
6576,64,Female,0,3.0,34.9,0,3.14,1.94,3.62,7.5,1,0,0,0,0,0
6195,66,1,0,3.0,37.3,0,19.47,0.59,5.54,6.44,0,0,0,0,0,0
4819,83,1,0,2.0,27.6,0,0.85,3.44,2.83,5.97,0,0,0,1,0,1
6093,80,1,0,1.0,30.5,0,3.79,6.14,9.81,4.54,0,0,0,0,0,0
5042,72,0,0,0.0,29.3,1,5.25,5.1,1.12,6.74,0,0,0,1,0,0
4797,71,0,1,1.0,15.6,0,17.89,0.93,4.94,8.47,0,0,1,0,0,1
5674,60,0,0,3.0,36.6,No,17.94,8.01,7.6,4.54,0,0,0,0,0,1
5028,60,0,0,1.0,23.0,0,10.44,9.05,8.83,7.09,0,0,1,1,0,0
6830,76,0,0,3.0,23.0,0,11.26,2.92,1.39,7.8,0,0,0,0,0,0
6881,81,Female,2,0.0,22.6,1,2.33,0.33,4.1,7.86,1,1,0,0,0,0
4975,76,0,0,1.0,36.6 kg/m2,0,3.54,7.22,7.4,8.93,0,0,0,0,0,0
5615,60,1,0,1.0,19.9,0,15.03,4.64,2.59,8.57,0,0,0,0,1,0
5132,75,Female,3,2.0,38.7,Yes,6.67,7.33,7.97,9.97,0,0,0,0,0,1
6866,73,1,0,,39.8,0,7.36,8.73,3.94,4.14,0,1,0,0,0,0
5115,72,Female,0,0.0,19.4,0,6.41,9.3,4.04,5.37,0,0,0,0,0,0
6415,71,1,1,1.0,22.9,0,7.89,3.84,1.8,9.38,0,0,0,0,0,0
6141,88,1,0,2.0,35.8,0,10.88,7.05,9.31,7.87,0,0,0,1,1,0
5684,63,1,0,0.0,35.2,1,4.22,9.51,5.69,7.54,0,0,0,0,0,0
5775,60,1,0,2.0,27.2,1,9.28,8.51,8.55,8.37,1,0,0,0,0,0
5524,73,0,3,2.0,29.0,0,11.32,4.18,5.64,7.86,0,1,0,0,0,0
6736,81,0,0,3.0,34.8,0,2.3,7.68,7.74,5.32,0,0,0,1,0,0
4817,86,0,3,1.0,28.0,0,7.0,0.09,4.21,9.38,0,0,0,0,1,0
5954,64,0,1,1.0,17.1,0,3.22,2.99,0.63,6.24,0,0,0,1,0,0
5806,85,0,1,3.0,,No,11.64,0.12,5.73,6.06,0,0,1,0,0,0
5618,89,0,1,0.0,24.0,0,16.8,6.8,9.95,7.2,1,0,0,0,0,0
4779,83,0,0,1.0,31.0,No,4.69,0.44,1.29,7.87,0,0,0,0,0,0
5045,64,F,0,2.0,23.4,No,11.32,4.23,3.9,8.45,0,0,0,0,0,0
4864,69,1,1,1.0,15.6,1,14.84,8.86,6.75,8.78,1,0,1,0,0,0
4996,61,0,1,1.0,39.7,0,7.63,4.2,3.08,9.69,1,0,0,0,0,1
6190,85,0,0,0.0,26.3,0,9.51,4.78,5.02,9.52,0,0,0,0,0,0
5773,90,Male,2,2.0,22.2,0,14.64,6.86,1.02,8.91,0,0,0,0,0,0
5936,77,1,1,,22.2 kg/m2,0,2.79,4.73,6.93,6.64,0,0,0,0,0,0
5731,75,0,1,1.0,21.4,1,5.93,9.52,0.01,4.01,0,0,1,0,0,0
5162,83,1,0,1.0,36.0,0,12.01,4.65,6.73,6.29,0,0,0,0,0,0
6852,78,1,0,2.0,18.2,1,8.78,4.32,0.84,8.15,0,0,0,1,0,0
6398,81,Female,0,1.0,28.8,0,18.96,2.85,9.63,5.48,0,0,0,1,0,0
4867,60,1,0,0.0,30.0,0,6.37,5.37,4.48,8.05,0,0,1,0,0,0
6837,69,0,1,0.0,31.9,0,17.06,9.8,1.96,7.12,1,0,0,0,0,1
6603,76,0,0,1.0,30.7,No,9.29,6.66,1.09,4.25,0,0,0,0,0,0
4998,72,0,0,0.0,32.6 kg/m2,0,15.58,4.15,3.64,6.61,0,1,0,1,0,0
5416,78,0,0,2.0,24.5,1,1.87,5.96,8.42,8.48,0,0,1,0,0,0
5502,67,1,0,1.0,,0,14.78,1.83,8.7,9.75,0,0,0,0,0,0
6460,76,0,0,1.0,29.0,1,10.49,6.72,0.23,9.86,0,0,0,0,0,1
6102,79,1,0,2.0,22.8,0,8.14,3.08,1.75,6.36,0,0,1,1,1,0
4843,67,1,0,2.0,34.9,0,5.32,2.97,7.48,6.09,0,0,1,0,0,0
6156,70,1,1,1.0,30.9,1,17.27,7.67,3.77,5.47,0,0,0,1,0,0
4865,90,1,0,3.0,38.8,1,3.72,5.15,8.34,4.74,1,0,0,1,0,0
6127,86,0,0,,28.9,0,6.79,6.78,9.7,9.98,1,0,0,0,0,0
5005,79,1,1,0.0,26.0,0,10.0,0.75,9.36,4.87,0,0,0,1,0,0
5180,64,0,1,0.0,31.6,0,8.86,6.77,2.25,6.09,0,0,0,0,0,0
5339,68,1,1,2.0,26.9,0,11.03,3.19,5.94,4.08,0,1,0,0,0,1
6833,60,1,0,1.0,37.1,0,6.88,3.61,0.02,6.48,0,0,0,1,0,0
6768,68,Male,0,1.0,33.9,0,4.77,9.79,1.09,6.62,0,0,0,0,0,1
4869,77,1,1,2.0,19.4,0,18.24,1.48,3.48,7.47,0,0,0,0,0,0
6164,82,Male,0,2.0,29.5,No,16.51,0.75,8.95,8.38,0,0,0,0,0,0
4883,80,0,1,2.0,22.1,0,11.81,8.29,7.1,4.56,1,1,0,1,0,1
6401,66,1,2,1.0,36.6,1,2.04,8.34,7.93,6.27,0,0,0,0,0,0
5014,84,1,1,1.0,31.7,1,10.32,6.36,7.25,7.63,0,0,0,0,0,0
6064,78,1,0,1.0,24.0,1,12.25,2.12,4.18,4.99,0,0,0,1,0,0
4997,84,1,0,2.0,38.0,0,3.68,2.69,2.98,4.14,0,0,1,0,0,0
6253,65,0,0,1.0,35.2,1,3.89,4.45,2.03,6.87,0,0,1,0,0,1
5526,62,0,0,0.0,37.4,1,12.28,7.06,3.62,8.01,0,0,0,0,0,0
5303,65,Male,1,1.0,15.8,0,6.17,8.01,2.37,9.33,0,0,0,1,0,0
5864,76,0,0,3.0,28.0,1,6.1,2.38,5.83,8.33,1,0,0,0,0,0
5967,67,1,0,2.0,23.3,0,12.5,8.05,6.3,5.74,1,0,1,1,0,0
6310,76,1,2,2.0,34.9,0,16.25,5.98,9.19,7.26,0,1,0,0,0,1
5331,61,0,0,2.0,37.0,0,14.74,7.76,6.11,5.25,0,0,0,1,0,0
6427,90,1,0,1.0,15.5,1,9.95,5.56,9.32,9.58,1,0,0,0,0,0
6211,90,Male,2,1.0,25.1,0,17.75,3.05,3.26,9.42,1,0,0,0,0,0
6803,80,0,0,1.0,17.2,No,15.61,2.6,2.0,6.92,0,1,1,0,1,0
5402,64,Male,2,1.0,28.6,1,5.55,7.01,8.7,4.78,0,0,0,0,1,0
6394,80,0,0,1.0,24.4,0,12.49,1.43,5.79,5.42,1,0,0,0,0,0
5921,87,0,0,1.0,35.4 kg/m2,0,19.11,6.38,4.83,9.7,0,0,0,1,0,0
5893,81,0,3,0.0,34.0,0,7.87,2.32,8.9,8.04,0,1,0,0,0,0
6372,64,1,0,1.0,37.0,1,9.81,8.81,9.73,4.18,0,0,0,0,0,0
4947,78,1,0,0.0,17.1,1,15.54,3.72,2.8,4.81,0,0,0,0,0,0
5284,68,0,2,1.0,15.6,0,8.56,5.55,9.8,4.41,0,0,0,0,0,0
5613,82,1,0,1.0,33.1,1,11.09,8.84,9.73,9.81,0,0,1,1,0,0
6662,76,1,0,1.0,26.5,0,4.33,0.13,7.85,7.47,0,0,0,0,0,0
6875,70,0,0,2.0,29.6,1,13.28,1.27,8.07,9.3,0,0,0,0,0,0
6119,77,1,0,1.0,25.6,1,16.23,9.92,1.32,8.33,0,0,0,1,1,0
5648,78,1,0,2.0,30.8,Yes,10.52,8.76,1.01,6.48,0,0,0,0,0,0
6335,86,1,0,1.0,30.3,0,17.68,9.61,0.76,6.57,0,0,0,0,0,1
5801,70,1,0,1.0,30.2,0,19.36,1.09,8.33,8.85,0,0,0,0,0,1
5427,88,1,1,3.0,24.6,0,19.23,2.72,3.64,4.68,1,0,0,0,0,0
4765,64,1,0,2.0,27.9,0,2.18,9.71,5.32,9.09,0,1,1,1,0,0
5251,73,1,0,1.0,19.1,1,2.19,6.76,9.36,9.97,0,0,0,0,0,1
6626,61,1,0,0.0,29.9,No,7.01,1.46,6.98,9.91,0,0,1,0,0,1
5857,90,Male,0,2.0,36.4,1,6.61,5.01,2.59,7.13,0,0,0,0,0,0
6770,70,0,1,2.0,20.4,0,5.89,7.04,2.95,4.44,0,0,0,0,1,0
6679,69,0,0,2.0,20.9,1,4.52,0.21,0.59,6.46,0,0,1,0,0,0
6393,90,1,0,3.0,20.8,0,16.84,8.09,9.69,6.33,1,0,0,0,0,0
5351,73,0,0,1.0,31.3,1,10.55,5.21,9.63,5.44,0,0,0,0,0,0
5626,82,1,0,1.0,25.3,1,5.05,0.05,3.12,7.49,0,0,0,1,0,0
5024,60,0,2,1.0,39.3,0,11.39,3.99,6.44,4.7,0,1,0,1,1,0
5435,64,F,0,2.0,37.8,0,3.21,4.62,0.72,9.25,1,0,0,0,0,0
6465,81,1,0,3.0,17.1,0,1.28,1.49,2.73,8.3,0,0,0,1,0,0
6241,60,0,1,3.0,28.6,0,7.36,8.47,5.85,4.46,1,0,1,1,1,0
5884,81,0,0,0.0,21.1,1,16.56,9.47,6.0,8.2,0,0,0,0,0,0
6222,68,0,0,2.0,38.6,0,11.05,5.05,8.83,4.81,0,0,0,0,0,0
5122,61,0,0,3.0,,1,4.47,9.56,4.57,4.88,0,0,0,0,0,1
5022,88,0,0,2.0,37.5,0,2.29,2.89,0.37,8.85,1,1,0,0,0,1
5356,68,0,0,1.0,34.1,1,0.25,1.59,3.52,6.61,0,0,0,0,1,0
6224,72,1,0,0.0,23.1,0,4.18,6.0,0.1,4.49,0,0,0,0,0,0
6004,82,1,0,2.0,21.3,1,5.96,7.82,8.48,6.57,0,0,0,0,0,0
4965,81,1,2,1.0,27.8,0,16.7,0.74,9.21,9.94,1,0,0,0,0,0
6469,65,0,0,0.0,37.8 kg/m2,0,10.65,2.9,8.65,4.61,0,0,0,1,0,0
5095,72,0,1,2.0,26.9,0,4.4,6.03,3.76,7.01,1,0,0,0,0,0
5589,78,1,0,1.0,19.7,No,14.4,5.72,3.1,5.76,1,0,0,0,0,1
4898,83,1,0,1.0,17.1,0,2.12,6.15,1.75,6.27,1,0,0,0,0,1
5772,81,1,0,0.0,37.8,1,11.98,0.0,9.19,9.01,0,0,0,0,0,0
6486,68,0,0,1.0,18.9 kg/m2,1,9.97,3.39,0.32,7.78,0,0,0,1,0,0
5163,79,1,1,1.0,22.1,0,19.46,1.6,3.28,7.63,1,0,0,0,0,0
5974,84,1,0,1.0,17.1,1,5.85,3.61,9.38,7.64,0,0,0,0,0,0
5534,62,0,0,2.0,24.0,1,12.03,3.26,1.68,8.43,0,1,0,0,0,0
5093,60,Male,0,1.0,31.0,0,15.03,0.67,9.67,8.67,0,0,0,0,0,0
5698,75,1,1,1.0,28.1,0,14.69,9.36,6.89,4.24,0,1,0,1,0,0
5498,74,1,0,1.0,19.7,0,0.72,2.2,6.44,9.87,0,0,0,0,0,1
4924,66,1,0,2.0,28.7,0,2.84,2.86,9.96,7.44,1,0,0,0,1,0
5128,82,1,0,1.0,29.6,0,9.86,9.9,1.71,4.34,0,0,0,1,1,1
6242,67,0,0,1.0,21.6,0,2.5,6.14,4.03,4.29,0,0,0,0,1,1
5489,65,0,3,1.0,20.5,0,17.9,6.75,6.16,4.42,1,0,0,0,0,0
6080,77,1,2,1.0,25.9,0,3.72,5.57,9.47,9.77,0,0,0,0,0,0
6396,87,0,0,1.0,20.3,0,9.88,3.25,9.46,7.06,0,0,0,0,0,1
4803,79,1,0,1.0,16.8,0,17.24,6.58,4.7,7.98,1,0,0,0,0,1
4769,72,0,0,2.0,37.9,0,9.39,7.13,3.31,6.79,0,0,0,1,0,0
6060,85,0,0,,36.7,0,17.34,0.25,8.83,7.43,0,0,0,0,0,1
4972,70,0,0,1.0,15.1,1,5.98,5.84,5.65,9.52,0,0,0,0,0,0
6362,78,1,0,1.0,22.0,0,5.31,5.23,3.77,9.97,0,0,0,0,0,0
6518,85,1,1,,25.2,0,6.05,8.44,8.04,7.95,0,0,0,0,0,0
6874,76,1,0,0.0,37.9,1,5.73,2.59,1.81,6.98,1,0,0,0,0,0
6140,60,1,0,1.0,19.3,0,16.75,2.69,9.71,4.41,0,0,0,1,0,0
5891,78,0,0,1.0,15.1,1,18.74,5.92,2.17,8.87,0,0,0,0,1,0
6580,80,1,2,2.0,35.6,0,7.12,7.79,0.68,8.76,0,0,1,1,0,0
6136,68,Male,0,3.0,33.6,0,7.8,2.79,5.88,7.23,0,1,0,0,0,0
4846,90,1,0,1.0,32.7,0,16.57,3.84,7.5,8.4,1,0,0,0,0,0
6250,88,1,0,2.0,27.9,0,10.32,0.77,7.53,7.84,1,1,0,0,0,0
5012,73,Male,0,1.0,17.5,1,4.53,1.13,2.1,8.78,0,1,0,0,1,0
6884,87,0,0,0.0,35.6,0,17.12,3.79,6.05,9.99,0,0,0,0,0,1
6598,87,1,0,0.0,34.8,0,6.52,2.16,3.38,6.76,0,1,0,0,0,0
4930,75,1,2,3.0,20.6,1,17.7,3.17,8.08,9.16,0,0,0,0,0,0
5877,85,1,1,1.0,38.8,No,7.5,5.5,7.91,9.01,0,0,1,0,0,0
5467,70,1,0,1.0,38.6,0,14.41,3.03,1.07,4.39,0,0,0,0,0,0
6862,65,Male,0,0.0,30.5,No,0.15,0.96,9.85,6.76,0,0,0,0,0,0
4935,82,0,3,2.0,15.0,0,7.79,7.87,0.11,7.82,0,1,0,0,0,0
5218,71,1,1,1.0,37.7,0,14.71,9.03,9.25,6.48,0,0,0,0,0,1
6655,90,0,0,2.0,17.4,0,12.99,9.19,5.76,6.34,1,1,0,0,0,1
5654,90,0,0,1.0,22.6,1,5.56,9.53,0.34,6.25,0,0,1,0,0,1
4822,88,1,1,1.0,33.6,0,10.32,8.49,6.38,5.55,0,0,0,0,0,0
5920,71,1,1,2.0,35.8,0,5.42,7.12,2.28,4.51,0,0,1,0,1,0
6439,79,1,1,1.0,39.1,1,8.84,9.1,6.83,8.5,1,0,1,0,0,0
6416,63,0,0,3.0,40.0,0,13.59,3.24,3.53,5.06,1,1,0,0,0,0
5097,78,F,0,1.0,39.4,1,2.1,1.57,8.92,5.54,1,0,0,0,0,1
6608,85,0,0,3.0,31.9,0,19.11,0.02,2.99,6.01,0,0,0,0,0,0
5958,62,1,2,1.0,21.1,0,5.84,4.32,7.23,7.05,1,1,0,0,0,0
4780,79,0,0,0.0,18.8,0,8.04,5.29,5.37,8.39,0,1,1,0,0,0
6821,72,1,0,3.0,15.2,0,5.53,4.0,2.03,5.29,0,1,0,1,0,0
5547,66,0,0,1.0,31.0,0,16.91,0.16,0.4,4.68,0,0,0,0,0,0
5814,78,0,2,2.0,20.8,0,14.07,9.66,3.52,9.39,0,0,0,0,0,0
6279,68,1,0,3.0,33.6,0,1.43,1.17,8.94,5.78,0,0,0,0,0,0
4908,77,1,3,,28.3,1,19.97,1.95,0.95,6.7,0,0,0,0,0,0
5683,63,1,3,0.0,39.8,0,2.36,0.37,1.91,4.83,0,0,0,0,0,0
5409,74,1,1,0.0,20.8,No,18.17,0.42,8.53,8.75,1,0,0,0,0,0
6778,86,0,1,1.0,27.9,0,7.99,5.42,8.95,7.12,0,0,0,0,0,0
5145,71,1,0,1.0,35.9,No,16.34,0.54,6.22,6.97,0,0,0,1,0,0
5827,75,0,0,2.0,19.8,0,12.84,2.82,0.03,4.05,0,0,0,0,0,0
5739,68,1,1,,35.0 kg/m2,No,5.48,3.0,4.2,5.87,0,0,0,0,1,0
6584,82,1,1,0.0,37.4,1,1.15,1.67,3.46,9.07,0,0,0,0,1,0
6134,79,1,0,1.0,18.4,0,15.66,5.57,0.54,8.21,0,0,0,0,0,0
6382,61,0,1,0.0,24.6,0,12.45,8.82,8.7,5.42,1,0,0,0,0,0
5153,76,0,3,3.0,37.2,0,12.65,2.55,6.23,4.55,0,0,0,1,0,0
5740,67,1,0,1.0,25.8,1,18.03,6.86,2.99,6.87,0,0,0,0,0,0
6196,71,1,0,1.0,38.8,1,15.68,4.04,5.42,5.82,0,0,0,0,0,0
6223,69,0,0,2.0,30.3,1,5.38,6.91,1.81,8.97,0,0,1,0,0,0
5428,78,1,1,0.0,36.2,0,2.3,7.32,3.32,9.4,1,0,0,0,0,0
6059,81,0,0,1.0,20.2,0,5.63,1.54,6.5,9.54,0,0,0,0,0,0
6367,67,0,0,2.0,32.1,0,8.47,8.74,3.98,5.33,0,0,0,0,0,0
6002,67,Female,0,1.0,24.1,1,10.85,5.83,5.5,5.39,0,0,1,0,0,0
6128,69,Male,1,1.0,26.8,0,17.95,2.5,1.39,8.85,1,1,0,0,0,0
5573,63,1,0,2.0,21.3,0,3.41,9.79,9.1,7.58,0,0,0,1,0,0
5714,89,0,0,2.0,26.5,0,7.85,4.8,1.48,6.24,0,0,0,1,0,0
5586,76,1,1,3.0,33.5,No,5.96,3.51,5.46,8.9,0,0,0,1,0,1
5784,88,1,3,1.0,17.9,0,3.48,9.98,9.86,9.34,0,0,0,0,0,1
6707,75,1,0,1.0,39.1,0,0.14,9.15,0.24,8.54,0,1,0,0,0,0
5690,67,1,0,2.0,15.6,1,18.71,8.89,1.63,4.76,0,0,0,0,0,0
5805,73,0,1,1.0,27.4,1,15.8,6.3,2.54,6.07,0,0,0,1,0,0
5852,69,0,1,3.0,15.0,0,11.2,6.35,8.27,6.69,1,0,0,0,0,1
5442,67,0,0,1.0,23.9,No,1.05,5.72,1.53,7.6,0,0,0,0,0,0
6605,84,1,1,2.0,32.4,1,10.18,7.28,4.02,9.92,0,0,0,0,0,0
6407,80,0,0,1.0,34.8,0,3.78,5.9,4.95,4.34,1,0,0,0,0,0
5085,83,1,3,1.0,21.9,0,0.2,5.91,3.29,6.21,0,0,0,1,0,0
5624,84,1,0,1.0,18.9 kg/m2,1,16.79,6.63,3.74,5.22,0,0,0,0,0,0
5556,75,0,0,2.0,30.3,Yes,17.01,5.93,3.6,8.68,0,0,1,0,0,0
6792,62,Female,0,2.0,36.5,0,19.33,4.55,7.6,7.87,0,0,0,0,0,0
4758,75,0,0,1.0,18.8,0,13.72,4.65,8.34,4.21,0,0,0,0,0,0
5268,88,1,0,0.0,18.4,1,3.42,4.38,8.39,4.63,1,0,0,0,0,0
4948,68,1,0,2.0,33.0,0,19.65,9.1,3.3,4.46,0,0,0,0,0,0
5047,73,1,2,3.0,34.9,0,2.29,3.24,4.74,6.91,0,0,0,0,0,0
6167,74,1,0,0.0,15.4,0,6.02,7.35,2.95,4.53,0,0,0,0,0,0
6441,90,0,0,1.0,30.2,1,17.96,5.94,0.71,7.05,1,0,0,0,0,0
6798,63,F,0,2.0,23.3,No,13.82,7.49,6.33,5.47,0,0,0,1,0,0
6680,69,1,1,1.0,23.2,Yes,7.36,2.83,9.56,8.37,0,0,0,0,0,0
6281,90,0,0,0.0,39.6,0,17.51,1.97,0.57,6.14,0,0,1,0,1,0
6285,63,0,1,3.0,37.8,1,16.76,2.43,2.83,7.46,0,0,0,0,0,0
4873,70,Female,0,1.0,35.4,1,13.84,3.43,3.88,6.86,0,0,0,1,0,0
5129,87,Male,1,1.0,33.6,0,18.14,9.59,4.48,6.16,0,0,0,0,0,0
5813,74,0,0,2.0,16.3,No,11.28,1.15,7.17,9.69,1,0,0,0,1,0
6763,63,0,0,1.0,17.8,0,9.1,2.58,5.32,5.8,0,0,0,0,0,0
6447,80,Female,0,2.0,16.9,Yes,6.63,6.63,8.53,8.76,1,0,0,0,0,0
4913,87,1,0,2.0,36.7,0,17.91,0.07,2.95,7.58,0,0,0,0,0,0
5937,66,0,1,1.0,29.4,1,14.21,7.54,7.47,7.37,0,0,0,1,0,0
5842,81,1,0,1.0,36.9,1,0.76,1.45,2.7,4.33,0,1,0,0,0,0
4875,71,M,0,2.0,37.1,0,19.63,3.02,7.27,8.86,1,0,1,0,0,0
5302,75,0,0,0.0,32.2,1,19.48,2.28,2.92,9.82,0,0,0,1,0,0
4755,89,0,0,,20.7,0,18.45,6.31,0.8,5.6,0,0,0,0,0,0
6320,62,0,1,1.0,18.4,0,9.9,6.78,1.27,5.73,0,0,0,0,0,0
5666,79,1,2,0.0,31.6,1,11.7,2.87,8.71,8.79,0,0,0,0,0,1
6657,63,Male,1,1.0,31.9,0,15.98,7.44,8.93,9.65,0,0,1,0,0,0
5709,78,1,0,1.0,32.9,0,2.38,3.96,0.69,5.04,1,0,0,0,0,0
6717,85,1,2,3.0,25.7,No,18.35,8.4,6.15,7.19,1,0,0,1,0,0
6676,60,0,1,0.0,33.4,0,8.73,7.28,9.46,6.98,1,0,0,0,0,1
5362,65,0,0,1.0,20.8,1,13.36,5.8,1.77,4.47,0,0,0,0,0,0
5038,83,0,0,0.0,31.3,0,13.9,7.9,1.48,7.2,0,0,0,0,0,0
6202,78,0,3,0.0,30.5,0,11.64,9.29,7.93,8.14,0,1,0,0,0,0
5707,60,0,0,3.0,28.9,0,9.67,6.01,3.0,7.33,0,1,0,1,0,0
6383,89,1,0,1.0,29.9,1,10.96,3.03,7.37,5.3,0,0,0,0,0,0
6043,83,1,0,0.0,36.0,0,1.65,9.16,3.61,6.41,0,0,0,0,0,0
6463,65,0,0,1.0,15.4,0,1.51,2.84,9.88,9.52,0,1,1,0,0,0
6487,60,0,0,2.0,32.3,0,15.5,2.09,7.56,7.1,1,0,0,0,0,0
5659,61,0,2,2.0,29.7,0,18.29,4.77,8.47,6.23,0,0,0,1,0,0
5257,61,0,1,1.0,20.2,1,6.56,0.95,1.5,6.67,0,1,0,0,0,0
5107,64,Male,0,2.0,,0,15.59,2.44,2.66,7.74,0,0,0,0,0,0
6174,68,0,0,1.0,22.5,No,14.46,7.39,8.69,4.67,0,0,0,1,0,1
6092,62,Female,0,3.0,28.2,1,7.76,1.91,6.02,5.04,0,0,0,0,0,0
5103,76,1,1,1.0,18.9,0,19.64,5.51,4.89,9.15,0,0,0,0,0,0
5595,87,1,0,0.0,24.6,1,5.75,2.47,7.16,7.74,0,1,0,0,0,0
5905,62,1,0,1.0,25.7,0,11.38,8.11,2.89,6.83,0,1,0,1,1,0
6299,87,0,0,1.0,28.1,0,11.07,8.11,0.67,6.85,0,0,0,0,0,0
6593,74,1,0,2.0,30.8,1,4.09,2.72,8.28,6.81,1,0,1,0,0,0
5587,61,0,2,0.0,22.5,1,6.34,5.68,5.13,4.9,0,0,0,0,0,0
5697,71,M,0,0.0,37.9,0,6.19,5.04,3.28,7.98,0,0,0,1,0,0
5418,64,0,0,0.0,32.4,0,10.3,7.98,7.16,7.53,0,0,0,0,0,0
5637,77,1,1,1.0,36.3,0,17.19,3.73,6.27,4.41,0,0,0,0,0,0
6035,70,1,0,2.0,25.6,0,17.4,2.67,6.59,9.41,1,0,0,0,0,0
6670,80,0,0,1.0,27.8,0,5.99,2.54,4.94,8.11,0,0,0,0,0,0
5084,69,0,0,0.0,26.6,0,5.98,4.31,5.31,7.88,0,0,0,0,1,0
4904,84,1,0,2.0,15.8,0,18.45,5.59,5.47,7.61,1,0,0,0,0,0
6171,89,1,2,2.0,31.8,0,4.56,1.8,0.51,6.38,0,0,0,0,0,0
5538,81,1,0,1.0,32.2,0,4.5,0.99,1.33,8.33,0,0,0,0,0,0
5252,62,0,1,1.0,37.5 kg/m2,1,9.4,5.62,6.13,8.14,0,0,0,0,0,0
5472,67,1,0,2.0,20.4,1,10.67,9.06,7.46,5.77,0,0,0,0,1,0
5124,61,1,0,3.0,26.4,0,4.5,2.77,8.48,9.14,0,0,0,0,1,0
5341,71,0,0,1.0,21.2,0,10.66,1.33,4.4,9.4,1,0,0,0,0,0
5063,63,0,0,2.0,35.2,0,9.22,8.43,8.43,7.35,1,0,1,0,0,0
6373,88,0,0,0.0,21.9,0,6.17,2.31,4.15,7.28,0,1,1,0,0,0
4793,68,1,0,3.0,31.0,0,6.07,3.76,8.17,5.53,0,0,0,1,0,0
6536,60,1,0,0.0,15.4,0,12.79,0.29,0.16,6.1,0,0,0,0,0,0
5396,68,1,0,1.0,32.4 kg/m2,0,17.29,5.08,5.31,4.7,0,0,0,0,0,0
6710,66,0,2,2.0,26.5,0,16.4,6.85,8.53,8.92,0,0,0,0,0,0
5722,70,0,2,0.0,28.5,0,16.86,0.97,2.2,9.81,0,1,1,0,0,0
6761,71,1,1,1.0,26.8,0,19.07,5.19,1.08,4.46,0,0,0,0,0,0
5273,89,1,0,2.0,31.0,1,3.82,8.47,5.17,6.73,0,0,0,0,0,0
6613,61,1,0,0.0,15.6,0,5.56,8.71,2.81,8.34,0,0,0,0,0,0
5513,68,Female,0,1.0,22.3,1,17.28,4.41,1.35,5.29,0,1,0,0,0,0
6698,67,1,1,1.0,28.1,0,3.51,4.41,1.4,7.66,0,0,0,1,0,0
5915,90,0,0,1.0,23.2,1,14.37,8.51,8.45,7.04,0,0,0,0,1,1
6473,83,0,2,2.0,18.9,1,8.8,7.71,2.08,7.53,0,1,0,0,0,0
5455,90,0,2,2.0,22.0,0,10.76,6.24,5.06,7.26,1,0,0,0,0,0
6666,80,0,1,1.0,28.4,0,11.74,2.2,7.89,9.45,0,0,0,0,1,0
6801,62,0,0,2.0,24.2,1,8.15,8.45,8.27,5.82,1,0,0,0,1,0
6660,71,1,0,1.0,18.8,No,19.95,0.34,7.16,9.23,0,0,1,0,0,0
6557,73,0,1,,22.0,1,15.45,2.86,8.67,7.77,0,0,0,0,0,0
5695,61,Male,0,3.0,,0,8.24,9.5,5.87,4.05,0,0,1,0,0,0
4919,71,1,0,0.0,27.8,0,13.84,3.6,9.09,8.02,0,0,0,1,0,0
6758,60,1,0,1.0,38.2,1,8.76,5.71,9.82,6.28,0,1,0,0,0,0
6317,74,F,0,0.0,38.3,0,7.28,5.28,0.96,4.56,0,1,0,0,0,0
5111,73,1,0,2.0,36.7,1,12.9,4.17,6.78,7.57,1,1,0,0,0,0
5769,81,1,0,0.0,34.6,0,7.38,2.47,5.28,9.02,0,0,0,0,0,0
6220,84,1,2,2.0,26.5,0,2.99,3.01,0.83,4.04,0,0,0,0,0,0
5658,65,0,0,0.0,34.4,0,4.09,8.76,0.02,4.68,0,0,0,0,1,0
6444,62,Male,2,1.0,24.1,0,18.36,9.46,6.42,8.78,0,1,0,1,1,0
5494,63,0,1,1.0,30.3,0,18.41,1.86,1.99,5.66,1,0,0,1,0,0
5023,87,0,2,3.0,27.8,No,5.61,7.5,9.62,9.65,0,0,0,1,0,0
6244,88,0,1,1.0,21.5,0,11.21,2.25,1.51,7.88,0,0,0,0,0,1
5270,63,0,0,0.0,16.5,1,3.2,7.71,2.5,8.8,0,1,0,0,0,0
5565,71,1,0,,28.8,0,1.96,5.29,5.83,9.95,1,1,0,0,0,0
5569,74,0,0,0.0,23.7,0,4.55,3.28,0.57,4.85,0,0,0,0,0,0
6152,81,1,0,3.0,23.2,1,3.24,7.0,8.12,6.35,0,0,0,1,0,1
5485,89,1,1,1.0,31.4,0,19.11,3.57,7.05,5.21,0,0,0,0,0,0
6273,77,0,0,1.0,26.8,0,8.51,5.54,0.05,5.5,1,0,0,1,0,1
6389,82,1,0,2.0,,0,16.01,7.41,2.34,6.69,1,1,0,0,0,0
6851,67,1,1,2.0,34.8,0,9.82,1.1,5.54,6.02,0,0,0,0,0,0
6260,64,0,0,1.0,34.9,0,8.66,0.4,6.79,6.34,0,0,0,1,0,0
6765,87,1,0,1.0,37.0,0,16.78,8.6,6.02,5.41,0,0,1,0,0,0
6543,84,1,2,0.0,35.3,0,14.16,1.89,5.65,9.18,0,0,0,1,0,0
5665,70,0,3,2.0,33.0,1,12.95,1.46,2.98,7.32,0,0,0,1,0,0
6451,88,0,3,0.0,31.8,1,5.25,6.67,3.12,6.26,0,0,0,0,0,0
6849,62,0,3,2.0,38.0,0,19.06,9.47,9.36,7.97,0,0,0,0,0,0
5872,70,1,0,1.0,24.4,0,7.63,6.12,5.94,9.57,0,0,0,1,0,0
6687,70,Female,0,2.0,20.9,0,4.95,7.83,6.84,5.14,0,1,0,0,0,0
4879,82,1,1,2.0,36.6,0,16.51,4.78,3.75,5.98,0,0,0,0,0,0
5749,71,0,0,1.0,36.6,1,11.24,2.54,6.44,7.27,0,1,0,0,0,0
6797,74,0,3,2.0,36.4,1,8.27,1.1,0.77,4.52,0,0,0,0,0,0
6397,80,1,0,0.0,24.7 kg/m2,Yes,15.7,6.28,7.35,7.79,0,0,0,0,0,0
5295,88,0,0,0.0,17.9,1,13.71,1.43,6.06,7.66,0,0,0,0,0,0
5130,70,0,1,1.0,35.9,0,0.76,6.32,6.16,8.19,0,0,0,0,1,0
6658,88,0,0,1.0,39.4 kg/m2,No,3.51,8.14,8.42,8.64,0,1,0,0,0,0
4954,65,0,0,2.0,28.5,1,19.42,4.02,5.6,4.51,1,0,0,1,1,0
5094,70,0,1,3.0,27.9,0,5.22,8.11,0.85,4.2,0,0,0,0,0,1
6722,68,0,3,,19.2,0,12.09,2.57,8.62,7.03,0,0,0,0,0,0
6429,90,0,0,0.0,21.3,0,6.28,6.47,4.91,4.37,1,0,0,1,0,0
6838,66,1,0,3.0,20.4,0,14.4,2.58,3.55,7.9,1,0,0,1,0,0
5269,89,0,0,1.0,24.0,1,16.08,4.06,4.37,5.18,0,0,0,0,0,0
6787,79,0,0,0.0,29.3,1,3.59,5.1,0.51,5.74,1,0,0,0,0,0
5239,77,0,0,1.0,26.5,1,8.4,9.92,8.53,8.04,1,0,0,1,0,1
6012,83,0,0,2.0,32.7,0,17.88,1.7,2.76,6.08,0,0,0,0,0,0
5752,77,0,0,1.0,15.4,0,13.3,2.16,0.3,8.15,0,0,0,1,0,1
6324,69,Female,1,0.0,38.1,0,1.07,1.38,4.36,8.65,1,0,0,0,0,0
6175,73,0,0,2.0,20.1,0,4.3,4.02,3.45,7.82,1,0,1,0,0,0
6345,82,1,0,2.0,15.5,0,14.55,7.83,0.96,8.19,0,1,0,0,0,0
5668,68,1,1,1.0,18.8,0,16.89,7.39,2.75,7.91,0,1,0,1,0,1
4983,60,Female,3,3.0,22.1,0,8.0,5.03,7.51,7.79,0,0,1,1,1,0
5545,82,1,0,2.0,38.3,1,1.1,0.6,4.36,6.22,0,0,0,0,0,0
6457,85,0,3,0.0,37.5,1,13.35,8.88,3.81,6.36,0,0,0,0,0,0
6217,68,0,0,0.0,37.7,1,10.93,5.2,5.46,6.99,1,0,0,1,0,0
6846,90,1,0,2.0,33.9,0,7.15,7.97,8.44,7.61,0,0,0,1,0,0
6493,80,0,2,2.0,31.5,1,16.03,0.92,3.64,6.87,1,1,0,0,0,0
5873,60,Female,0,0.0,26.4,0,7.57,7.25,1.53,7.92,0,1,0,1,0,0
5265,78,1,3,2.0,34.3,0,18.38,3.17,2.42,9.37,0,1,1,0,0,0
5943,88,0,0,1.0,,1,14.04,0.59,8.16,4.46,0,0,0,0,0,0
5262,67,1,0,2.0,34.1,0,3.9,3.1,1.32,8.88,0,1,0,0,1,0
4863,85,0,2,1.0,33.3,0,14.66,1.03,5.74,9.16,0,0,0,0,0,0
5750,82,0,0,2.0,17.8,0,16.24,1.11,2.22,8.14,1,0,0,1,0,1
4968,64,0,1,1.0,38.6,0,12.15,3.73,0.75,4.44,0,0,0,0,1,0
6135,74,0,1,2.0,30.9,0,19.08,7.34,3.92,7.53,0,0,0,0,1,0
6333,82,0,0,2.0,32.6,0,10.06,4.34,3.01,7.5,0,1,0,1,0,0
5250,64,1,1,2.0,31.7,0,13.37,2.7,6.95,6.77,1,0,0,0,0,1
6688,89,0,0,1.0,20.0,0,12.83,4.14,5.84,6.78,0,0,0,0,0,0
5685,84,0,0,1.0,28.9,1,11.31,8.67,4.02,8.24,0,0,0,1,0,0
4976,76,Female,0,1.0,27.9,Yes,10.67,8.02,8.28,9.14,1,1,0,0,0,0
5793,62,1,3,0.0,16.5,0,10.35,9.3,8.17,9.54,0,0,0,1,0,0
5943,88,0,0,1.0,,1,14.04,0.59,8.16,4.46,0,0,0,0,0,0
6721,67,0,0,2.0,23.2,0,18.83,7.31,4.14,7.85,0,0,1,0,1,0
6067,74,0,0,1.0,17.5,0,15.41,3.72,8.5,4.51,0,0,0,0,0,0
6835,73,0,0,2.0,25.3,0,15.39,0.5,4.43,9.28,0,0,0,0,0,0
6668,87,0,0,1.0,16.0 kg/m2,1,8.66,6.04,5.42,8.16,0,1,1,1,0,1
5148,77,0,0,1.0,20.2,0,14.67,5.56,0.88,6.85,0,0,0,0,0,0
6514,62,1,1,2.0,29.9,0,14.25,3.2,8.9,9.53,1,0,0,0,1,0
6417,63,1,0,3.0,26.4,0,8.23,5.88,0.28,9.33,0,0,1,0,0,0
5291,73,0,0,2.0,19.0,0,5.03,6.0,8.67,5.52,0,0,0,0,0,0
5079,72,0,1,1.0,32.0,No,5.73,9.98,2.74,5.45,1,1,0,0,0,0
5546,87,Female,0,1.0,18.6 kg/m2,0,1.7,0.15,6.33,5.26,0,0,0,0,0,0
5599,90,1,3,2.0,17.5,1,0.9,6.78,7.36,7.42,0,0,0,1,0,1
6781,84,0,0,2.0,34.2,No,14.24,5.58,7.16,9.21,0,0,0,1,0,1
5372,84,0,0,,23.5,0,15.92,7.57,3.38,8.08,1,0,0,1,0,0
6582,74,1,1,2.0,16.7,0,1.93,0.63,2.7,7.83,0,1,0,0,0,0
4844,63,1,0,0.0,25.7,0,4.87,5.49,8.56,6.27,0,0,1,1,0,0
4964,86,1,2,2.0,26.9,1,2.11,1.65,9.67,9.04,0,0,0,0,0,0
5521,79,Female,1,2.0,36.4,0,8.33,2.54,7.27,9.62,0,0,0,0,0,0
5088,70,1,1,2.0,38.0,0,5.65,3.91,4.41,7.81,1,0,0,0,1,1
6200,88,0,0,,35.3,0,19.01,5.76,8.62,5.3,0,0,0,0,0,0
5554,81,1,0,2.0,39.9,1,10.6,8.34,6.97,4.41,0,0,0,0,0,0
4963,72,0,3,3.0,26.3,0,16.08,6.9,4.37,4.25,1,0,0,0,0,0
5369,63,1,2,2.0,21.0,0,11.71,7.62,9.52,4.87,0,1,1,1,0,0
5890,90,1,0,3.0,26.1,1,8.36,7.92,6.75,5.66,0,1,0,0,0,0
5933,75,1,0,1.0,27.8,0,4.52,8.87,0.27,4.56,0,0,0,0,0,0
5919,66,1,0,1.0,18.7,1,9.66,3.0,8.05,7.28,1,0,0,1,0,0
5887,63,1,0,2.0,31.0 kg/m2,0,9.04,9.49,9.2,5.18,0,0,0,0,0,1
4787,85,0,0,1.0,36.2,0,2.65,3.99,2.4,8.81,0,0,0,0,0,1
4856,78,1,3,1.0,23.2,0,10.09,4.1,3.9,5.97,0,0,0,0,0,0
5113,77,1,3,1.0,38.8,0,19.09,2.76,8.91,7.18,1,0,0,0,0,1
5601,67,1,3,,25.6,1,17.79,7.46,3.23,6.25,0,0,0,0,0,0
6491,90,1,0,3.0,28.1,1,7.44,0.2,5.49,5.15,1,0,0,1,0,0
5507,63,1,0,2.0,15.9,0,6.16,5.3,7.68,8.05,0,0,0,0,0,0
6508,65,0,1,1.0,28.8,0,2.48,1.09,6.11,7.15,0,0,1,0,0,0
5509,77,0,1,2.0,19.0 kg/m2,1,6.09,2.07,2.79,7.77,1,0,0,1,0,0
5116,73,0,3,3.0,18.2,0,11.14,5.61,7.93,7.81,1,1,0,0,0,0
5607,62,0,1,1.0,34.8,1,12.63,0.3,7.93,5.63,0,0,0,1,0,0
6216,73,0,0,1.0,26.1,0,12.53,1.66,6.79,8.69,0,0,0,0,0,0
6685,89,1,0,3.0,20.5,1,16.84,9.93,1.08,4.74,0,0,0,0,0,0
6535,90,0,2,1.0,34.6,0,12.47,7.89,7.69,6.71,0,0,1,0,0,0
5316,77,Female,1,2.0,28.7,1,8.18,3.42,0.08,5.8,1,0,0,0,0,0
6126,61,0,0,1.0,23.0,0,12.66,6.6,6.81,5.72,1,0,0,0,0,0
6265,67,0,2,2.0,28.5,0,14.61,1.71,5.88,7.59,1,0,0,0,0,1
5000,68,1,0,0.0,21.9,1,6.54,7.88,7.99,7.94,0,0,0,0,0,0
5227,74,0,3,2.0,21.1,1,7.48,0.17,5.97,4.57,1,0,0,0,0,0
6409,77,0,1,1.0,32.2,0,3.8,2.92,8.6,9.31,0,0,0,0,0,1
6225,73,0,0,2.0,25.6,0,9.62,9.93,0.13,4.44,0,0,0,0,0,0
6181,84,0,1,0.0,20.0,0,0.3,2.23,6.49,4.73,1,0,0,1,0,0
6871,79,1,0,1.0,36.2,0,12.81,8.7,0.31,6.65,0,0,0,1,0,0
5939,65,0,0,3.0,19.4,0,6.16,9.81,1.82,6.44,1,0,0,0,0,0
5532,67,0,0,3.0,30.2,0,9.46,0.17,4.14,5.57,0,1,0,0,0,0
5205,90,1,0,0.0,16.5,0,10.81,1.07,7.59,5.68,0,0,0,0,0,0
5068,82,0,1,3.0,37.1,0,14.59,7.31,3.9,4.15,0,0,0,1,0,0
5951,87,1,2,2.0,31.4,0,15.96,6.74,3.96,4.91,0,0,0,0,0,1
6526,74,Female,0,1.0,,0,19.07,3.35,4.68,8.33,0,0,0,0,0,1
5858,65,0,1,1.0,19.8,0,4.62,4.23,0.87,8.86,0,0,0,0,0,0
4981,66,1,0,1.0,39.7,0,1.98,6.08,8.13,9.23,0,0,0,0,0,0
6070,61,1,0,1.0,27.4,0,13.84,1.95,6.87,7.58,1,0,0,0,0,0
5403,85,0,0,2.0,25.8,0,0.99,1.2,1.85,7.57,0,0,0,1,1,0
4821,64,1,1,1.0,27.9,0,2.95,4.86,0.35,7.99,0,0,0,0,0,0
6418,67,1,0,1.0,29.3,0,8.05,4.18,0.62,5.64,1,0,1,0,0,0
5361,73,1,2,0.0,26.3,0,7.42,1.32,9.01,8.7,0,0,0,0,0,0
5925,67,0,3,3.0,15.1,0,0.53,2.34,2.83,8.41,0,0,0,1,1,0
5839,60,1,2,1.0,33.0,1,3.11,4.59,3.85,5.03,0,1,0,0,1,0
6841,90,1,1,1.0,18.4,0,7.19,3.14,4.18,7.78,0,0,0,0,0,0
6892,72,0,0,2.0,21.6,0,19.39,8.18,6.64,7.09,1,0,0,0,0,0
5161,82,Female,1,1.0,39.5,1,7.35,4.08,3.25,9.18,0,0,0,0,0,0
6832,68,0,1,1.0,15.5,0,13.75,5.7,2.56,5.03,1,0,1,1,0,1
5902,88,0,3,1.0,32.7,1,5.22,9.1,9.26,7.23,0,0,0,1,0,0
5089,74,1,0,0.0,26.6,0,16.91,4.6,3.8,9.78,0,0,0,1,0,1
5776,77,1,1,1.0,27.4,1,16.92,8.05,8.99,4.81,1,0,0,0,0,0
4794,66,0,0,1.0,37.6,0,2.22,2.92,9.75,9.74,0,0,0,0,0,0
5290,84,0,0,2.0,15.8,0,7.82,5.53,4.38,4.67,0,0,0,0,0,0
5352,73,F,1,2.0,27.9,0,2.07,2.94,0.13,8.66,0,0,0,1,0,0
6083,85,0,1,2.0,32.5,0,10.0,7.2,0.73,9.7,0,0,1,0,0,0
6360,70,0,0,,15.4,0,14.61,4.17,3.89,9.24,0,0,0,0,0,0
5716,87,F,1,2.0,37.2,0,7.36,7.37,5.11,8.1,0,0,1,0,0,0
6805,88,1,0,1.0,,0,8.82,1.77,4.81,8.05,0,0,0,0,0,0
6185,83,0,0,1.0,30.0,0,6.59,0.99,2.46,5.53,1,0,0,0,0,0
4922,67,1,0,1.0,32.9,0,6.09,2.24,6.16,4.23,0,0,0,0,0,0
5168,61,1,0,1.0,27.3,0,13.05,2.6,6.22,8.71,0,0,0,0,0,0
6700,75,0,0,2.0,19.7,1,8.82,1.54,6.28,8.32,1,0,0,0,0,0
5588,68,1,0,2.0,23.7,0,6.6,2.61,1.56,7.4,0,0,0,1,0,1
6854,90,1,0,1.0,,1,10.42,4.12,6.1,7.28,1,0,0,0,0,0
6667,81,1,3,3.0,29.3,0,18.38,0.91,8.26,7.86,1,0,0,1,0,0
6378,65,0,1,1.0,35.5,1,7.24,4.61,8.4,7.79,1,0,0,0,0,0
5557,70,1,2,1.0,35.2,0,15.44,3.28,7.25,9.84,0,0,0,0,0,1
5633,82,1,0,1.0,38.8,1,3.84,9.8,1.53,6.39,0,0,0,0,0,0
6235,75,1,2,0.0,18.4,0,17.42,9.05,2.29,7.35,0,0,1,0,0,1
6844,69,1,1,3.0,24.5,0,7.66,4.73,1.97,4.5,0,0,0,1,0,0
5388,60,0,1,0.0,22.7,0,2.37,1.78,2.66,6.53,0,0,0,0,0,0
5174,81,0,0,1.0,33.3,0,6.29,6.49,4.76,7.23,0,1,0,0,0,1
5478,80,1,0,1.0,28.0,0,13.45,7.77,0.69,9.45,0,1,0,0,1,1
5718,80,0,0,1.0,22.0,0,19.56,6.96,9.47,5.6,1,0,0,1,0,1
6090,80,1,1,1.0,22.7,1,7.74,0.71,5.94,7.92,0,0,0,0,0,0
5127,87,1,0,0.0,17.2,1,5.86,7.58,3.76,8.33,0,0,1,0,1,0
5275,62,0,3,2.0,34.2,0,19.79,1.29,0.35,6.71,0,0,0,0,0,0
6107,72,1,0,1.0,36.8,0,6.04,4.17,6.27,8.22,1,1,0,0,0,0
5189,87,1,0,1.0,37.5,1,16.77,3.35,0.19,7.05,0,0,0,0,1,0
6738,85,0,0,1.0,32.4,No,7.38,7.21,2.31,5.03,0,0,0,0,0,1
4901,69,1,0,2.0,23.3,0,5.16,6.62,6.29,7.51,1,0,0,0,0,0
6847,64,0,0,1.0,15.2,0,10.51,9.46,9.36,7.3,0,0,0,0,0,0
6331,82,1,0,2.0,18.1,0,11.59,6.59,5.5,7.46,1,1,0,0,0,0
6525,69,Male,1,3.0,31.1,1,8.47,9.06,0.35,5.99,0,0,0,0,0,1
5377,84,1,0,2.0,19.4,0,10.76,5.07,9.38,8.9,1,0,0,0,0,0
5732,79,0,0,1.0,37.9,0,1.81,2.9,1.64,5.88,1,0,0,0,0,0
5705,71,1,0,2.0,18.5,No,18.38,7.15,0.13,4.49,0,0,0,0,0,0
6811,60,1,1,2.0,33.3,1,4.4,0.59,1.78,4.15,1,0,0,0,0,0
6499,82,0,3,0.0,23.2,Yes,9.19,7.16,1.13,4.61,0,1,0,0,0,0
6596,61,1,0,2.0,33.2,0,9.41,1.34,3.27,7.27,1,0,0,0,0,1
6184,87,1,2,1.0,27.8,1,16.54,0.28,5.92,7.84,0,0,0,0,0,0
4894,72,0,0,1.0,21.8,0,3.7,3.37,4.51,7.29,0,1,0,0,0,0
5468,85,1,0,0.0,28.9,0,12.88,3.34,7.46,4.09,0,0,0,0,0,0
5277,89,0,0,2.0,22.3,0,17.83,7.63,8.8,7.96,0,0,1,0,0,0
6283,62,0,0,0.0,26.6,0,9.37,7.36,7.7,7.1,0,0,0,0,0,0
5334,87,0,0,2.0,36.2,0,4.69,5.36,4.96,9.39,1,0,0,0,0,0
5726,999,0,0,1.0,40.0,0,17.54,2.89,6.52,6.81,0,0,0,0,0,0
5317,84,1,2,0.0,29.9,0,18.75,3.89,6.19,8.13,0,1,0,0,1,0
5983,81,1,1,3.0,21.1,0,6.03,3.03,5.21,6.48,1,0,0,1,0,0
6631,81,0,1,0.0,36.2,0,15.26,1.75,5.25,7.0,0,0,0,0,1,0
5191,74,1,2,1.0,17.9,0,8.8,5.91,7.18,8.59,0,0,0,0,0,1
5906,78,0,3,2.0,26.9,0,8.98,4.56,0.68,7.95,0,0,0,0,0,1
6155,60,0,0,1.0,19.9,0,7.37,5.0,6.12,8.92,0,0,0,0,1,0
4925,79,0,1,0.0,20.8,0,9.98,7.63,1.81,5.45,1,0,0,0,0,0
6308,77,0,0,1.0,30.0,0,1.98,1.12,0.18,9.6,0,0,0,0,1,0
6478,63,Male,3,3.0,39.0,1,5.31,9.09,1.63,9.72,1,0,0,0,0,0
6045,89,1,0,1.0,25.7,0,0.04,6.29,9.07,8.5,0,0,1,1,0,1
6182,79,0,1,2.0,22.8,1,4.04,0.39,4.45,6.14,1,0,0,0,0,1
6697,66,Male,3,2.0,24.0,0,16.38,0.31,7.29,7.68,0,1,0,0,0,0
4874,75,Male,3,1.0,21.6,0,6.68,2.69,6.34,8.38,1,0,0,0,0,0
4889,60,F,3,1.0,31.6 kg/m2,0,9.37,7.93,3.35,6.24,0,0,0,1,0,0
5630,80,1,0,,35.0,1,8.94,8.5,7.29,5.97,0,0,0,0,1,0
5826,80,0,0,3.0,28.3,0,6.04,7.39,3.09,9.92,0,0,0,0,0,0
5483,89,0,0,1.0,24.9,No,16.39,7.4,9.2,6.33,0,0,0,1,0,0
5375,78,Male,3,1.0,,0,15.62,2.98,2.06,6.0,1,0,0,0,0,0
6873,71,0,0,1.0,29.2,0,6.31,0.26,4.77,5.2,0,0,0,0,0,0
6050,88,1,0,1.0,21.6,1,6.19,1.79,6.25,9.01,0,0,0,0,0,0
5535,62,0,2,2.0,37.2,1,15.87,0.83,7.41,8.91,0,0,0,0,0,0
6265,67,0,2,2.0,28.5,0,14.61,1.71,5.88,7.59,1,0,0,0,0,1
6117,78,1,0,3.0,16.4,0,16.61,1.48,4.67,9.1,0,0,0,0,0,0
6031,77,1,0,2.0,21.5,1,7.45,6.22,7.95,4.11,0,0,0,0,0,0
4933,78,1,0,2.0,24.3,1,19.8,4.43,0.31,5.28,1,1,0,0,0,0
5368,67,0,0,2.0,20.1,0,15.11,8.31,9.09,5.7,0,0,0,0,0,0
6075,61,0,3,2.0,35.3,0,5.77,2.4,3.65,8.65,1,0,1,0,0,0
5441,75,1,0,1.0,16.5,0,9.94,3.04,4.56,9.35,1,0,0,0,0,0
6769,79,0,3,2.0,17.7,0,17.77,5.66,9.74,4.32,0,0,0,0,0,1
4991,86,1,1,,28.7,0,13.46,9.36,0.07,8.57,0,0,0,0,0,0
6005,72,1,1,1.0,32.4,0,18.67,9.34,8.32,7.95,1,0,0,1,0,0
6440,77,Female,0,1.0,15.3,0,6.34,4.36,0.06,4.8,0,0,0,0,1,0
6101,89,1,1,1.0,25.1,0,12.72,9.34,1.58,5.37,1,0,0,0,0,0
6806,85,0,2,2.0,15.7,0,18.67,8.19,1.92,9.89,0,0,0,0,0,0
5209,75,0,0,1.0,28.9,1,12.82,9.76,0.98,8.29,1,1,0,0,0,0
5432,62,0,0,2.0,26.4,0,1.67,8.6,1.24,5.24,0,0,1,1,0,0
6581,64,0,1,0.0,21.8,1,17.12,6.66,8.8,4.12,0,1,0,0,0,0
6437,60,1,2,1.0,38.6,1,3.94,3.28,1.19,8.35,0,0,0,0,0,1
6443,77,1,2,0.0,22.7,0,5.17,7.72,5.24,6.14,0,0,0,0,0,0
5216,76,1,0,2.0,29.0,0,3.63,2.7,2.31,6.49,0,0,0,1,1,0
5938,69,Female,2,0.0,32.6,0,16.76,5.73,6.06,9.75,0,0,0,0,0,0
5942,71,1,2,1.0,33.5,1,17.57,8.6,5.37,4.25,0,0,0,0,0,1
4896,80,1,0,1.0,26.9,0,13.16,2.85,8.47,4.34,0,0,1,0,0,1
4957,83,0,0,1.0,23.6,1,17.19,8.4,3.75,8.81,0,1,0,0,0,0
6275,63,1,1,1.0,32.3,0,0.99,0.86,2.87,4.77,0,0,0,0,0,0
5963,61,0,0,1.0,22.4,0,15.34,8.64,8.07,6.37,1,0,0,1,0,1
6748,71,0,0,3.0,23.1,1,1.89,3.44,0.44,4.26,0,0,0,0,0,0
5075,83,1,0,1.0,37.4,0,7.72,3.02,10.0,7.08,0,1,0,1,0,0
5408,84,1,0,1.0,28.6,0,18.92,1.51,1.06,9.16,0,0,0,0,0,0
6739,86,0,1,2.0,23.8,1,19.03,6.98,9.06,7.68,1,1,0,1,0,0
6513,62,0,0,1.0,30.7 kg/m2,0,15.79,9.96,8.27,8.9,1,0,0,1,0,0
6861,61,1,0,0.0,33.5,1,0.69,8.45,5.41,4.72,1,1,0,0,0,0
5457,82,0,0,3.0,32.7,0,0.65,4.84,8.29,6.76,0,0,0,0,0,0
5465,86,0,1,1.0,23.4,1,10.95,7.03,5.4,7.07,0,0,0,0,1,0
6585,63,1,0,1.0,16.0,0,13.69,0.48,8.97,6.54,0,0,0,1,0,0
5167,64,Female,0,3.0,33.5,0,16.45,4.17,1.58,6.25,0,1,0,0,0,0
5862,63,1,1,3.0,35.4,0,16.3,7.33,9.91,5.62,0,0,0,0,0,0
6656,89,1,0,3.0,28.2,1,11.49,0.79,6.58,7.68,1,0,0,0,0,0
6350,82,1,1,3.0,37.1,0,7.76,4.45,5.32,9.85,1,0,0,0,0,0
4830,89,0,2,2.0,38.1,0,18.07,5.2,1.21,5.11,0,0,0,0,0,0
5652,76,1,3,2.0,37.3,1,0.29,1.22,5.19,7.87,1,0,0,0,0,0
6006,84,1,0,0.0,20.8,0,5.3,0.56,0.98,6.49,1,0,0,1,0,0
5438,70,0,2,2.0,33.8,1,11.27,3.68,4.99,4.05,0,0,0,0,0,0
4917,60,0,1,1.0,27.8,1,19.52,4.44,4.98,5.13,0,0,0,0,0,0
6381,74,0,2,1.0,20.9,0,17.64,7.94,1.56,6.53,1,1,0,1,0,0
4980,72,Male,3,2.0,36.1,0,10.91,3.98,4.73,6.01,0,0,0,0,0,0
6498,83,1,0,1.0,38.0,Yes,8.98,6.71,0.03,7.04,0,0,0,0,0,0
5543,62,1,0,1.0,39.7,0,12.34,2.39,4.34,6.56,0,0,0,1,0,0
6785,61,0,0,1.0,22.4,1,19.32,8.4,7.18,5.8,0,0,0,0,0,1
6690,64,Male,0,0.0,20.2,0,14.33,4.53,7.22,8.68,0,0,0,1,0,0
6575,61,1,0,1.0,19.4,0,9.78,9.43,2.01,6.63,0,0,1,0,0,0
5491,90,0,1,0.0,29.2,0,15.81,1.43,9.42,7.86,1,0,1,1,0,0
4851,78,0,0,0.0,18.5,0,4.86,0.48,5.57,4.18,0,0,0,1,0,0
5041,69,1,2,2.0,17.6,0,2.72,1.0,1.89,4.01,0,1,0,0,0,0
6530,64,0,0,1.0,17.9,1,2.31,3.93,1.13,8.51,0,0,0,1,0,0
5195,84,1,2,1.0,32.4,0,13.94,4.68,0.22,5.72,0,1,0,0,1,0
5629,81,0,0,1.0,30.4,0,1.39,4.66,2.77,8.9,0,0,1,0,0,1
6206,83,1,0,3.0,23.7,0,10.04,9.93,8.1,4.02,0,0,0,0,0,0
5828,72,1,0,3.0,31.1,0,15.14,5.47,3.39,10.0,1,1,1,0,0,0
5490,88,1,0,1.0,23.9,0,16.87,9.56,7.94,9.69,0,0,1,0,0,0
5142,86,0,0,1.0,30.6,0,15.28,1.42,9.86,9.48,0,0,0,0,0,0
4837,87,Female,0,0.0,21.0,1,2.6,7.79,3.75,5.28,0,0,0,1,0,0
6869,70,0,0,1.0,37.1,1,12.8,3.52,6.79,5.92,0,0,1,0,0,0
5417,78,Female,1,0.0,,0,17.22,4.32,8.12,9.13,0,0,0,0,0,0
6026,73,0,0,0.0,38.7,Yes,11.15,0.98,8.08,7.71,0,0,0,0,1,0
6562,71,Female,0,0.0,39.6,1,16.77,6.02,3.1,5.58,1,1,0,0,0,0
6274,62,0,0,0.0,38.8,0,5.05,0.22,4.05,6.64,1,0,0,0,0,0
6808,86,0,2,3.0,22.1,1,4.1,6.49,2.18,9.79,0,1,1,0,0,0
5226,67,0,0,2.0,29.0,1,1.23,9.58,0.98,4.96,0,0,0,0,0,0
6445,60,1,0,0.0,39.3,0,15.83,3.69,2.05,8.35,0,0,0,0,0,0
6046,89,0,0,2.0,25.2,0,7.07,2.49,5.06,8.76,1,0,1,0,0,0
4795,82,Male,0,1.0,19.5 kg/m2,0,13.39,4.58,6.76,10.0,0,0,0,0,0,0
5539,75,1,0,2.0,33.4,1,2.8,0.27,2.1,9.33,1,0,0,0,0,0
5753,74,1,0,2.0,16.1,1,19.59,7.09,3.05,6.97,0,0,0,0,0,1
5888,73,Male,1,2.0,20.0,0,5.75,8.4,0.53,7.11,0,0,0,0,0,0
4775,64,1,0,1.0,15.5,1,9.78,7.2,6.22,6.73,0,0,0,0,0,0
5986,74,1,0,2.0,15.1,0,19.31,1.13,5.34,7.01,1,0,0,0,0,0
6395,86,0,0,0.0,24.2,1,18.73,8.99,2.81,7.48,1,1,0,0,0,0
5583,66,0,0,2.0,39.2,0,9.9,7.23,9.35,6.19,0,0,0,1,0,0
5944,68,Female,0,3.0,36.2,0,13.45,7.7,2.49,9.75,0,0,0,0,0,0
5342,60,1,1,0.0,16.3,0,3.62,2.3,1.42,6.49,1,0,0,0,0,0
6221,73,1,0,1.0,31.2,0,15.97,4.12,3.05,5.67,0,0,1,0,0,0
5724,80,1,1,1.0,37.5 kg/m2,1,12.34,7.56,1.01,7.89,1,1,0,0,0,0
6371,87,1,0,3.0,27.0,0,3.43,5.32,5.14,6.54,0,0,1,1,0,0
6295,77,Female,2,3.0,22.4,0,10.49,2.58,3.95,4.93,0,0,0,1,0,1
5807,67,0,0,1.0,19.9,0,18.7,7.03,3.79,6.53,1,0,0,0,0,1
6386,72,0,0,0.0,28.5,0,4.82,8.47,9.25,4.69,0,0,0,0,0,0
4860,60,1,0,2.0,25.0,0,18.45,3.72,3.8,5.4,0,0,0,0,0,0
5911,72,0,1,0.0,38.6,1,15.43,4.44,1.14,5.39,1,0,0,0,0,0
6105,76,0,3,2.0,30.9,1,0.07,0.22,6.33,6.65,1,0,0,0,0,0
4973,87,1,0,0.0,15.2,0,2.95,2.86,8.11,7.97,0,0,0,0,0,0
5803,78,1,1,1.0,22.8,1,19.61,3.86,5.55,6.19,0,0,0,0,0,0
6062,60,1,0,0.0,33.4,0,6.78,8.3,5.61,8.74,1,0,0,0,1,0
5473,90,0,2,2.0,24.4,0,4.27,6.33,3.69,7.15,0,1,0,1,0,0
4806,77,0,0,0.0,28.5,1,16.47,8.12,3.7,4.14,0,0,0,1,0,0
5306,63,1,0,1.0,25.4,1,10.68,2.72,0.82,6.91,0,0,0,0,0,0
5004,82,1,0,1.0,28.4,0,0.62,7.49,7.68,9.61,0,1,0,0,1,0
6867,87,1,0,1.0,30.4,0,6.32,2.3,2.98,4.25,0,0,0,0,0,0
6597,73,1,0,1.0,17.2,0,8.04,6.75,0.21,6.16,1,0,1,0,1,1
5823,75,1,0,1.0,37.5,1,12.22,0.73,0.51,8.6,0,0,0,0,0,0
6370,63,1,1,1.0,38.4,0,0.12,0.5,1.05,7.82,0,0,0,0,0,0
6243,88,1,0,0.0,21.7,1,3.77,6.19,1.55,6.9,0,0,0,0,0,0
5393,66,0,3,1.0,28.2,1,12.85,8.92,6.8,7.58,0,0,0,0,1,0
5296,75,1,0,1.0,27.8,0,15.93,9.63,2.42,7.55,0,1,0,0,0,1
5228,77,1,0,2.0,30.3,0,14.7,8.08,1.0,8.95,0,0,0,0,0,0
5700,71,0,0,2.0,16.5,0,11.64,3.97,6.46,4.41,1,0,0,0,0,0
6322,64,1,0,2.0,16.4,0,5.67,0.79,6.84,4.52,0,0,0,1,0,0
5594,88,1,0,0.0,37.0,0,11.77,1.68,4.27,4.84,0,0,1,0,0,0
4814,64,0,0,2.0,26.5,0,16.92,0.83,9.61,9.99,0,0,1,0,0,0
5164,67,Female,0,3.0,26.1,1,18.35,5.26,7.16,6.94,1,0,1,0,0,0
5135,75,0,2,2.0,22.8,0,7.69,6.15,8.31,5.06,1,0,0,0,1,0
6077,67,1,1,2.0,20.7,0,7.09,4.64,3.78,4.11,0,1,0,0,0,0
5725,76,Female,1,3.0,18.6,0,9.63,4.14,6.38,9.99,0,1,0,0,0,0
6097,70,1,1,2.0,25.7,0,17.47,2.44,7.62,7.01,0,0,1,0,0,0
5635,87,0,0,1.0,26.4,1,1.61,5.37,2.53,9.79,0,0,0,0,0,0
5202,69,1,0,3.0,38.6,1,5.89,2.27,7.29,9.26,0,1,0,0,0,0
6791,88,1,0,1.0,,0,4.45,4.02,7.75,9.11,0,0,1,0,0,0
6009,63,0,0,2.0,32.6,0,4.65,7.75,7.51,8.16,0,1,0,0,0,0
6699,76,1,0,0.0,31.4,0,13.95,9.54,8.93,8.93,1,0,1,1,0,0
5407,67,1,0,1.0,22.9,1,0.95,1.16,2.93,6.78,0,0,0,0,0,0
6630,88,0,0,0.0,24.1,0,14.03,2.98,9.65,8.56,0,0,0,0,0,0
6332,83,0,2,0.0,16.8,0,9.26,7.69,1.14,8.26,0,0,0,0,0,0
6237,70,0,1,1.0,16.8,0,7.07,5.66,6.42,5.88,1,0,1,0,0,0
6199,61,0,0,1.0,18.1,0,16.19,5.98,3.8,4.95,0,1,0,1,1,0
6236,66,1,1,1.0,36.2 kg/m2,Yes,16.73,2.22,1.66,8.47,0,0,0,0,0,0
6078,87,Male,0,2.0,38.9,0,17.97,7.72,2.58,4.38,0,0,0,1,0,1
5120,87,0,0,1.0,31.7,1,8.33,3.57,0.38,8.02,0,0,0,1,0,0
5440,62,0,0,1.0,38.4,0,2.51,5.03,6.04,7.36,1,0,0,0,0,0
4970,88,0,3,2.0,17.7,1,9.94,2.71,2.24,8.28,0,1,0,0,0,0
4828,90,Female,2,2.0,21.3,0,3.38,9.28,2.61,8.9,1,0,0,0,0,0
5620,78,0,3,1.0,32.6,1,15.97,6.33,9.25,6.0,1,0,0,0,0,0
5201,61,1,3,3.0,34.9,0,10.23,1.22,1.21,4.55,0,0,0,0,0,0
5770,69,0,1,2.0,29.7,1,1.8,3.43,0.06,8.24,0,0,0,0,0,0
6311,73,0,0,1.0,18.0,0,2.8,7.01,9.62,8.9,0,0,0,0,0,0
6730,83,1,0,2.0,29.7,0,18.7,2.18,3.34,6.49,1,0,0,0,0,0
5447,64,1,3,0.0,34.8,1,3.32,3.82,9.72,8.68,1,0,0,1,0,0
6492,84,0,1,3.0,15.1,0,4.51,0.32,1.58,4.95,0,0,0,1,0,0
5562,85,0,0,1.0,29.0,0,10.82,2.83,3.1,8.21,0,0,0,0,0,0
5661,83,1,0,0.0,31.4,0,15.48,2.18,1.85,4.53,0,0,0,0,0,0
6272,87,0,0,0.0,39.3,0,4.84,1.9,6.99,8.56,0,0,0,1,0,0
5800,90,Male,1,3.0,31.4,0,1.0,7.11,5.33,4.98,0,0,0,0,0,0
5256,73,0,2,1.0,20.3,No,1.14,7.37,7.58,4.92,0,0,0,1,1,0
5156,65,0,1,2.0,35.1,0,19.55,9.64,8.11,8.76,1,0,0,0,0,0
4934,89,0,0,1.0,38.1,0,4.17,7.49,0.7,9.59,1,1,0,0,1,1
6627,68,1,0,1.0,25.0,1,1.59,9.18,9.1,8.28,0,0,0,0,0,0
6468,60,0,0,1.0,23.9,0,15.87,3.5,0.16,5.19,0,0,0,0,0,0
5360,76,0,0,2.0,18.5,0,9.62,1.75,6.94,7.35,0,1,0,0,1,0
6784,83,1,0,,30.8,No,18.06,0.71,5.91,5.63,0,0,0,0,0,0
6719,73,M,1,3.0,21.1,0,7.16,7.98,6.63,6.2,1,0,1,0,0,0
4771,82,1,0,0.0,36.2,0,4.19,6.38,7.97,9.52,0,1,0,0,0,0
6176,76,1,2,2.0,20.0,1,11.62,9.26,0.35,6.75,0,0,0,0,0,0
6341,86,0,1,1.0,33.1,0,17.9,9.74,6.04,8.91,0,0,0,0,0,1
5078,62,1,0,1.0,27.2,0,19.33,5.96,0.28,8.69,1,0,0,0,0,0
6625,87,0,0,1.0,20.0,0,10.08,5.33,0.76,7.62,0,0,0,0,0,0
5394,84,0,1,0.0,23.4,1,8.01,3.32,9.79,6.27,0,0,1,0,0,0
5017,78,1,3,0.0,39.8,0,4.42,9.07,5.41,9.83,0,0,0,0,0,0
6641,75,1,2,1.0,31.7,0,2.3,4.62,1.06,9.38,0,0,0,0,0,1
6507,80,1,3,2.0,28.0,1,7.84,5.59,6.0,5.78,0,0,0,0,0,0
5616,89,1,0,1.0,37.9,0,12.62,3.93,5.73,8.22,0,0,1,1,0,0
6882,79,1,1,0.0,16.8,0,5.1,0.57,7.37,9.52,1,0,0,0,0,0
6834,66,0,3,0.0,22.0,0,12.82,5.35,7.15,9.31,0,0,1,0,0,1
5240,66,Female,1,3.0,30.7,No,7.65,1.27,3.64,8.31,0,0,0,0,0,0
5357,73,1,0,0.0,28.2,0,9.16,3.66,5.95,4.11,0,0,0,1,0,0
6489,89,0,0,1.0,34.3,1,3.12,8.44,5.82,4.07,0,0,0,1,0,1
4903,79,1,1,1.0,34.5,0,2.36,8.41,4.97,8.85,1,0,0,1,0,0
5640,78,1,0,1.0,23.9 kg/m2,1,17.67,1.46,4.57,6.63,0,0,0,0,0,0
6877,75,1,1,1.0,35.8,0,13.04,2.6,4.28,9.51,0,0,0,0,1,1
5020,65,0,0,1.0,29.4,0,9.43,5.28,9.76,6.86,1,0,0,0,0,0
4847,64,0,0,2.0,27.2,Yes,14.35,2.52,6.07,5.2,0,0,0,0,0,0
5715,90,F,3,2.0,28.3 kg/m2,0,10.01,2.41,0.84,7.68,1,0,0,0,0,0
6550,67,1,0,3.0,20.4,0,8.55,5.72,0.38,5.69,1,0,0,1,0,1
5622,65,Male,0,0.0,22.1,1,5.33,2.19,0.61,4.25,0,0,0,0,0,0
6323,74,0,0,1.0,33.8,No,3.25,4.53,2.37,4.31,1,0,1,0,0,0
5283,66,1,0,2.0,31.8,No,18.61,7.82,7.69,9.95,0,1,0,0,0,0
5818,63,0,0,2.0,31.8,1,17.68,1.92,6.34,8.28,0,0,0,0,0,0
5850,64,1,0,2.0,22.5,0,4.37,0.43,3.19,6.46,1,1,0,0,0,0
5466,81,1,0,1.0,34.1,0,1.38,3.02,6.76,9.43,1,0,1,0,0,1
6885,62,1,0,1.0,23.9,1,10.33,3.17,0.53,5.01,1,0,0,0,0,0
6289,82,0,0,2.0,34.8,0,18.8,7.3,5.41,6.65,1,0,0,1,0,0
6889,71,0,0,2.0,36.8,0,16.14,6.83,6.79,8.64,0,0,0,0,0,0
5220,83,Male,0,1.0,29.2,0,19.36,8.19,6.52,8.42,1,0,0,0,0,0
5315,72,0,2,2.0,32.3,0,2.7,7.47,4.37,4.84,0,1,1,0,0,0
6549,78,Male,0,2.0,32.9,0,16.46,4.66,8.27,7.47,0,0,0,0,0,0
5212,85,Female,0,1.0,34.4,0,19.89,1.96,8.2,8.56,0,0,0,0,0,0
6028,88,1,0,1.0,29.5,0,6.37,1.93,0.03,7.87,0,0,0,1,0,0
6546,76,1,0,1.0,37.4 kg/m2,0,7.08,1.18,0.41,4.37,0,0,0,0,1,1
6620,74,0,0,1.0,25.8,No,10.29,2.17,3.96,4.72,0,0,0,0,0,0
6144,79,0,1,1.0,34.2,0,10.71,2.95,5.45,9.22,0,0,0,0,0,0
6096,90,0,0,1.0,38.9,0,17.96,1.58,6.77,8.75,0,0,0,1,0,0
5446,90,1,2,2.0,33.0,0,17.66,0.08,6.64,5.81,0,0,0,0,0,0
5926,81,1,0,0.0,35.8,0,6.38,0.21,7.69,7.72,1,1,0,0,0,0
6503,87,0,1,3.0,36.8,1,13.48,6.66,0.02,8.42,0,0,0,0,0,0
5679,71,1,0,2.0,15.0,0,3.17,5.86,7.92,7.61,1,0,0,0,1,0
5965,87,0,0,,29.2,1,1.62,9.46,2.06,7.6,0,0,0,0,0,0
6123,87,0,0,1.0,21.7,0,0.72,0.56,1.69,4.86,0,0,0,0,0,0
4994,70,0,0,2.0,23.2,0,8.45,6.18,9.93,4.15,0,0,0,0,0,1
6430,68,1,0,0.0,28.9,0,7.04,9.48,6.4,9.86,0,0,0,1,0,0
6063,67,0,0,3.0,20.1,1,10.25,6.03,9.22,4.54,0,0,0,0,0,1
5399,63,0,0,2.0,39.1,0,18.86,4.36,1.13,6.75,0,0,0,0,0,0
5064,83,1,0,2.0,15.3,1,8.05,1.29,3.03,6.84,0,0,0,0,0,0
4906,82,1,3,1.0,31.6,0,8.35,7.82,1.95,6.15,1,1,0,0,0,0
6054,88,Female,0,0.0,37.2,1,9.82,4.04,5.19,6.41,1,1,0,0,0,0
5901,82,0,0,1.0,,0,16.94,9.02,5.83,6.36,0,0,0,1,1,0
6552,61,0,0,3.0,39.1,0,1.87,0.26,8.56,8.96,0,0,0,0,0,0
5797,75,1,0,,19.6,1,2.0,5.72,5.14,5.05,1,0,0,1,0,0
6391,74,0,0,3.0,30.0,1,7.67,7.64,7.1,6.6,0,0,0,0,0,0
6057,70,0,2,1.0,35.3,0,16.49,2.95,2.83,7.92,1,0,0,1,0,0
6678,83,1,0,1.0,32.6,1,2.75,2.61,1.77,9.91,0,0,1,0,0,0
6246,90,1,1,1.0,32.3,0,7.07,3.97,0.37,4.83,0,1,0,0,0,1
4776,77,0,1,0.0,39.1,0,0.95,8.94,0.04,9.58,1,0,1,0,0,0
4766,69,0,0,1.0,18.0,0,8.12,2.96,7.57,6.74,0,0,0,0,0,1
6072,82,0,0,2.0,26.2,0,4.04,6.72,0.31,7.95,0,1,0,0,0,1
5634,84,0,0,0.0,39.6,1,18.64,8.03,3.56,7.3,1,1,1,1,0,1
6111,60,1,0,2.0,36.0,Yes,6.48,8.66,2.4,8.68,0,0,0,0,0,0
6595,83,1,2,1.0,24.5,0,10.33,0.76,7.07,5.37,0,0,0,1,0,0
6363,74,1,0,3.0,28.4,1,4.19,6.79,7.56,9.2,0,0,1,0,0,1
5248,86,0,1,1.0,17.1,1,13.94,5.35,6.28,6.26,0,0,0,0,0,0
5266,71,0,0,0.0,20.7,0,7.05,8.22,8.12,6.63,0,0,0,0,0,0
6899,72,0,0,2.0,,0,7.89,6.57,7.94,9.88,0,0,0,0,0,0
6229,82,1,0,1.0,33.8,0,10.68,2.04,0.86,8.49,0,0,0,0,0,0
6162,87,0,0,1.0,16.8,1,18.48,5.69,1.87,9.57,1,0,1,0,0,1
5846,82,0,1,3.0,25.5,0,15.43,4.15,9.61,5.24,0,0,0,0,0,0
5293,72,0,0,2.0,24.3,0,2.76,2.94,2.22,8.14,0,0,1,0,0,0
5384,67,1,0,1.0,28.1,0,3.48,3.63,3.73,7.6,0,0,0,0,0,0
5182,66,0,1,1.0,36.7,0,13.38,9.44,0.91,9.81,0,0,0,0,1,1
5479,68,0,1,0.0,26.5,1,7.18,3.98,9.27,4.22,0,0,0,0,0,0
6039,78,1,0,1.0,25.6,0,9.93,1.5,5.73,7.0,1,0,0,0,0,0
5067,82,0,1,1.0,29.5,Yes,6.18,5.82,4.03,7.48,1,0,0,0,0,0
6671,81,0,2,2.0,20.8,0,7.25,2.83,1.47,8.4,1,0,0,0,0,1
6088,70,Female,0,2.0,17.0,0,16.91,5.35,7.61,8.45,0,0,1,0,0,0
5070,76,1,0,0.0,33.6 kg/m2,0,5.28,9.48,2.87,6.42,0,0,0,0,0,0
5782,87,0,1,1.0,16.7,1,13.48,5.48,1.57,6.99,0,0,0,0,0,0
6776,74,1,1,0.0,19.4,0,0.18,3.48,2.54,5.15,0,0,0,0,1,0
5861,66,0,0,2.0,25.7,0,11.47,0.38,8.31,6.5,0,0,1,0,0,0
6639,77,0,3,0.0,37.4,0,17.39,4.36,8.82,8.28,0,0,0,0,0,0
6278,85,0,0,1.0,17.0,0,19.12,0.46,8.36,4.38,0,1,1,1,0,0
5504,82,1,0,0.0,15.6,0,1.23,8.39,7.38,6.5,0,0,0,0,0,0
5313,90,Male,0,2.0,21.6,0,1.45,6.93,8.17,8.77,0,0,0,0,1,0
5419,76,1,0,1.0,36.9,No,17.54,7.88,6.56,9.58,0,1,0,1,1,0
5003,79,0,2,1.0,26.8,0,6.01,1.5,0.14,4.37,0,0,0,0,0,0
5108,78,0,0,2.0,21.7,0,16.54,9.85,1.07,4.27,0,0,0,0,0,1
6029,77,1,1,2.0,26.0,0,6.79,8.05,3.27,6.87,1,0,0,0,0,0
6051,78,1,0,1.0,35.7,0,14.96,0.13,6.77,9.34,0,1,0,0,0,0
5953,73,0,0,2.0,28.3,0,16.78,7.44,3.48,4.91,0,0,0,0,0,0
4880,63,0,3,2.0,21.6,1,13.3,0.84,0.01,5.31,0,0,0,0,0,0
4895,63,1,0,2.0,26.2,0,16.75,7.88,1.36,4.06,0,0,0,0,0,0
5711,64,1,0,2.0,30.1,1,7.14,0.81,9.13,7.06,0,0,0,0,0,0
5656,61,1,1,2.0,34.5,0,1.3,9.17,1.66,8.79,1,0,0,1,0,0
5847,74,0,0,2.0,30.5 kg/m2,1,10.88,6.77,7.65,9.7,0,0,0,0,0,0
4986,90,0,1,0.0,17.4,1,3.54,9.25,9.24,7.99,0,0,0,0,0,0
5812,88,0,0,1.0,38.9,1,2.26,9.23,8.98,6.13,0,0,0,0,0,0
